receta_uuid,receta_titulo,ingrediente_id,ingrediente_linea,cantidad_original,cantidad_conv,cantidad_min,cantidad_max,unidad,ingrediente_nombre,tcac_alimento_codigo,tcac_alimento_nombre,match_method,match_score,cantidad_gramos_est
86af61e4-e16a-11ed-9591-a96d6180cd25,Arepas de Queso,1,1 taza de harina de arepa blanca o amarilla,1,1.0,,,taza,harina de arepa blanca o amarilla,,,,,
86af61e4-e16a-11ed-9591-a96d6180cd25,Arepas de Queso,2,1 taza de agua tibia,1,1.0,,,taza,agua tibia,,,,,
86af61e4-e16a-11ed-9591-a96d6180cd25,Arepas de Queso,3,⅓ taza de queso mozzarella o queso blanco rallado,⅓,0.3333333333,,,taza,queso mozzarella o queso blanco rallado,,,,,
86af61e4-e16a-11ed-9591-a96d6180cd25,Arepas de Queso,4,2 cucharadas de mantequilla,2,2.0,,,cucharadas,mantequilla,,,,,
86af61e4-e16a-11ed-9591-a96d6180cd25,Arepas de Queso,5,Sal,,,,,,Sal,,,,,
86af61e5-e16a-11ed-abef-a96d6180cd25,Sudado de Pollo,1,8 muslos de pollo sin la piel,8,8.0,,,,muslos de pollo sin la piel,,,,,
86af61e5-e16a-11ed-abef-a96d6180cd25,Sudado de Pollo,2,1 cucharada de aceite vegetal,1,1.0,,,cucharada,aceite vegetal,,,,,
86af61e5-e16a-11ed-abef-a96d6180cd25,Sudado de Pollo,3,½ taza de cebolla picada,½,0.5,,,taza,cebolla picada,,,,,
86af61e5-e16a-11ed-abef-a96d6180cd25,Sudado de Pollo,4,½ de taza de pimientón rojo picado,½,0.5,,,,de taza de pimientón rojo picado,,,,,
86af61e5-e16a-11ed-abef-a96d6180cd25,Sudado de Pollo,5,1 diente de ajo picado,1,1.0,,,diente,ajo picado,,,,,
86af61e5-e16a-11ed-abef-a96d6180cd25,Sudado de Pollo,6,2 tazas de tomate picado,2,2.0,,,tazas,tomate picado,,,,,
86af61e5-e16a-11ed-abef-a96d6180cd25,Sudado de Pollo,7,1 cucharada de Sazón con azafran,1,1.0,,,cucharada,Sazuón con azafran,,,,,
86af61e5-e16a-11ed-abef-a96d6180cd25,Sudado de Pollo,8,½ cucharadita de comino en polvo,½,0.5,,,cucharadita,comino en polvo,,,,,
86af61e5-e16a-11ed-abef-a96d6180cd25,Sudado de Pollo,9,½ de taza de cilantro fresco picado,½,0.5,,,,de taza de cilantro fresco picado,,,,,
86af61e5-e16a-11ed-abef-a96d6180cd25,Sudado de Pollo,10,½ de cucharadita de sal,½,0.5,,,,de cucharadita de sal,,,,,
86af61e5-e16a-11ed-abef-a96d6180cd25,Sudado de Pollo,11,½ cucharadita de pimienta,½,0.5,,,cucharadita,pimienta,,,,,
86af61e5-e16a-11ed-abef-a96d6180cd25,Sudado de Pollo,12,8 papas pequeñas amarillas peladas y cortadas por la mitad,8,8.0,,,,papas pequeuñas amarillas peladas y cortadas por la mitad,,,,,
86af61e5-e16a-11ed-abef-a96d6180cd25,Sudado de Pollo,13,3 tazas de caldo de pollo,3,3.0,,,tazas,caldo de pollo,,,,,
86af61e6-e16a-11ed-bcf5-a96d6180cd25,Sancocho Trifásico,1,1 taza de cebolla picada,1,1.0,,,taza,cebolla picada,,,,,
86af61e6-e16a-11ed-bcf5-a96d6180cd25,Sancocho Trifásico,2,1 pimientón rojo finamente picado,1,1.0,,,,pimientón rojo finamente picado,,,,,
86af61e6-e16a-11ed-bcf5-a96d6180cd25,Sancocho Trifásico,3,4 dientes de ajo picados,4,4.0,,,dientes,ajo picados,,,,,
86af61e6-e16a-11ed-bcf5-a96d6180cd25,Sancocho Trifásico,4,1 cucharadita de comino molido,1,1.0,,,cucharadita,comino molido,,,,,
86af61e6-e16a-11ed-bcf5-a96d6180cd25,Sancocho Trifásico,5,Un cuarto de cucharadita de achiote,,,,,,Un cuarto de cucharadita de achiote,,,,,
86af61e6-e16a-11ed-bcf5-a96d6180cd25,Sancocho Trifásico,6,3 mazorcas de maíz cortado en 3 piezas,3,3.0,,,,mazorcas de maíz cortado en 3 piezas,,,,,
86af61e6-e16a-11ed-bcf5-a96d6180cd25,Sancocho Trifásico,7,12 tazas de agua o más si es necesario,12,12.0,,,tazas,agua o más si es necesario,,,,,
86af61e6-e16a-11ed-bcf5-a96d6180cd25,Sancocho Trifásico,8,8 piezas de pollo,8,8.0,,,,piezas de pollo,,,,,
86af61e6-e16a-11ed-bcf5-a96d6180cd25,Sancocho Trifásico,9,1 libra de carne de cerdo o costillas de cerdo,1,1.0,,,libra,carne de cerdo o costillas de cerdo,,,,,
86af61e6-e16a-11ed-bcf5-a96d6180cd25,Sancocho Trifásico,10,1 libra de carne de res cortada en trozos,1,1.0,,,libra,carne de res cortada en trozos,,,,,
86af61e6-e16a-11ed-bcf5-a96d6180cd25,Sancocho Trifásico,11,2 plátanos verdes pelados y cortados transversalmente en pedazos de 2 pulgadas,2,2.0,,,,plátanos verdes pelados y cortados transversalmente en pedazos de 2 pulgadas,,,,,
86af61e6-e16a-11ed-bcf5-a96d6180cd25,Sancocho Trifásico,12,4 papas blancas medianas peladas y cortadas por la mitad,4,4.0,,,,papas blancas medianas peladas y cortadas por la mitad,,,,,
86af61e6-e16a-11ed-bcf5-a96d6180cd25,Sancocho Trifásico,13,1 libra de yuca en trozos grandes,1,1.0,,,libra,yuca en trozos grandes,,,,,
86af61e6-e16a-11ed-bcf5-a96d6180cd25,Sancocho Trifásico,14,Un cuarto de taza de cilantro fresco picado,,,,,,Un cuarto de taza de cilantro fresco picado,,,,,
86af61e6-e16a-11ed-bcf5-a96d6180cd25,Sancocho Trifásico,15,Un cuarto de cucharadita de pimienta molida,,,,,,Un cuarto de cucharadita de pimienta molida,,,,,
86af61e6-e16a-11ed-bcf5-a96d6180cd25,Sancocho Trifásico,16,1 cucharadita de sal,1,1.0,,,cucharadita,sal,,,,,
86af61e7-e16a-11ed-8914-a96d6180cd25,Sudado de Posta o Muchacho,1,"1 posta o muchacho de 3 a 4 libras, cortada en rodajas gruesas",1,1.0,,,,"posta o muchacho de 3 a 4 libras, cortada en rodajas gruesas",,,,,
86af61e7-e16a-11ed-8914-a96d6180cd25,Sudado de Posta o Muchacho,2,2 tazas de caldo de carne,2,2.0,,,tazas,caldo de carne,,,,,
86af61e7-e16a-11ed-8914-a96d6180cd25,Sudado de Posta o Muchacho,3,3 tazas de agua,3,3.0,,,tazas,agua,,,,,
86af61e7-e16a-11ed-8914-a96d6180cd25,Sudado de Posta o Muchacho,4,1 taza de salsa de aliños ver la receta aquí,1,1.0,,,taza,salsa de aliños ver la receta aquí,,,,,
86af61e7-e16a-11ed-8914-a96d6180cd25,Sudado de Posta o Muchacho,5,2 tazas de tomate picado,2,2.0,,,tazas,tomate picado,,,,,
86af61e7-e16a-11ed-8914-a96d6180cd25,Sudado de Posta o Muchacho,6,1 cucharadita de comino en polvo,1,1.0,,,cucharadita,comino en polvo,,,,,
86af61e7-e16a-11ed-8914-a96d6180cd25,Sudado de Posta o Muchacho,7,½ cucharadita de sazón con el color,½,0.5,,,cucharadita,sazón con el color,,,,,
86af61e7-e16a-11ed-8914-a96d6180cd25,Sudado de Posta o Muchacho,8,Sal y pimienta al gusto,,,,,,Sal y pimienta al gusto,,,,,
86af61e7-e16a-11ed-8914-a96d6180cd25,Sudado de Posta o Muchacho,9,8 papas pequeñas enteras peladas,8,8.0,,,,papas pequeñas enteras peladas,,,,,
86af61e7-e16a-11ed-8914-a96d6180cd25,Sudado de Posta o Muchacho,10,½ libra de yuca fresca o congelada,½,0.5,,,libra,yuca fresca o congelada,,,,,
86af61e7-e16a-11ed-8914-a96d6180cd25,Sudado de Posta o Muchacho,11,Cilantro fresco,,,,,,Cilantro fresco,,,,,
86af71bc-e16a-11ed-b130-a96d6180cd25,Sopa de Lentejas Colombiana,1,1 cucharadita de aceite vegetal,1,1.0,,,cucharadita,aceite vegetal,,,,,
86af71bc-e16a-11ed-b130-a96d6180cd25,Sopa de Lentejas Colombiana,2,1 taza de chorizo en rodajas,1,1.0,,,taza,chorizo en rodajas,,,,,
86af71bc-e16a-11ed-b130-a96d6180cd25,Sopa de Lentejas Colombiana,3,½ taza de cebolla picada,½,0.5,,,taza,cebolla picada,,,,,
86af71bc-e16a-11ed-b130-a96d6180cd25,Sopa de Lentejas Colombiana,4,1 diente de ajo picado,1,1.0,,,diente,ajo picado,,,,,
86af71bc-e16a-11ed-b130-a96d6180cd25,Sopa de Lentejas Colombiana,5,½ taza de cebolla larga picada,½,0.5,,,taza,cebolla larga picada,,,,,
86af71bc-e16a-11ed-b130-a96d6180cd25,Sopa de Lentejas Colombiana,6,½ taza de tomates picados,½,0.5,,,taza,tomates picados,,,,,
86af71bc-e16a-11ed-b130-a96d6180cd25,Sopa de Lentejas Colombiana,7,5 tazas de agua,5,5.0,,,tazas,agua,,,,,
86af71bc-e16a-11ed-b130-a96d6180cd25,Sopa de Lentejas Colombiana,8,1 taza de lentejas,1,1.0,,,taza,lentejas,,,,,
86af71bc-e16a-11ed-b130-a96d6180cd25,Sopa de Lentejas Colombiana,9,½ cucharadita de sal,½,0.5,,,cucharadita,sal,,,,,
86af71bc-e16a-11ed-b130-a96d6180cd25,Sopa de Lentejas Colombiana,10,½ cucharadita de pimienta,½,0.5,,,cucharadita,pimienta,,,,,
86af71bc-e16a-11ed-b130-a96d6180cd25,Sopa de Lentejas Colombiana,11,½ taza de zanahorias ralladas,½,0.5,,,taza,zanahorias ralladas,,,,,
86af71bc-e16a-11ed-b130-a96d6180cd25,Sopa de Lentejas Colombiana,12,½ taza de papas cortadas en trozos,½,0.5,,,taza,papas cortadas en trozos,,,,,
86af71bc-e16a-11ed-b130-a96d6180cd25,Sopa de Lentejas Colombiana,13,½ cucharadita de comino en polvo,½,0.5,,,cucharadita,comino en polvo,,,,,
86af71bd-e16a-11ed-be2a-a96d6180cd25,Camarones con Salsa de Cilantro,1,4 cucharadas de aceite de oliva,4,4.0,,,cucharadas,aceite de oliva,,,,,
86af71bd-e16a-11ed-be2a-a96d6180cd25,Camarones con Salsa de Cilantro,2,4 dientes de ajo finamente picados,4,4.0,,,dientes,ajo finamente picados,,,,,
86af71bd-e16a-11ed-be2a-a96d6180cd25,Camarones con Salsa de Cilantro,3,1 cucharaditas de hojuelas de pimientón rojo,1,1.0,,,cucharaditas,hojuelas de pimientón rojo,,,,,
86af71bd-e16a-11ed-be2a-a96d6180cd25,Camarones con Salsa de Cilantro,4,1 cucharadita de comino molido,1,1.0,,,cucharadita,comino molido,,,,,
86af71bd-e16a-11ed-be2a-a96d6180cd25,Camarones con Salsa de Cilantro,5,1 libra de camarones pelados y limpios,1,1.0,,,libra,camarones pelados y limpios,,,,,
86af71bd-e16a-11ed-be2a-a96d6180cd25,Camarones con Salsa de Cilantro,6,1 taza de cilantro fresco,1,1.0,,,taza,cilantro fresco,,,,,
86af71bd-e16a-11ed-be2a-a96d6180cd25,Camarones con Salsa de Cilantro,7,2 cebollas largas picadas,2,2.0,,,,cebollas largas picadas,,,,,
86af71bd-e16a-11ed-be2a-a96d6180cd25,Camarones con Salsa de Cilantro,8,2 tazas de crema de leche,2,2.0,,,tazas,crema de leche,,,,,
86af71bd-e16a-11ed-be2a-a96d6180cd25,Camarones con Salsa de Cilantro,9,Sal y pimienta al gusto,,,,,,Sal y pimienta al gusto,,,,,
86af71be-e16a-11ed-afa4-a96d6180cd25,Bistec a la Criolla,1,"2 libras de carne de bistec falda, cortado en 4 porciones iguales",2,2.0,,,libras,"carne de bistec falda, cortado en 4 porciones iguales",,,,,
86af71be-e16a-11ed-afa4-a96d6180cd25,Bistec a la Criolla,2,1 ½ cucharadas de aceite vegetal,1 ½,1.5,,,cucharadas,aceite vegetal,,,,,
86af71be-e16a-11ed-afa4-a96d6180cd25,Bistec a la Criolla,3,2 dientes de ajo picados,2,2.0,,,dientes,ajo picados,,,,,
86af71be-e16a-11ed-afa4-a96d6180cd25,Bistec a la Criolla,4,½ cucharada de mostaza,½,0.5,,,cucharada,mostaza,,,,,
86af71be-e16a-11ed-afa4-a96d6180cd25,Bistec a la Criolla,5,1 cucharada de comino molido,1,1.0,,,cucharada,comino molido,,,,,
86af71be-e16a-11ed-afa4-a96d6180cd25,Bistec a la Criolla,6,Sal y pimienta negra,,,,,,Sal y pimienta negra,,,,,
86af71be-e16a-11ed-afa4-a96d6180cd25,Bistec a la Criolla,7,2 cucharadas de cilantro fresco picado,2,2.0,,,cucharadas,cilantro fresco picado,,,,,
86af71be-e16a-11ed-afa4-a96d6180cd25,Bistec a la Criolla,8,2 tazas de hogao ver la receta aquí,2,2.0,,,tazas,hogao ver la receta aquí,,,,,
86af71bf-e16a-11ed-b6df-a96d6180cd25,Arepas de Yuca,1,1 libra de yuca cocida,1,1.0,,,libra,yuca cocida,,,,,
86af71bf-e16a-11ed-b6df-a96d6180cd25,Arepas de Yuca,2,Media taza de Masarepa,,,,,,Media taza de Masarepa,,,,,
86af71bf-e16a-11ed-b6df-a96d6180cd25,Arepas de Yuca,3,2 cucharadas de leche,2,2.0,,,cucharadas,leche,,,,,
86af71bf-e16a-11ed-b6df-a96d6180cd25,Arepas de Yuca,4,2 cucharadas de mantequilla derretida,2,2.0,,,cucharadas,mantequilla derretida,,,,,
86af71bf-e16a-11ed-b6df-a96d6180cd25,Arepas de Yuca,5,Un cuarto de taza de queso mozzarella rallado o queso blanco,,,,,,Un cuarto de taza de queso mozzarella rallado o queso blanco,,,,,
86af71bf-e16a-11ed-b6df-a96d6180cd25,Arepas de Yuca,6,Sal al gusto,,,,,,Sal al gusto,,,,,
86af71bf-e16a-11ed-b6df-a96d6180cd25,Arepas de Yuca,7,Mantequilla para cocinar las arepas,,,,,,Mantequilla para cocinar las arepas,,,,,
86af71c0-e16a-11ed-924d-a96d6180cd25,Sopa de Lentejas con Carne,1,1 taza de salsa de aliños ver receta aquí,1,1.0,,,taza,salsa de aliños ver receta aquí,,,,,
86af71c0-e16a-11ed-924d-a96d6180cd25,Sopa de Lentejas con Carne,2,2 zanahorias grandes peladas y cortadas en cubitos,2,2.0,,,,zanahorias grandes peladas y cortadas en cubitos,,,,,
86af71c0-e16a-11ed-924d-a96d6180cd25,Sopa de Lentejas con Carne,3,Sal y pimienta al gusto,,,,,,Sal y pimienta al gusto,,,,,
86af71c0-e16a-11ed-924d-a96d6180cd25,Sopa de Lentejas con Carne,4,1 libra de carne de res cortada en trozos,1,1.0,,,libra,carne de res cortada en trozos,,,,,
86af71c0-e16a-11ed-924d-a96d6180cd25,Sopa de Lentejas con Carne,5,½ libra de lentejas lavadas,½,0.5,,,libra,lentejas lavadas,,,,,
86af71c0-e16a-11ed-924d-a96d6180cd25,Sopa de Lentejas con Carne,6,8 tazas de caldo de carne,8,8.0,,,tazas,caldo de carne,,,,,
86af71c0-e16a-11ed-924d-a96d6180cd25,Sopa de Lentejas con Carne,7,½ cucharadita de achiote molido o color,½,0.5,,,cucharadita,achiote molido o color,,,,,
86af71c0-e16a-11ed-924d-a96d6180cd25,Sopa de Lentejas con Carne,8,1 cucharadita de comino molido,1,1.0,,,cucharadita,comino molido,,,,,
86af71c0-e16a-11ed-924d-a96d6180cd25,Sopa de Lentejas con Carne,9,3 papas blancas medianas peladas y en cubitos,3,3.0,,,,papas blancas medianas peladas y en cubitos,,,,,
86af71c0-e16a-11ed-924d-a96d6180cd25,Sopa de Lentejas con Carne,10,¼ taza de cilantro fresco picado,¼,0.25,,,taza,cilantro fresco picado,,,,,
86af71c1-e16a-11ed-9673-a96d6180cd25,Bistec Encebollado,1,2 libras de carne de falda o filete,2,2.0,,,libras,carne de falda o filete,,,,,
86af71c1-e16a-11ed-9673-a96d6180cd25,Bistec Encebollado,2,3 dientes de ajo picados,3,3.0,,,dientes,ajo picados,,,,,
86af71c1-e16a-11ed-9673-a96d6180cd25,Bistec Encebollado,3,Aceite de oliva,,,,,,Aceite de oliva,,,,,
86af71c1-e16a-11ed-9673-a96d6180cd25,Bistec Encebollado,4,1 cucharadita de mostaza,1,1.0,,,cucharadita,mostaza,,,,,
86af71c1-e16a-11ed-9673-a96d6180cd25,Bistec Encebollado,5,1 cucharada de comino,1,1.0,,,cucharada,comino,,,,,
86af71c1-e16a-11ed-9673-a96d6180cd25,Bistec Encebollado,6,Sal y pimienta,,,,,,Sal y pimienta,,,,,
86af71c1-e16a-11ed-9673-a96d6180cd25,Bistec Encebollado,7,2 cebollas pequeñas en rodajas finas,2,2.0,,,,cebollas pequeñas en rodajas finas,,,,,
86af71c1-e16a-11ed-9673-a96d6180cd25,Bistec Encebollado,8,2 cucharadas de mantequilla,2,2.0,,,cucharadas,mantequilla,,,,,
86af71c1-e16a-11ed-9673-a96d6180cd25,Bistec Encebollado,9,1 to mate finamente picado,1,1.0,,,,to mate finamente picado,,,,,
86af71c1-e16a-11ed-9673-a96d6180cd25,Bistec Encebollado,10,3 cucharadas de salsa negra,3,3.0,,,cucharadas,salsa negra,,,,,
86af71c1-e16a-11ed-9673-a96d6180cd25,Bistec Encebollado,11,3 cucharadas de vino tinto,3,3.0,,,cucharadas,vino tinto,,,,,
86af71c2-e16a-11ed-a792-a96d6180cd25,Arepa de Huevo,1,1 taza de harina de maíz Masarepa,1,1.0,,,taza,harina de maíz Masarepa,,,,,
86af71c2-e16a-11ed-a792-a96d6180cd25,Arepa de Huevo,2,½ cucharadita de sal,½,0.5,,,cucharadita,sal,,,,,
86af71c2-e16a-11ed-a792-a96d6180cd25,Arepa de Huevo,3,½ cucharadita de azúcar,½,0.5,,,cucharadita,azúcar,,,,,
86af71c2-e16a-11ed-a792-a96d6180cd25,Arepa de Huevo,4,1 taza de agua tibia,1,1.0,,,taza,agua tibia,,,,,
86af71c2-e16a-11ed-a792-a96d6180cd25,Arepa de Huevo,5,Aceite vegetal para freír,,,,,,Aceite vegetal para freír,,,,,
86af71c2-e16a-11ed-a792-a96d6180cd25,Arepa de Huevo,6,4 huevos,4,4.0,,,,huevos,,,,,
86af71c3-e16a-11ed-aeb2-a96d6180cd25,Pescado Aborrajado,1,1 huevo batido,1,1.0,,,,huevo batido,,,,,
86af71c3-e16a-11ed-aeb2-a96d6180cd25,Pescado Aborrajado,2,4 cucharadas de harina de trigo para todo uso,4,4.0,,,cucharadas,harina de trigo para todo uso,,,,,
86af71c3-e16a-11ed-aeb2-a96d6180cd25,Pescado Aborrajado,3,½ cucharada de sazón con color,½,0.5,,,cucharada,sazón con color,,,,,
86af71c3-e16a-11ed-aeb2-a96d6180cd25,Pescado Aborrajado,4,¼ de taza de leche,¼,0.25,,,,de taza de leche,,,,,
86af71c3-e16a-11ed-aeb2-a96d6180cd25,Pescado Aborrajado,5,Sal y pimienta,,,,,,Sal y pimienta,,,,,
86af71c3-e16a-11ed-aeb2-a96d6180cd25,Pescado Aborrajado,6,4 filetes de bacalao o trucha,4,4.0,,,,filetes de bacalao o trucha,,,,,
86af71c3-e16a-11ed-aeb2-a96d6180cd25,Pescado Aborrajado,7,Sal y pimienta,,,,,,Sal y pimienta,,,,,
86af71c3-e16a-11ed-aeb2-a96d6180cd25,Pescado Aborrajado,8,½ cucharadita de comino molido,½,0.5,,,cucharadita,comino molido,,,,,
86af71c3-e16a-11ed-aeb2-a96d6180cd25,Pescado Aborrajado,9,Aceite vegetal o de canola para cocinar el pescado,,,,,,Aceite vegetal o de canola para cocinar el pescado,,,,,
86af71c4-e16a-11ed-9cbf-a96d6180cd25,Estofado de Res,1,2 libras de carne de res cortada en cubos,2,2.0,,,libras,carne de res cortada en cubos,,,,,
86af71c4-e16a-11ed-9cbf-a96d6180cd25,Estofado de Res,2,2 cucharadas de aceite vegetal,2,2.0,,,cucharadas,aceite vegetal,,,,,
86af71c4-e16a-11ed-9cbf-a96d6180cd25,Estofado de Res,3,2 cucharadas de harina de trigo,2,2.0,,,cucharadas,harina de trigo,,,,,
86af71c4-e16a-11ed-9cbf-a96d6180cd25,Estofado de Res,4,1 diente de ajo picado,1,1.0,,,diente,ajo picado,,,,,
86af71c4-e16a-11ed-9cbf-a96d6180cd25,Estofado de Res,5,1 taza de cebolla blanca picada,1,1.0,,,taza,cebolla blanca picada,,,,,
86af71c4-e16a-11ed-9cbf-a96d6180cd25,Estofado de Res,6,2 zanahorias grandes cortadas en tajadas,2,2.0,,,,zanahorias grandes cortadas en tajadas,,,,,
86af71c4-e16a-11ed-9cbf-a96d6180cd25,Estofado de Res,7,Sal,,,,,,Sal,,,,,
86af71c4-e16a-11ed-9cbf-a96d6180cd25,Estofado de Res,8,4 tazas de caldo de carne,4,4.0,,,tazas,caldo de carne,,,,,
86af71c4-e16a-11ed-9cbf-a96d6180cd25,Estofado de Res,9,1 hoja de laurel,1,1.0,,,hoja,laurel,,,,,
86af71c4-e16a-11ed-9cbf-a96d6180cd25,Estofado de Res,10,1 taza de salsa de tomate,1,1.0,,,taza,salsa de tomate,,,,,
86af71c4-e16a-11ed-9cbf-a96d6180cd25,Estofado de Res,11,½ cucharadita de comino en polvo,½,0.5,,,cucharadita,comino en polvo,,,,,
86af71c4-e16a-11ed-9cbf-a96d6180cd25,Estofado de Res,12,2 papas grandes peladas y cortadas en trozos pequeuños,2,2.0,,,,papas grandes peladas y cortadas en trozos pequeuños,,,,,
86af71c5-e16a-11ed-bdfb-a96d6180cd25,Capón Relleno,1,1 muchacho posta o capón de 3 a 4 libras entero,1,1.0,,,,muchacho posta o capón de 3 a 4 libras entero,,,,,
86af71c5-e16a-11ed-bdfb-a96d6180cd25,Capón Relleno,2,4 dientes de ajo,4,4.0,,,dientes,ajo,,,,,
86af71c5-e16a-11ed-bdfb-a96d6180cd25,Capón Relleno,3,1 taza de cebolla picada,1,1.0,,,taza,cebolla picada,,,,,
86af71c5-e16a-11ed-bdfb-a96d6180cd25,Capón Relleno,4,2 cebollas largas,2,2.0,,,,cebollas largas,,,,,
86af71c5-e16a-11ed-bdfb-a96d6180cd25,Capón Relleno,5,Sal y pimienta,,,,,,Sal y pimienta,,,,,
86af71c5-e16a-11ed-bdfb-a96d6180cd25,Capón Relleno,6,2 zanahorias peladas y cortadas en cubitos,2,2.0,,,,zanahorias peladas y cortadas en cubitos,,,,,
86af71c5-e16a-11ed-bdfb-a96d6180cd25,Capón Relleno,7,½ cucharada de comino molido,½,0.5,,,cucharada,comino molido,,,,,
86af71c5-e16a-11ed-bdfb-a96d6180cd25,Capón Relleno,8,3 huevos cocinados duros,3,3.0,,,,huevos cocinados duros,,,,,
86af71c6-e16a-11ed-abc5-a96d6180cd25,Bistec a Caballo,1,2 libra de bistec de falda y cortado en 4 porciones iguales,2,2.0,,,libra,bistec de falda y cortado en 4 porciones iguales,,,,,
86af71c6-e16a-11ed-abc5-a96d6180cd25,Bistec a Caballo,2,1 ½ cucharadas de aceite de oliva,1 ½,1.5,,,cucharadas,aceite de oliva,,,,,
86af71c6-e16a-11ed-abc5-a96d6180cd25,Bistec a Caballo,3,1 diente de ajo picado,1,1.0,,,diente,ajo picado,,,,,
86af71c6-e16a-11ed-abc5-a96d6180cd25,Bistec a Caballo,4,2 cucharadas de mostaza,2,2.0,,,cucharadas,mostaza,,,,,
86af71c6-e16a-11ed-abc5-a96d6180cd25,Bistec a Caballo,5,1 cucharadita de orégano seco,1,1.0,,,cucharadita,orégano seco,,,,,
86af71c6-e16a-11ed-abc5-a96d6180cd25,Bistec a Caballo,6,1 cucharada de comino molido,1,1.0,,,cucharada,comino molido,,,,,
86af71c6-e16a-11ed-abc5-a96d6180cd25,Bistec a Caballo,7,Sal y pimienta al gusto,,,,,,Sal y pimienta al gusto,,,,,
86af71c6-e16a-11ed-abc5-a96d6180cd25,Bistec a Caballo,8,2 cucharadas de cilantro fresco picado,2,2.0,,,cucharadas,cilantro fresco picado,,,,,
86af71c6-e16a-11ed-abc5-a96d6180cd25,Bistec a Caballo,9,1 taza de hogao Ver la receta aquí,1,1.0,,,taza,hogao Ver la receta aquí,,,,,
86af71c6-e16a-11ed-abc5-a96d6180cd25,Bistec a Caballo,10,4 huevos fritos,4,4.0,,,,huevos fritos,,,,,
86af71c7-e16a-11ed-8664-a96d6180cd25,Sopa de Lentejas y Pollo,1,1 taza de cebolla picada,1,1.0,,,taza,cebolla picada,,,,,
86af71c7-e16a-11ed-8664-a96d6180cd25,Sopa de Lentejas y Pollo,2,2 dientes de ajo picados,2,2.0,,,dientes,ajo picados,,,,,
86af71c7-e16a-11ed-8664-a96d6180cd25,Sopa de Lentejas y Pollo,3,3 cebollas largas picadas,3,3.0,,,,cebollas largas picadas,,,,,
86af71c7-e16a-11ed-8664-a96d6180cd25,Sopa de Lentejas y Pollo,4,1 ¼ taza de lentejas secas,1 ¼,1.25,,,taza,lentejas secas,,,,,
86af71c7-e16a-11ed-8664-a96d6180cd25,Sopa de Lentejas y Pollo,5,Sal y pimienta al gusto,,,,,,Sal y pimienta al gusto,,,,,
86af71c7-e16a-11ed-8664-a96d6180cd25,Sopa de Lentejas y Pollo,6,1 taza de papa pelada y cortada en cubitos,1,1.0,,,taza,papa pelada y cortada en cubitos,,,,,
86af71c7-e16a-11ed-8664-a96d6180cd25,Sopa de Lentejas y Pollo,7,¼ cucharadita de comino en polvo,¼,0.25,,,cucharadita,comino en polvo,,,,,
86af71c7-e16a-11ed-8664-a96d6180cd25,Sopa de Lentejas y Pollo,8,2 zanahorias peladas y cortadas en cubitos,2,2.0,,,,zanahorias peladas y cortadas en cubitos,,,,,
86af71c7-e16a-11ed-8664-a96d6180cd25,Sopa de Lentejas y Pollo,9,2 cucharadas de pasta de tomate,2,2.0,,,cucharadas,pasta de tomate,,,,,
86af71c7-e16a-11ed-8664-a96d6180cd25,Sopa de Lentejas y Pollo,10,8 tazas de caldo de pollo,8,8.0,,,tazas,caldo de pollo,,,,,
86af71c7-e16a-11ed-8664-a96d6180cd25,Sopa de Lentejas y Pollo,11,2 pechugas de pollo grande deshuesadas y sin piel,2,2.0,,,,pechugas de pollo grande deshuesadas y sin piel,,,,,
86af71c8-e16a-11ed-a535-a96d6180cd25,Cazuela de Mariscos Colombiana,1,1 cucharada de mantequilla,1,1.0,,,cucharada,mantequilla,,,,,
86af71c8-e16a-11ed-a535-a96d6180cd25,Cazuela de Mariscos Colombiana,2,1 cucharada de aceite de oliva,1,1.0,,,cucharada,aceite de oliva,,,,,
86af71c8-e16a-11ed-a535-a96d6180cd25,Cazuela de Mariscos Colombiana,3,½ taza de pimientón verde picado,½,0.5,,,taza,pimientón verde picado,,,,,
86af71c8-e16a-11ed-a535-a96d6180cd25,Cazuela de Mariscos Colombiana,4,½ taza de pimientón rojo picado,½,0.5,,,taza,pimientón rojo picado,,,,,
86af71c8-e16a-11ed-a535-a96d6180cd25,Cazuela de Mariscos Colombiana,5,1 taza de cebolla picada,1,1.0,,,taza,cebolla picada,,,,,
86af71c8-e16a-11ed-a535-a96d6180cd25,Cazuela de Mariscos Colombiana,6,2 dientes de ajo picado,2,2.0,,,dientes,ajo picado,,,,,
86af71c8-e16a-11ed-a535-a96d6180cd25,Cazuela de Mariscos Colombiana,7,1 taza de zanahoria rallada,1,1.0,,,taza,zanahoria rallada,,,,,
86af71c8-e16a-11ed-a535-a96d6180cd25,Cazuela de Mariscos Colombiana,8,1 pastilla de caldo de pescado,1,1.0,,,,pastilla de caldo de pescado,,,,,
86af71c8-e16a-11ed-a535-a96d6180cd25,Cazuela de Mariscos Colombiana,9,½ cucharadita de pimentón,½,0.5,,,cucharadita,pimentón,,,,,
86af71c8-e16a-11ed-a535-a96d6180cd25,Cazuela de Mariscos Colombiana,10,4 tazas de crema de leche,4,4.0,,,tazas,crema de leche,,,,,
86af71c8-e16a-11ed-a535-a96d6180cd25,Cazuela de Mariscos Colombiana,11,"1 lata 13,5 oz de leche de coco",1,1.0,,,lata,"13,5 oz de leche de coco",,,,,
86af71c8-e16a-11ed-a535-a96d6180cd25,Cazuela de Mariscos Colombiana,12,⅓ taza de vino blanco,⅓,0.3333333333,,,taza,vino blanco,,,,,
86af71c8-e16a-11ed-a535-a96d6180cd25,Cazuela de Mariscos Colombiana,13,2 libras de camarones jumbo pelados y limpios,2,2.0,,,libras,camarones jumbo pelados y limpios,,,,,
86af71c8-e16a-11ed-a535-a96d6180cd25,Cazuela de Mariscos Colombiana,14,12 almejas littleneck limpias,12,12.0,,,,almejas littleneck limpias,,,,,
86af71c8-e16a-11ed-a535-a96d6180cd25,Cazuela de Mariscos Colombiana,15,2 libras de pescado cortado en trozos,2,2.0,,,libras,pescado cortado en trozos,,,,,
86af71c8-e16a-11ed-a535-a96d6180cd25,Cazuela de Mariscos Colombiana,16,1 cucharada de cilantro fresco picado,1,1.0,,,cucharada,cilantro fresco picado,,,,,
86af71c8-e16a-11ed-a535-a96d6180cd25,Cazuela de Mariscos Colombiana,17,1 cucharada de perejil fresco picado,1,1.0,,,cucharada,perejil fresco picado,,,,,
86af71c8-e16a-11ed-a535-a96d6180cd25,Cazuela de Mariscos Colombiana,18,1 cucharada de pasta de tomate,1,1.0,,,cucharada,pasta de tomate,,,,,
86af71c9-e16a-11ed-bf34-a96d6180cd25,Arroz Atollado de Pollo y Chorizo,1,3 pechugas de pollo con hueso 8 y muslos de pollo o las piernas,3,3.0,,,,pechugas de pollo con hueso 8 y muslos de pollo o las piernas,,,,,
86af71c9-e16a-11ed-bf34-a96d6180cd25,Arroz Atollado de Pollo y Chorizo,2,½ taza de salsa de aliños ver receta aquí,½,0.5,,,taza,salsa de aliños ver receta aquí,,,,,
86af71c9-e16a-11ed-bf34-a96d6180cd25,Arroz Atollado de Pollo y Chorizo,3,7 tazas de agua,7,7.0,,,tazas,agua,,,,,
86af71c9-e16a-11ed-bf34-a96d6180cd25,Arroz Atollado de Pollo y Chorizo,4,3 cucharadas de aceite vegetal,3,3.0,,,cucharadas,aceite vegetal,,,,,
86af71c9-e16a-11ed-bf34-a96d6180cd25,Arroz Atollado de Pollo y Chorizo,5,1 taza de tomates frescos picados,1,1.0,,,taza,tomates frescos picados,,,,,
86af71c9-e16a-11ed-bf34-a96d6180cd25,Arroz Atollado de Pollo y Chorizo,6,5 cebollas largas picadas,5,5.0,,,,cebollas largas picadas,,,,,
86af71c9-e16a-11ed-bf34-a96d6180cd25,Arroz Atollado de Pollo y Chorizo,7,2 dientes de ajo picados,2,2.0,,,dientes,ajo picados,,,,,
86af71c9-e16a-11ed-bf34-a96d6180cd25,Arroz Atollado de Pollo y Chorizo,8,1 pimentón rojo pequeño cortado en cubitos,1,1.0,,,,pimentón rojo pequeño cortado en cubitos,,,,,
86af71c9-e16a-11ed-bf34-a96d6180cd25,Arroz Atollado de Pollo y Chorizo,9,1 cucharadita de polvo de achiote,1,1.0,,,cucharadita,polvo de achiote,,,,,
86af71c9-e16a-11ed-bf34-a96d6180cd25,Arroz Atollado de Pollo y Chorizo,10,Sal al gusto,,,,,,Sal al gusto,,,,,
86af71c9-e16a-11ed-bf34-a96d6180cd25,Arroz Atollado de Pollo y Chorizo,11,½ cucharadita de comino molido,½,0.5,,,cucharadita,comino molido,,,,,
86af71c9-e16a-11ed-bf34-a96d6180cd25,Arroz Atollado de Pollo y Chorizo,12,Pimienta molida fresca,,,,,,Pimienta molida fresca,,,,,
86af71c9-e16a-11ed-bf34-a96d6180cd25,Arroz Atollado de Pollo y Chorizo,13,¼ taza de cilantro fresco picado,¼,0.25,,,taza,cilantro fresco picado,,,,,
86af71c9-e16a-11ed-bf34-a96d6180cd25,Arroz Atollado de Pollo y Chorizo,14,2 chorizos desmenuzados,2,2.0,,,,chorizos desmenuzados,,,,,
86af71c9-e16a-11ed-bf34-a96d6180cd25,Arroz Atollado de Pollo y Chorizo,15,2 tazas de arroz blanco,2,2.0,,,tazas,arroz blanco,,,,,
86af71c9-e16a-11ed-bf34-a96d6180cd25,Arroz Atollado de Pollo y Chorizo,16,2 tazas de papas peladas y cortadas en 1 y ½ pulgadas piezas,2,2.0,,,tazas,papas peladas y cortadas en 1 y ½ pulgadas piezas,,,,,
86af71c9-e16a-11ed-bf34-a96d6180cd25,Arroz Atollado de Pollo y Chorizo,17,3 cucharadas de cilantro fresco picado para adornar,3,3.0,,,cucharadas,cilantro fresco picado para adornar,,,,,
86af71ca-e16a-11ed-8ad2-a96d6180cd25,Cazuela de Pollo y Coco,1,4 cucharadas de mantequilla,4,4.0,,,cucharadas,mantequilla,,,,,
86af71ca-e16a-11ed-8ad2-a96d6180cd25,Cazuela de Pollo y Coco,2,½ taza de cebolla finamente picada,½,0.5,,,taza,cebolla finamente picada,,,,,
86af71ca-e16a-11ed-8ad2-a96d6180cd25,Cazuela de Pollo y Coco,3,1 pimentón rojo pequeño picado,1,1.0,,,,pimentón rojo pequeño picado,,,,,
86af71ca-e16a-11ed-8ad2-a96d6180cd25,Cazuela de Pollo y Coco,4,2 cebollas largas picadas,2,2.0,,,,cebollas largas picadas,,,,,
86af71ca-e16a-11ed-8ad2-a96d6180cd25,Cazuela de Pollo y Coco,5,1 zanahoria grande pelada y rallada,1,1.0,,,,zanahoria grande pelada y rallada,,,,,
86af71ca-e16a-11ed-8ad2-a96d6180cd25,Cazuela de Pollo y Coco,6,¼ cucharadita de comino molido,¼,0.25,,,cucharadita,comino molido,,,,,
86af71ca-e16a-11ed-8ad2-a96d6180cd25,Cazuela de Pollo y Coco,7,¼ cucharadita de achiote molido o color,¼,0.25,,,cucharadita,achiote molido o color,,,,,
86af71ca-e16a-11ed-8ad2-a96d6180cd25,Cazuela de Pollo y Coco,8,2 papas amarillas peladas y cortadas en trozos,2,2.0,,,,papas amarillas peladas y cortadas en trozos,,,,,
86af71ca-e16a-11ed-8ad2-a96d6180cd25,Cazuela de Pollo y Coco,9,4 tazas de caldo de pollo,4,4.0,,,tazas,caldo de pollo,,,,,
86af71ca-e16a-11ed-8ad2-a96d6180cd25,Cazuela de Pollo y Coco,10,2 pechugas de pollo cortada en cubitos,2,2.0,,,,pechugas de pollo cortada en cubitos,,,,,
86af71ca-e16a-11ed-8ad2-a96d6180cd25,Cazuela de Pollo y Coco,11,2 cucharadas de pasta de tomate,2,2.0,,,cucharadas,pasta de tomate,,,,,
86af71ca-e16a-11ed-8ad2-a96d6180cd25,Cazuela de Pollo y Coco,12,2 mazorcas de maíz cortadas en trozos o granos,2,2.0,,,,mazorcas de maíz cortadas en trozos o granos,,,,,
86af71ca-e16a-11ed-8ad2-a96d6180cd25,Cazuela de Pollo y Coco,13,2 tazas de leche de coco,2,2.0,,,tazas,leche de coco,,,,,
86af71ca-e16a-11ed-8ad2-a96d6180cd25,Cazuela de Pollo y Coco,14,½ taza de crema de leche,½,0.5,,,taza,crema de leche,,,,,
86af71ca-e16a-11ed-8ad2-a96d6180cd25,Cazuela de Pollo y Coco,15,1 taza de arvejas,1,1.0,,,taza,arvejas,,,,,
86af71ca-e16a-11ed-8ad2-a96d6180cd25,Cazuela de Pollo y Coco,16,Sal y pimienta al gusto,,,,,,Sal y pimienta al gusto,,,,,
86af71ca-e16a-11ed-8ad2-a96d6180cd25,Cazuela de Pollo y Coco,17,Cilantro fresco picado para servir,,,,,,Cilantro fresco picado para servir,,,,,
86af71cb-e16a-11ed-bab4-a96d6180cd25,Sopa de Arroz y Frijoles,1,½ libra de frijoles canarios secos remojados durante la noche,½,0.5,,,libra,frijoles canarios secos remojados durante la noche,,,,,
86af71cb-e16a-11ed-bab4-a96d6180cd25,Sopa de Arroz y Frijoles,2,1 taza de salsa aliños ver receta aquí,1,1.0,,,taza,salsa aliños ver receta aquí,,,,,
86af71cb-e16a-11ed-bab4-a96d6180cd25,Sopa de Arroz y Frijoles,3,8 tazas de caldo de carne o vegetales,8,8.0,,,tazas,caldo de carne o vegetales,,,,,
86af71cb-e16a-11ed-bab4-a96d6180cd25,Sopa de Arroz y Frijoles,4,½ taza de arroz crudo enjuagado y escurrido,½,0.5,,,taza,arroz crudo enjuagado y escurrido,,,,,
86af71cb-e16a-11ed-bab4-a96d6180cd25,Sopa de Arroz y Frijoles,5,2 zanahorias medianas peladas y rebanadas,2,2.0,,,,zanahorias medianas peladas y rebanadas,,,,,
86af71cb-e16a-11ed-bab4-a96d6180cd25,Sopa de Arroz y Frijoles,6,½ cucharadita de comino molido,½,0.5,,,cucharadita,comino molido,,,,,
86af71cb-e16a-11ed-bab4-a96d6180cd25,Sopa de Arroz y Frijoles,7,½ taza de hogao vea la receta aquí,½,0.5,,,taza,hogao vea la receta aquí,,,,,
86af71cb-e16a-11ed-bab4-a96d6180cd25,Sopa de Arroz y Frijoles,8,Sal y pimienta a su gusto,,,,,,Sal y pimienta a su gusto,,,,,
86af71cb-e16a-11ed-bab4-a96d6180cd25,Sopa de Arroz y Frijoles,9,Cilantro fresco,,,,,,Cilantro fresco,,,,,
86af71cb-e16a-11ed-bab4-a96d6180cd25,Sopa de Arroz y Frijoles,10,Chorizo cocido para servir opcional,,,,,,Chorizo cocido para servir opcional,,,,,
86af71cc-e16a-11ed-8af4-a96d6180cd25,Sopa de Arroz con Carne en Polvo,1,¾ de taza de arroz sin cocinar,¾,0.75,,,,de taza de arroz sin cocinar,,,,,
86af71cc-e16a-11ed-8af4-a96d6180cd25,Sopa de Arroz con Carne en Polvo,2,1 taza de salsa de aliños ver receta aquí,1,1.0,,,taza,salsa de aliños ver receta aquí,,,,,
86af71cc-e16a-11ed-8af4-a96d6180cd25,Sopa de Arroz con Carne en Polvo,3,1 cucharadita de comino molido,1,1.0,,,cucharadita,comino molido,,,,,
86af71cc-e16a-11ed-8af4-a96d6180cd25,Sopa de Arroz con Carne en Polvo,4,1 cucharadita de achiote molido o sazón con color,1,1.0,,,cucharadita,achiote molido o sazón con color,,,,,
86af71cc-e16a-11ed-8af4-a96d6180cd25,Sopa de Arroz con Carne en Polvo,5,8 tazas de caldo de pollo o carne de res,8,8.0,,,tazas,caldo de pollo o carne de res,,,,,
86af71cc-e16a-11ed-8af4-a96d6180cd25,Sopa de Arroz con Carne en Polvo,6,2 papas peladas y cortadas en cubitos,2,2.0,,,,papas peladas y cortadas en cubitos,,,,,
86af71cc-e16a-11ed-8af4-a96d6180cd25,Sopa de Arroz con Carne en Polvo,7,1 taza de zanahorias peladas y cortadas en cubitos,1,1.0,,,taza,zanahorias peladas y cortadas en cubitos,,,,,
86af71cc-e16a-11ed-8af4-a96d6180cd25,Sopa de Arroz con Carne en Polvo,8,1 taza de arvejas frescas o congeladas,1,1.0,,,taza,arvejas frescas o congeladas,,,,,
86af71cc-e16a-11ed-8af4-a96d6180cd25,Sopa de Arroz con Carne en Polvo,9,¼ taza de cilantro finamente picado,¼,0.25,,,taza,cilantro finamente picado,,,,,
86af71cc-e16a-11ed-8af4-a96d6180cd25,Sopa de Arroz con Carne en Polvo,10,Sal y pimienta al gusto,,,,,,Sal y pimienta al gusto,,,,,
86af71cc-e16a-11ed-8af4-a96d6180cd25,Sopa de Arroz con Carne en Polvo,11,1 taza de salsa de hogao ver receta aquí,1,1.0,,,taza,salsa de hogao ver receta aquí,,,,,
86af71cc-e16a-11ed-8af4-a96d6180cd25,Sopa de Arroz con Carne en Polvo,12,Carne en polvo ver receta aquí,,,,,,Carne en polvo ver receta aquí,,,,,
86af71cd-e16a-11ed-b708-a96d6180cd25,Sopa de Arroz con Pollo,1,8 muslos de pollo o 4 pechugas,8,8.0,,,,muslos de pollo o 4 pechugas,,,,,
86af71cd-e16a-11ed-b708-a96d6180cd25,Sopa de Arroz con Pollo,2,7 tazas de agua,7,7.0,,,tazas,agua,,,,,
86af71cd-e16a-11ed-b708-a96d6180cd25,Sopa de Arroz con Pollo,3,1 tableta de caldo de pollo,1,1.0,,,,tableta de caldo de pollo,,,,,
86af71cd-e16a-11ed-b708-a96d6180cd25,Sopa de Arroz con Pollo,4,¼ taza de salsa de aliños ver la receta,¼,0.25,,,taza,salsa de aliños ver la receta,,,,,
86af71cd-e16a-11ed-b708-a96d6180cd25,Sopa de Arroz con Pollo,5,2 papas blancas medianas cortadas en cubitos,2,2.0,,,,papas blancas medianas cortadas en cubitos,,,,,
86af71cd-e16a-11ed-b708-a96d6180cd25,Sopa de Arroz con Pollo,6,½ taza de arroz de grano largo blanco,½,0.5,,,taza,arroz de grano largo blanco,,,,,
86af71cd-e16a-11ed-b708-a96d6180cd25,Sopa de Arroz con Pollo,7,½ taza de arvejas,½,0.5,,,taza,arvejas,,,,,
86af71cd-e16a-11ed-b708-a96d6180cd25,Sopa de Arroz con Pollo,8,½ taza de zanahorias en cubitos,½,0.5,,,taza,zanahorias en cubitos,,,,,
86af71cd-e16a-11ed-b708-a96d6180cd25,Sopa de Arroz con Pollo,9,¼ taza de cilantro fresco,¼,0.25,,,taza,cilantro fresco,,,,,
86af71ce-e16a-11ed-b2f6-a96d6180cd25,Sopa de Patacón,1,8 tazas de caldo de res,8,8.0,,,tazas,caldo de res,,,,,
86af71ce-e16a-11ed-b2f6-a96d6180cd25,Sopa de Patacón,2,1 cucharada de aceite,1,1.0,,,cucharada,aceite,,,,,
86af71ce-e16a-11ed-b2f6-a96d6180cd25,Sopa de Patacón,3,1 taza de cebolla picada,1,1.0,,,taza,cebolla picada,,,,,
86af71ce-e16a-11ed-b2f6-a96d6180cd25,Sopa de Patacón,4,3 dientes de ajo picados,3,3.0,,,dientes,ajo picados,,,,,
86af71ce-e16a-11ed-b2f6-a96d6180cd25,Sopa de Patacón,5,3 cebollas verdes finamente picadas,3,3.0,,,,cebollas verdes finamente picadas,,,,,
86af71ce-e16a-11ed-b2f6-a96d6180cd25,Sopa de Patacón,6,Media taza de pimentón rojo cortado en cubitos,,,,,,Media taza de pimentón rojo cortado en cubitos,,,,,
86af71ce-e16a-11ed-b2f6-a96d6180cd25,Sopa de Patacón,7,Sal y pimienta al gusto,,,,,,Sal y pimienta al gusto,,,,,
86af71ce-e16a-11ed-b2f6-a96d6180cd25,Sopa de Patacón,8,Media cucharadita de comino molido,,,,,,Media cucharadita de comino molido,,,,,
86af71ce-e16a-11ed-b2f6-a96d6180cd25,Sopa de Patacón,9,Un cuarto de cucharadita de achiote,,,,,,Un cuarto de cucharadita de achiote,,,,,
86af71ce-e16a-11ed-b2f6-a96d6180cd25,Sopa de Patacón,10,12 patacones cocidos tostones (Mira la receta aquí),12,12.0,,,,patacones cocidos tostones (Mira la receta aquí),,,,,
86af71ce-e16a-11ed-b2f6-a96d6180cd25,Sopa de Patacón,11,Cilantro fresco para adornar,,,,,,Cilantro fresco para adornar,,,,,
86af71cf-e16a-11ed-ac0d-a96d6180cd25,Sancocho de Gallina o Valluno,1,3 ears fresh corn cut into 3 pieces,3,3.0,,,,ears fresh corn cut into 3 pieces,,,,,
86af71cf-e16a-11ed-ac0d-a96d6180cd25,Sancocho de Gallina o Valluno,2,12 cups of water,12,12.0,,,,cups of water,,,,,
86af71cf-e16a-11ed-ac0d-a96d6180cd25,Sancocho de Gallina o Valluno,3,½ cup aliños,½,0.5,,,,cup aliños,,,,,
86af71cf-e16a-11ed-ac0d-a96d6180cd25,Sancocho de Gallina o Valluno,4,1 big whole chicken,1,1.0,,,,big whole chicken,,,,,
86af71cf-e16a-11ed-ac0d-a96d6180cd25,Sancocho de Gallina o Valluno,5,1 teaspoon salt,1,1.0,,,,teaspoon salt,,,,,
86af71cf-e16a-11ed-ac0d-a96d6180cd25,Sancocho de Gallina o Valluno,6,2 green plantains peeled and cut crosswise into 2 inch pieces,2,2.0,,,,green plantains peeled and cut crosswise into 2 inch pieces,,,,,
86af71cf-e16a-11ed-ac0d-a96d6180cd25,Sancocho de Gallina o Valluno,7,2 chicken bouillon cubes,2,2.0,,,,chicken bouillon cubes,,,,,
86af71cf-e16a-11ed-ac0d-a96d6180cd25,Sancocho de Gallina o Valluno,8,6 medium white potatoes peeled and cut in half,6,6.0,,,,medium white potatoes peeled and cut in half,,,,,
86af71cf-e16a-11ed-ac0d-a96d6180cd25,Sancocho de Gallina o Valluno,9,1 pound frozen yuca cut into big pieces,1,1.0,,,,pound frozen yuca cut into big pieces,,,,,
86af71cf-e16a-11ed-ac0d-a96d6180cd25,Sancocho de Gallina o Valluno,10,¼ cup chopped fresh cilantro,¼,0.25,,,,cup chopped fresh cilantro,,,,,
86af71cf-e16a-11ed-ac0d-a96d6180cd25,Sancocho de Gallina o Valluno,11,¼ teaspoon ground pepper,¼,0.25,,,,teaspoon ground pepper,,,,,
86af71d0-e16a-11ed-b080-a96d6180cd25,Sopa de Verduras,1,1 taza de cebolla finamente picada,1,1.0,,,taza,cebolla finamente picada,,,,,
86af71d0-e16a-11ed-b080-a96d6180cd25,Sopa de Verduras,2,2 cucharadas de aceite de oliva,2,2.0,,,cucharadas,aceite de oliva,,,,,
86af71d0-e16a-11ed-b080-a96d6180cd25,Sopa de Verduras,3,10 tazas de caldo verduras o caldo de pollo,10,10.0,,,tazas,caldo verduras o caldo de pollo,,,,,
86af71d0-e16a-11ed-b080-a96d6180cd25,Sopa de Verduras,4,1 hoja de laurel,1,1.0,,,hoja,laurel,,,,,
86af71d0-e16a-11ed-b080-a96d6180cd25,Sopa de Verduras,5,"3 ½ tazas de vegetales mixtos congelados (maíz habichuelas, arverjas y zanahorias",3 ½,3.5,,,tazas,"vegetales mixtos congelados (maíz habichuelas, arverjas y zanahorias",,,,,
86af71d0-e16a-11ed-b080-a96d6180cd25,Sopa de Verduras,6,2 tazas de papas peladas y cortadas en cubos,2,2.0,,,tazas,papas peladas y cortadas en cubos,,,,,
86af71d0-e16a-11ed-b080-a96d6180cd25,Sopa de Verduras,7,½ de taza de hojas de cilantro picado,½,0.5,,,,de taza de hojas de cilantro picado,,,,,
86af71d0-e16a-11ed-b080-a96d6180cd25,Sopa de Verduras,8,Sal y pimienta al gusto,,,,,,Sal y pimienta al gusto,,,,,
86af71d0-e16a-11ed-b080-a96d6180cd25,Sopa de Verduras,9,½ cucharadita de comino molido,½,0.5,,,cucharadita,comino molido,,,,,
86af71d0-e16a-11ed-b080-a96d6180cd25,Sopa de Verduras,10,1 cucharadita de Sazón con azafran para el color,1,1.0,,,cucharadita,Sazón con azafran para el color,,,,,
86af71d1-e16a-11ed-8c60-a96d6180cd25,Crema de Mazorca,1,4 mazorcas de maíz desgranadas,4,4.0,,,,mazorcas de maíz desgranadas,,,,,
86af71d1-e16a-11ed-8c60-a96d6180cd25,Crema de Mazorca,2,5 tazas de agua,5,5.0,,,tazas,agua,,,,,
86af71d1-e16a-11ed-8c60-a96d6180cd25,Crema de Mazorca,3,2 cubitos de caldo de pollo o vegetales,2,2.0,,,,cubitos de caldo de pollo o vegetales,,,,,
86af71d1-e16a-11ed-8c60-a96d6180cd25,Crema de Mazorca,4,1 diente de ajo picado,1,1.0,,,diente,ajo picado,,,,,
86af71d1-e16a-11ed-8c60-a96d6180cd25,Crema de Mazorca,5,½ de cucharadita de sal,½,0.5,,,,de cucharadita de sal,,,,,
86af71d1-e16a-11ed-8c60-a96d6180cd25,Crema de Mazorca,6,½ cucharadita de pimienta,½,0.5,,,cucharadita,pimienta,,,,,
86af71d1-e16a-11ed-8c60-a96d6180cd25,Crema de Mazorca,7,2 cucharadas de cilantro fresco picado,2,2.0,,,cucharadas,cilantro fresco picado,,,,,
86af71d1-e16a-11ed-8c60-a96d6180cd25,Crema de Mazorca,8,½ taza de papa blanca cortada en cubitos,½,0.5,,,taza,papa blanca cortada en cubitos,,,,,
86af71d1-e16a-11ed-8c60-a96d6180cd25,Crema de Mazorca,9,½ taza de cebolla larga picada,½,0.5,,,taza,cebolla larga picada,,,,,
86af71d1-e16a-11ed-8c60-a96d6180cd25,Crema de Mazorca,10,1 taza de crema de leche,1,1.0,,,taza,crema de leche,,,,,
86af71d2-e16a-11ed-926d-a96d6180cd25,Sopa de Mondongo Colombiano,1,"1 libra de callos de res mondongo, cortado en trozos pequeuños",1,1.0,,,libra,"callos de res mondongo, cortado en trozos pequeuños",,,,,
86af71d2-e16a-11ed-926d-a96d6180cd25,Sopa de Mondongo Colombiano,2,El jugo de 1 limón,,,,,,El jugo de 1 limón,,,,,
86af71d2-e16a-11ed-926d-a96d6180cd25,Sopa de Mondongo Colombiano,3,¼ de cucharadita de bicarbonato de sodio,¼,0.25,,,,de cucharadita de bicarbonato de sodio,,,,,
86af71d2-e16a-11ed-926d-a96d6180cd25,Sopa de Mondongo Colombiano,4,1 ½ libras de carne de cerdo cortada en trozos pequeuños,1 ½,1.5,,,libras,carne de cerdo cortada en trozos pequeuños,,,,,
86af71d2-e16a-11ed-926d-a96d6180cd25,Sopa de Mondongo Colombiano,5,3 chorizos colombianos en rodajas,3,3.0,,,,chorizos colombianos en rodajas,,,,,
86af71d2-e16a-11ed-926d-a96d6180cd25,Sopa de Mondongo Colombiano,6,1 tomate picado,1,1.0,,,,tomate picado,,,,,
86af71d2-e16a-11ed-926d-a96d6180cd25,Sopa de Mondongo Colombiano,7,2 cebollas largas picadas,2,2.0,,,,cebollas largas picadas,,,,,
86af71d2-e16a-11ed-926d-a96d6180cd25,Sopa de Mondongo Colombiano,8,¼ taza de cebolla blanca picada,¼,0.25,,,taza,cebolla blanca picada,,,,,
86af71d2-e16a-11ed-926d-a96d6180cd25,Sopa de Mondongo Colombiano,9,4 papas pequeuñas peladas y cortadas en cubos,4,4.0,,,,papas pequeuñas peladas y cortadas en cubos,,,,,
86af71d2-e16a-11ed-926d-a96d6180cd25,Sopa de Mondongo Colombiano,10,1 libra de yuca pelada y cortada en cubitos,1,1.0,,,libra,yuca pelada y cortada en cubitos,,,,,
86af71d2-e16a-11ed-926d-a96d6180cd25,Sopa de Mondongo Colombiano,11,Sal y pimienta,,,,,,Sal y pimienta,,,,,
86af71d2-e16a-11ed-926d-a96d6180cd25,Sopa de Mondongo Colombiano,12,½ cucharadita de comino molido,½,0.5,,,cucharadita,comino molido,,,,,
86af71d2-e16a-11ed-926d-a96d6180cd25,Sopa de Mondongo Colombiano,13,¼ cucharadita de achiote,¼,0.25,,,cucharadita,achiote,,,,,
86af71d2-e16a-11ed-926d-a96d6180cd25,Sopa de Mondongo Colombiano,14,⅓ taza de cilantro fresco,⅓,0.3333333333,,,taza,cilantro fresco,,,,,
86af71d2-e16a-11ed-926d-a96d6180cd25,Sopa de Mondongo Colombiano,15,1 diente de ajo picado,1,1.0,,,diente,ajo picado,,,,,
86af71d2-e16a-11ed-926d-a96d6180cd25,Sopa de Mondongo Colombiano,16,Agua,,,,,,Agua,,,,,
86af71d3-e16a-11ed-ab35-a96d6180cd25,Crema de Aguacate,1,1 cucharada de mantequilla,1,1.0,,,cucharada,mantequilla,,,,,
86af71d3-e16a-11ed-ab35-a96d6180cd25,Crema de Aguacate,2,½ taza de cebolla finamente picada,½,0.5,,,taza,cebolla finamente picada,,,,,
86af71d3-e16a-11ed-ab35-a96d6180cd25,Crema de Aguacate,3,1 diente de ajo picado,1,1.0,,,diente,ajo picado,,,,,
86af71d3-e16a-11ed-ab35-a96d6180cd25,Crema de Aguacate,4,4 tazas de caldo de pollo,4,4.0,,,tazas,caldo de pollo,,,,,
86af71d3-e16a-11ed-ab35-a96d6180cd25,Crema de Aguacate,5,2 aguacates maduros pelados y machacados,2,2.0,,,,aguacates maduros pelados y machacados,,,,,
86af71d3-e16a-11ed-ab35-a96d6180cd25,Crema de Aguacate,6,1 cucharadita de jugo de limón,1,1.0,,,cucharadita,jugo de limón,,,,,
86af71d3-e16a-11ed-ab35-a96d6180cd25,Crema de Aguacate,7,2 tazas de crema de leche,2,2.0,,,tazas,crema de leche,,,,,
86af71d3-e16a-11ed-ab35-a96d6180cd25,Crema de Aguacate,8,¼ cucharadita de comino molido,¼,0.25,,,cucharadita,comino molido,,,,,
86af71d3-e16a-11ed-ab35-a96d6180cd25,Crema de Aguacate,9,Sal y Pimienta,,,,,,Sal y Pimienta,,,,,
86af71d3-e16a-11ed-ab35-a96d6180cd25,Crema de Aguacate,10,¼ taza de cilantro fresco picado,¼,0.25,,,taza,cilantro fresco picado,,,,,
86af71d4-e16a-11ed-89c3-a96d6180cd25,Changua,1,4 tazas de leche,4,4.0,,,tazas,leche,,,,,
86af71d4-e16a-11ed-89c3-a96d6180cd25,Changua,2,2 tazas de agua,2,2.0,,,tazas,agua,,,,,
86af71d4-e16a-11ed-89c3-a96d6180cd25,Changua,3,4 huevos,4,4.0,,,,huevos,,,,,
86af71d4-e16a-11ed-89c3-a96d6180cd25,Changua,4,½ taza de cilantro fresco picado y más para servir,½,0.5,,,taza,cilantro fresco picado y más para servir,,,,,
86af71d4-e16a-11ed-89c3-a96d6180cd25,Changua,5,3 cebollas largas picadas,3,3.0,,,,cebollas largas picadas,,,,,
86af71d4-e16a-11ed-89c3-a96d6180cd25,Changua,6,Sal y pimienta,,,,,,Sal y pimienta,,,,,
86af71d4-e16a-11ed-89c3-a96d6180cd25,Changua,7,Pan con mantequilla para servir,,,,,,Pan con mantequilla para servir,,,,,
86af71d5-e16a-11ed-82c9-a96d6180cd25,Caldo de Pollo con Papa,1,2 grandes pechugas de pollo con hueso,2,2.0,,,,grandes pechugas de pollo con hueso,,,,,
86af71d5-e16a-11ed-82c9-a96d6180cd25,Caldo de Pollo con Papa,2,12 tazas de caldo de pollo,12,12.0,,,tazas,caldo de pollo,,,,,
86af71d5-e16a-11ed-82c9-a96d6180cd25,Caldo de Pollo con Papa,3,1 cucharadita de comino molido,1,1.0,,,cucharadita,comino molido,,,,,
86af71d5-e16a-11ed-82c9-a96d6180cd25,Caldo de Pollo con Papa,4,5 dientes de ajo,5,5.0,,,dientes,ajo,,,,,
86af71d5-e16a-11ed-82c9-a96d6180cd25,Caldo de Pollo con Papa,5,1 taza de cebolla cortada en cubitos,1,1.0,,,taza,cebolla cortada en cubitos,,,,,
86af71d5-e16a-11ed-82c9-a96d6180cd25,Caldo de Pollo con Papa,6,6 cebollas largas picadas,6,6.0,,,,cebollas largas picadas,,,,,
86af71d5-e16a-11ed-82c9-a96d6180cd25,Caldo de Pollo con Papa,7,½ taza de cilantro fresco picado,½,0.5,,,taza,cilantro fresco picado,,,,,
86af71d5-e16a-11ed-82c9-a96d6180cd25,Caldo de Pollo con Papa,8,1 libra de papas peladas y cortadas en trozos,1,1.0,,,libra,papas peladas y cortadas en trozos,,,,,
86af71d5-e16a-11ed-82c9-a96d6180cd25,Caldo de Pollo con Papa,9,Sal y pimienta al gusto,,,,,,Sal y pimienta al gusto,,,,,
86af71d6-e16a-11ed-b120-a96d6180cd25,Crema de Alcachofas,1,4 corazones grandes de alcachofas congeladas o frescas,4,4.0,,,,corazones grandes de alcachofas congeladas o frescas,,,,,
86af71d6-e16a-11ed-b120-a96d6180cd25,Crema de Alcachofas,2,2 cucharadas de mantequilla,2,2.0,,,cucharadas,mantequilla,,,,,
86af71d6-e16a-11ed-b120-a96d6180cd25,Crema de Alcachofas,3,1 cebolla picada,1,1.0,,,,cebolla picada,,,,,
86af71d6-e16a-11ed-b120-a96d6180cd25,Crema de Alcachofas,4,2 dientes de ajo picados,2,2.0,,,dientes,ajo picados,,,,,
86af71d6-e16a-11ed-b120-a96d6180cd25,Crema de Alcachofas,5,4 tazas de caldo de pollo,4,4.0,,,tazas,caldo de pollo,,,,,
86af71d6-e16a-11ed-b120-a96d6180cd25,Crema de Alcachofas,6,3 papas peladas y cortada en cubos,3,3.0,,,,papas peladas y cortada en cubos,,,,,
86af71d6-e16a-11ed-b120-a96d6180cd25,Crema de Alcachofas,7,Sal y pimienta al gusto,,,,,,Sal y pimienta al gusto,,,,,
86af71d6-e16a-11ed-b120-a96d6180cd25,Crema de Alcachofas,8,¼ taza de crema espesa y más para servir,¼,0.25,,,taza,crema espesa y más para servir,,,,,
86af71d6-e16a-11ed-b120-a96d6180cd25,Crema de Alcachofas,9,Papas fritas para servir,,,,,,Papas fritas para servir,,,,,
86af71d7-e16a-11ed-a966-a96d6180cd25,Arroz con Camarones,1,1 libra de camarón fresco sin pelar,1,1.0,,,libra,camarón fresco sin pelar,,,,,
86af71d7-e16a-11ed-a966-a96d6180cd25,Arroz con Camarones,2,3 ½ tazas de agua,3 ½,3.5,,,tazas,agua,,,,,
86af71d7-e16a-11ed-a966-a96d6180cd25,Arroz con Camarones,3,1 taza de arroz,1,1.0,,,taza,arroz,,,,,
86af71d7-e16a-11ed-a966-a96d6180cd25,Arroz con Camarones,4,2 cucharadas de aceite de oliva,2,2.0,,,cucharadas,aceite de oliva,,,,,
86af71d7-e16a-11ed-a966-a96d6180cd25,Arroz con Camarones,5,1 cucharada de mantequilla,1,1.0,,,cucharada,mantequilla,,,,,
86af71d7-e16a-11ed-a966-a96d6180cd25,Arroz con Camarones,6,1 to mate mediano picado,1,1.0,,,,to mate mediano picado,,,,,
86af71d7-e16a-11ed-a966-a96d6180cd25,Arroz con Camarones,7,2 dientes de ajo finamente picados,2,2.0,,,dientes,ajo finamente picados,,,,,
86af71d7-e16a-11ed-a966-a96d6180cd25,Arroz con Camarones,8,2 cucharadas de cebolla larga picada,2,2.0,,,cucharadas,cebolla larga picada,,,,,
86af71d7-e16a-11ed-a966-a96d6180cd25,Arroz con Camarones,9,1 tableta de caldo de pescado,1,1.0,,,,tableta de caldo de pescado,,,,,
86af71d7-e16a-11ed-a966-a96d6180cd25,Arroz con Camarones,10,¼ taza de pimentón verde picado,¼,0.25,,,taza,pimentón verde picado,,,,,
86af71d7-e16a-11ed-a966-a96d6180cd25,Arroz con Camarones,11,¼ taza de pimentón rojo picado,¼,0.25,,,taza,pimentón rojo picado,,,,,
86af71d7-e16a-11ed-a966-a96d6180cd25,Arroz con Camarones,12,1 cebolla blanca picada,1,1.0,,,,cebolla blanca picada,,,,,
86af71d7-e16a-11ed-a966-a96d6180cd25,Arroz con Camarones,13,½ cucharadita de comino molido,½,0.5,,,cucharadita,comino molido,,,,,
86af71d7-e16a-11ed-a966-a96d6180cd25,Arroz con Camarones,14,¼ de cucharadita de pimentón molido,¼,0.25,,,,de cucharadita de pimentón molido,,,,,
86af71d7-e16a-11ed-a966-a96d6180cd25,Arroz con Camarones,15,1 cucharada de pasta de tomate,1,1.0,,,cucharada,pasta de tomate,,,,,
86af71d7-e16a-11ed-a966-a96d6180cd25,Arroz con Camarones,16,¼ taza de zanahorias congeladas habichuelas y arvejas,¼,0.25,,,taza,zanahorias congeladas habichuelas y arvejas,,,,,
86af71d7-e16a-11ed-a966-a96d6180cd25,Arroz con Camarones,17,Sal y pimienta,,,,,,Sal y pimienta,,,,,
86af71d7-e16a-11ed-a966-a96d6180cd25,Arroz con Camarones,18,1 cucharada de perejil fresco picado,1,1.0,,,cucharada,perejil fresco picado,,,,,
86af71d8-e16a-11ed-9747-a96d6180cd25,Arroz Atollado,1,3 cucharadas de aceite vegetal,3,3.0,,,cucharadas,aceite vegetal,,,,,
86af71d8-e16a-11ed-9747-a96d6180cd25,Arroz Atollado,2,½ libra de costillas de de cerdo sin hueso y cortadas en cubos,½,0.5,,,libra,costillas de de cerdo sin hueso y cortadas en cubos,,,,,
86af71d8-e16a-11ed-9747-a96d6180cd25,Arroz Atollado,3,1 libra de carne de cerdo cortada en cubos,1,1.0,,,libra,carne de cerdo cortada en cubos,,,,,
86af71d8-e16a-11ed-9747-a96d6180cd25,Arroz Atollado,4,4 tazas de agua,4,4.0,,,tazas,agua,,,,,
86af71d8-e16a-11ed-9747-a96d6180cd25,Arroz Atollado,5,4 tazas de caldo de pollo y más si es necesario,4,4.0,,,tazas,caldo de pollo y más si es necesario,,,,,
86af71d8-e16a-11ed-9747-a96d6180cd25,Arroz Atollado,6,3 cucharadas de aceite vegetal,3,3.0,,,cucharadas,aceite vegetal,,,,,
86af71d8-e16a-11ed-9747-a96d6180cd25,Arroz Atollado,7,2 tazas de tomates frescos picados,2,2.0,,,tazas,tomates frescos picados,,,,,
86af71d8-e16a-11ed-9747-a96d6180cd25,Arroz Atollado,8,1 y ½ tazas de cebolla larga picada,1,1.0,,,,y ½ tazas de cebolla larga picada,,,,,
86af71d8-e16a-11ed-9747-a96d6180cd25,Arroz Atollado,9,2 dientes de ajo picados,2,2.0,,,dientes,ajo picados,,,,,
86af71d8-e16a-11ed-9747-a96d6180cd25,Arroz Atollado,10,3 cucharadas de pimientón rojo dulce picado,3,3.0,,,cucharadas,pimientón rojo dulce picado,,,,,
86af71d8-e16a-11ed-9747-a96d6180cd25,Arroz Atollado,11,1 cucharada con azafran,1,1.0,,,cucharada,con azafran,,,,,
86af71d8-e16a-11ed-9747-a96d6180cd25,Arroz Atollado,12,½ cucharadita de sal,½,0.5,,,cucharadita,sal,,,,,
86af71d8-e16a-11ed-9747-a96d6180cd25,Arroz Atollado,13,½ cucharadita de comino molido,½,0.5,,,cucharadita,comino molido,,,,,
86af71d8-e16a-11ed-9747-a96d6180cd25,Arroz Atollado,14,½ cucharadita de pimienta molida fresca,½,0.5,,,cucharadita,pimienta molida fresca,,,,,
86af71d8-e16a-11ed-9747-a96d6180cd25,Arroz Atollado,15,½ de taza de cilantro fresco picado,½,0.5,,,,de taza de cilantro fresco picado,,,,,
86af71d8-e16a-11ed-9747-a96d6180cd25,Arroz Atollado,16,1 y ½ tazas de arroz blanco,1,1.0,,,,y ½ tazas de arroz blanco,,,,,
86af71d8-e16a-11ed-9747-a96d6180cd25,Arroz Atollado,17,½ de cucharadita de sal,½,0.5,,,,de cucharadita de sal,,,,,
86af71d8-e16a-11ed-9747-a96d6180cd25,Arroz Atollado,18,2 tazas de papas cortadas en 1 y ½- de pulgada,2,2.0,,,tazas,papas cortadas en 1 y ½- de pulgada,,,,,
86af71d8-e16a-11ed-9747-a96d6180cd25,Arroz Atollado,19,2 chorizos o salchicha ahumada cortdos en rodajas,2,2.0,,,,chorizos o salchicha ahumada cortdos en rodajas,,,,,
86af71d8-e16a-11ed-9747-a96d6180cd25,Arroz Atollado,20,Cilantro fresco picado para decorar,,,,,,Cilantro fresco picado para decorar,,,,,
86af71d9-e16a-11ed-af2b-a96d6180cd25,Pescado Frito Colombiano,1,2 tilapias pequeñas o pargo rojo limpios,2,2.0,,,,tilapias pequeñas o pargo rojo limpios,,,,,
86af71d9-e16a-11ed-af2b-a96d6180cd25,Pescado Frito Colombiano,2,1 cebolla larga finamente picado,1,1.0,,,,cebolla larga finamente picado,,,,,
86af71d9-e16a-11ed-af2b-a96d6180cd25,Pescado Frito Colombiano,3,El jugo de 1 limón,,,,,,El jugo de 1 limón,,,,,
86af71d9-e16a-11ed-af2b-a96d6180cd25,Pescado Frito Colombiano,4,Sal y pimienta,,,,,,Sal y pimienta,,,,,
86af71d9-e16a-11ed-af2b-a96d6180cd25,Pescado Frito Colombiano,5,¼ de taza de harina,¼,0.25,,,,de taza de harina,,,,,
86af71d9-e16a-11ed-af2b-a96d6180cd25,Pescado Frito Colombiano,6,2 tazas de aceite vegetal o de canola para freír,2,2.0,,,tazas,aceite vegetal o de canola para freír,,,,,
86af71da-e16a-11ed-aac2-a96d6180cd25,Sudado de Carne de Res,1,2 libras de carne para estofado,2,2.0,,,libras,carne para estofado,,,,,
86af71da-e16a-11ed-aac2-a96d6180cd25,Sudado de Carne de Res,2,1 cucharada de aceite vegetal,1,1.0,,,cucharada,aceite vegetal,,,,,
86af71da-e16a-11ed-aac2-a96d6180cd25,Sudado de Carne de Res,3,½ taza de cebolla picada,½,0.5,,,taza,cebolla picada,,,,,
86af71da-e16a-11ed-aac2-a96d6180cd25,Sudado de Carne de Res,4,¼ de taza de pimientón rojo picado,¼,0.25,,,,de taza de pimientón rojo picado,,,,,
86af71da-e16a-11ed-aac2-a96d6180cd25,Sudado de Carne de Res,5,1 diente de ajo picado,1,1.0,,,diente,ajo picado,,,,,
86af71da-e16a-11ed-aac2-a96d6180cd25,Sudado de Carne de Res,6,2 tazas de tomate picado,2,2.0,,,tazas,tomate picado,,,,,
86af71da-e16a-11ed-aac2-a96d6180cd25,Sudado de Carne de Res,7,1 tableta de caldo de res,1,1.0,,,,tableta de caldo de res,,,,,
86af71da-e16a-11ed-aac2-a96d6180cd25,Sudado de Carne de Res,8,¼ cucharadita de comino en polvo,¼,0.25,,,cucharadita,comino en polvo,,,,,
86af71da-e16a-11ed-aac2-a96d6180cd25,Sudado de Carne de Res,9,¼ de taza de cilantro fresco picado,¼,0.25,,,,de taza de cilantro fresco picado,,,,,
86af71da-e16a-11ed-aac2-a96d6180cd25,Sudado de Carne de Res,10,¼ de cucharadita de sal,¼,0.25,,,,de cucharadita de sal,,,,,
86af71da-e16a-11ed-aac2-a96d6180cd25,Sudado de Carne de Res,11,¼ cucharadita de pimienta,¼,0.25,,,cucharadita,pimienta,,,,,
86af71da-e16a-11ed-aac2-a96d6180cd25,Sudado de Carne de Res,12,8 papas pequeñas amarillas peladas y cortadas por la mitad,8,8.0,,,,papas pequeñas amarillas peladas y cortadas por la mitad,,,,,
86af71da-e16a-11ed-aac2-a96d6180cd25,Sudado de Carne de Res,13,½ libra de yuca fresca o congelada,½,0.5,,,libra,yuca fresca o congelada,,,,,
86af71da-e16a-11ed-aac2-a96d6180cd25,Sudado de Carne de Res,14,3 tazas de agua,3,3.0,,,tazas,agua,,,,,
86af71db-e16a-11ed-b842-a96d6180cd25,Sobrebarriga en Salsa Criolla,1,2 libras de carne de sobrebarriga,2,2.0,,,libras,carne de sobrebarriga,,,,,
86af71db-e16a-11ed-b842-a96d6180cd25,Sobrebarriga en Salsa Criolla,2,8 tazas de agua,8,8.0,,,tazas,agua,,,,,
86af71db-e16a-11ed-b842-a96d6180cd25,Sobrebarriga en Salsa Criolla,3,Sal y pimienta,,,,,,Sal y pimienta,,,,,
86af71db-e16a-11ed-b842-a96d6180cd25,Sobrebarriga en Salsa Criolla,4,1 cebolla grande cortada por la mitad,1,1.0,,,,cebolla grande cortada por la mitad,,,,,
86af71db-e16a-11ed-b842-a96d6180cd25,Sobrebarriga en Salsa Criolla,5,2 cebollas largas,2,2.0,,,,cebollas largas,,,,,
86af71db-e16a-11ed-b842-a96d6180cd25,Sobrebarriga en Salsa Criolla,6,3 dientes de ajo,3,3.0,,,dientes,ajo,,,,,
86af71db-e16a-11ed-b842-a96d6180cd25,Sobrebarriga en Salsa Criolla,7,2 cucharadas de aceite vegetal,2,2.0,,,cucharadas,aceite vegetal,,,,,
86af71db-e16a-11ed-b842-a96d6180cd25,Sobrebarriga en Salsa Criolla,8,1 pimentuón rojo cortado en cubitos,1,1.0,,,,pimentuón rojo cortado en cubitos,,,,,
86af71db-e16a-11ed-b842-a96d6180cd25,Sobrebarriga en Salsa Criolla,9,4 to mates cortados en cubitos,4,4.0,,,,to mates cortados en cubitos,,,,,
86af71db-e16a-11ed-b842-a96d6180cd25,Sobrebarriga en Salsa Criolla,10,3 cebollas picadas,3,3.0,,,,cebollas picadas,,,,,
86af71db-e16a-11ed-b842-a96d6180cd25,Sobrebarriga en Salsa Criolla,11,1 cebolla grande cortada en rodajas finas,1,1.0,,,,cebolla grande cortada en rodajas finas,,,,,
86af71db-e16a-11ed-b842-a96d6180cd25,Sobrebarriga en Salsa Criolla,12,2 dientes de ajo picados,2,2.0,,,dientes,ajo picados,,,,,
86af71db-e16a-11ed-b842-a96d6180cd25,Sobrebarriga en Salsa Criolla,13,½ cucharadita de achiote molido,½,0.5,,,cucharadita,achiote molido,,,,,
86af71db-e16a-11ed-b842-a96d6180cd25,Sobrebarriga en Salsa Criolla,14,½ cucharadita de comino molido,½,0.5,,,cucharadita,comino molido,,,,,
86af71db-e16a-11ed-b842-a96d6180cd25,Sobrebarriga en Salsa Criolla,15,Sal y pimienta,,,,,,Sal y pimienta,,,,,
86af71dc-e16a-11ed-ae02-a96d6180cd25,Posta Negra,1,3 libras de carne de posta,3,3.0,,,libras,carne de posta,,,,,
86af71dc-e16a-11ed-ae02-a96d6180cd25,Posta Negra,2,8 dientes de ajo,8,8.0,,,dientes,ajo,,,,,
86af71dc-e16a-11ed-ae02-a96d6180cd25,Posta Negra,3,1 cebolla grande,1,1.0,,,,cebolla grande,,,,,
86af71dc-e16a-11ed-ae02-a96d6180cd25,Posta Negra,4,Sal y pimienta,,,,,,Sal y pimienta,,,,,
86af71dc-e16a-11ed-ae02-a96d6180cd25,Posta Negra,5,2 cucharadas de mantequilla,2,2.0,,,cucharadas,mantequilla,,,,,
86af71dc-e16a-11ed-ae02-a96d6180cd25,Posta Negra,6,2 cucharadas de aceite vegetal,2,2.0,,,cucharadas,aceite vegetal,,,,,
86af71dc-e16a-11ed-ae02-a96d6180cd25,Posta Negra,7,3 cucharadas de salsa negra,3,3.0,,,cucharadas,salsa negra,,,,,
86af71dc-e16a-11ed-ae02-a96d6180cd25,Posta Negra,8,½ taza de panela rallada o azúcar morena,½,0.5,,,taza,panela rallada o azúcar morena,,,,,
86af71dc-e16a-11ed-ae02-a96d6180cd25,Posta Negra,9,1 taza de Coca-Cola,1,1.0,,,taza,Coca-Cola,,,,,
86af71dc-e16a-11ed-ae02-a96d6180cd25,Posta Negra,10,1 taza de vino rojo,1,1.0,,,taza,vino rojo,,,,,
86af71dc-e16a-11ed-ae02-a96d6180cd25,Posta Negra,11,2 tazas de caldo de carne,2,2.0,,,tazas,caldo de carne,,,,,
86af71dd-e16a-11ed-989e-a96d6180cd25,Albondigón Colombiano,1,1 libra de carne molida de res,1,1.0,,,libra,carne molida de res,,,,,
86af71dd-e16a-11ed-989e-a96d6180cd25,Albondigón Colombiano,2,1 libra carne molida de cerdo,1,1.0,,,libra,carne molida de cerdo,,,,,
86af71dd-e16a-11ed-989e-a96d6180cd25,Albondigón Colombiano,3,¾ taza de cebolla finamente picada,¾,0.75,,,taza,cebolla finamente picada,,,,,
86af71dd-e16a-11ed-989e-a96d6180cd25,Albondigón Colombiano,4,2 cebollas largas picadas,2,2.0,,,,cebollas largas picadas,,,,,
86af71dd-e16a-11ed-989e-a96d6180cd25,Albondigón Colombiano,5,2 dientes de ajo picados,2,2.0,,,dientes,ajo picados,,,,,
86af71dd-e16a-11ed-989e-a96d6180cd25,Albondigón Colombiano,6,1 taza de pan rallado,1,1.0,,,taza,pan rallado,,,,,
86af71dd-e16a-11ed-989e-a96d6180cd25,Albondigón Colombiano,7,2 huevos grandes batidos,2,2.0,,,,huevos grandes batidos,,,,,
86af71dd-e16a-11ed-989e-a96d6180cd25,Albondigón Colombiano,8,1 cucharada de mostaza,1,1.0,,,cucharada,mostaza,,,,,
86af71dd-e16a-11ed-989e-a96d6180cd25,Albondigón Colombiano,9,¼ de taza de perejil fresco picado,¼,0.25,,,,de taza de perejil fresco picado,,,,,
86af71dd-e16a-11ed-989e-a96d6180cd25,Albondigón Colombiano,10,½ cucharadita de sal,½,0.5,,,cucharadita,sal,,,,,
86af71dd-e16a-11ed-989e-a96d6180cd25,Albondigón Colombiano,11,¼ cucharadita de pimienta molida,¼,0.25,,,cucharadita,pimienta molida,,,,,
86af71dd-e16a-11ed-989e-a96d6180cd25,Albondigón Colombiano,12,½ cucharadita de comino molido,½,0.5,,,cucharadita,comino molido,,,,,
86af71dd-e16a-11ed-989e-a96d6180cd25,Albondigón Colombiano,13,3 huevos cocidos,3,3.0,,,,huevos cocidos,,,,,
86af71dd-e16a-11ed-989e-a96d6180cd25,Albondigón Colombiano,14,1 pimentón rojo cortado en tiras delgadas,1,1.0,,,,pimentón rojo cortado en tiras delgadas,,,,,
86af71dd-e16a-11ed-989e-a96d6180cd25,Albondigón Colombiano,15,1 zanahoria cortada en tiras finas,1,1.0,,,,zanahoria cortada en tiras finas,,,,,
86af71de-e16a-11ed-b4f8-a96d6180cd25,Carne Desmechada o Ropa Vieja,1,2 libras de sobrebarriga,2,2.0,,,libras,sobrebarriga,,,,,
86af71de-e16a-11ed-b4f8-a96d6180cd25,Carne Desmechada o Ropa Vieja,2,9 tazas de agua,9,9.0,,,tazas,agua,,,,,
86af71de-e16a-11ed-b4f8-a96d6180cd25,Carne Desmechada o Ropa Vieja,3,1 cucharadita de sal,1,1.0,,,cucharadita,sal,,,,,
86af71de-e16a-11ed-b4f8-a96d6180cd25,Carne Desmechada o Ropa Vieja,4,½ cucharadita de pimienta molida fresca,½,0.5,,,cucharadita,pimienta molida fresca,,,,,
86af71de-e16a-11ed-b4f8-a96d6180cd25,Carne Desmechada o Ropa Vieja,5,½ tazas Hogao,½,0.5,,,tazas,Hogao,,,,,
86af71de-e16a-11ed-b4f8-a96d6180cd25,Carne Desmechada o Ropa Vieja,6,1 cucharadita de pasta de tomate,1,1.0,,,cucharadita,pasta de tomate,,,,,
86af71df-e16a-11ed-bcb9-a96d6180cd25,Sopa de Arepa,1,7 tazas de caldo de pollo o de res,7,7.0,,,tazas,caldo de pollo o de res,,,,,
86af71df-e16a-11ed-bcb9-a96d6180cd25,Sopa de Arepa,2,2 papas grandes peladas y cortadas en cubitos,2,2.0,,,,papas grandes peladas y cortadas en cubitos,,,,,
86af71df-e16a-11ed-bcb9-a96d6180cd25,Sopa de Arepa,3,1 taza de hogao,1,1.0,,,taza,hogao,,,,,
86af71df-e16a-11ed-bcb9-a96d6180cd25,Sopa de Arepa,4,½ cucharadita de comino molido,½,0.5,,,cucharadita,comino molido,,,,,
86af71df-e16a-11ed-bcb9-a96d6180cd25,Sopa de Arepa,5,Sal y pimienta,,,,,,Sal y pimienta,,,,,
86af71df-e16a-11ed-bcb9-a96d6180cd25,Sopa de Arepa,6,3 arepas cocidas y cortadas en trozos,3,3.0,,,,arepas cocidas y cortadas en trozos,,,,,
86af71df-e16a-11ed-bcb9-a96d6180cd25,Sopa de Arepa,7,½ taza de cilantro fresco,½,0.5,,,taza,cilantro fresco,,,,,
86af71e0-e16a-11ed-af85-a96d6180cd25,Carne con Champiñones,1,4 cucharadas de mantequilla,4,4.0,,,cucharadas,mantequilla,,,,,
86af71e0-e16a-11ed-af85-a96d6180cd25,Carne con Champiñones,2,1 libra de solomito o lomo cortado en cubos de ½ pulgadas,1,1.0,,,libra,solomito o lomo cortado en cubos de ½ pulgadas,,,,,
86af71e0-e16a-11ed-af85-a96d6180cd25,Carne con Champiñones,3,½ cucharadita de comino molido,½,0.5,,,cucharadita,comino molido,,,,,
86af71e0-e16a-11ed-af85-a96d6180cd25,Carne con Champiñones,4,½ cucharadita de tomillo molido,½,0.5,,,cucharadita,tomillo molido,,,,,
86af71e0-e16a-11ed-af85-a96d6180cd25,Carne con Champiñones,5,1 taza de cebolla blanca finamente picada,1,1.0,,,taza,cebolla blanca finamente picada,,,,,
86af71e0-e16a-11ed-af85-a96d6180cd25,Carne con Champiñones,6,4 dientes de ajo picados,4,4.0,,,dientes,ajo picados,,,,,
86af71e0-e16a-11ed-af85-a96d6180cd25,Carne con Champiñones,7,1 libra de champiñones en rodajas,1,1.0,,,libra,champiñones en rodajas,,,,,
86af71e0-e16a-11ed-af85-a96d6180cd25,Carne con Champiñones,8,¼ taza de caldo de carne,¼,0.25,,,taza,caldo de carne,,,,,
86af71e0-e16a-11ed-af85-a96d6180cd25,Carne con Champiñones,9,Sal y pimienta para probar,,,,,,Sal y pimienta para probar,,,,,
86af71e0-e16a-11ed-af85-a96d6180cd25,Carne con Champiñones,10,¼ taza de crema de leche,¼,0.25,,,taza,crema de leche,,,,,
86af71e1-e16a-11ed-b0dd-a96d6180cd25,Carne Afanada Colombiana,1,½ libra de carne molida de res,½,0.5,,,libra,carne molida de res,,,,,
86af71e1-e16a-11ed-b0dd-a96d6180cd25,Carne Afanada Colombiana,2,½ libra de carne molida de cerdo,½,0.5,,,libra,carne molida de cerdo,,,,,
86af71e1-e16a-11ed-b0dd-a96d6180cd25,Carne Afanada Colombiana,3,2 huevos batidos,2,2.0,,,,huevos batidos,,,,,
86af71e1-e16a-11ed-b0dd-a96d6180cd25,Carne Afanada Colombiana,4,½ taza de pan rallado,½,0.5,,,taza,pan rallado,,,,,
86af71e1-e16a-11ed-b0dd-a96d6180cd25,Carne Afanada Colombiana,5,2 cucharadas de harina de trigo,2,2.0,,,cucharadas,harina de trigo,,,,,
86af71e1-e16a-11ed-b0dd-a96d6180cd25,Carne Afanada Colombiana,6,½ cucharadita de comino molido,½,0.5,,,cucharadita,comino molido,,,,,
86af71e1-e16a-11ed-b0dd-a96d6180cd25,Carne Afanada Colombiana,7,Sal y pimienta,,,,,,Sal y pimienta,,,,,
86af71e1-e16a-11ed-b0dd-a96d6180cd25,Carne Afanada Colombiana,8,1 taza de hogao,1,1.0,,,taza,hogao,,,,,
86af71e1-e16a-11ed-b0dd-a96d6180cd25,Carne Afanada Colombiana,9,1 cucharada de aceite,1,1.0,,,cucharada,aceite,,,,,
86af71e1-e16a-11ed-b0dd-a96d6180cd25,Carne Afanada Colombiana,10,3 to mates grandes picados,3,3.0,,,,to mates grandes picados,,,,,
86af71e1-e16a-11ed-b0dd-a96d6180cd25,Carne Afanada Colombiana,11,½ taza de cebolla picada,½,0.5,,,taza,cebolla picada,,,,,
86af71e1-e16a-11ed-b0dd-a96d6180cd25,Carne Afanada Colombiana,12,1 diente de ajo picado,1,1.0,,,diente,ajo picado,,,,,
86af71e1-e16a-11ed-b0dd-a96d6180cd25,Carne Afanada Colombiana,13,Vinagre blanco 1 cucharada,,,,,,Vinagre blanco 1 cucharada,,,,,
86af71e1-e16a-11ed-b0dd-a96d6180cd25,Carne Afanada Colombiana,14,2 cucharadas de jugo de carne,2,2.0,,,cucharadas,jugo de carne,,,,,
86af71e1-e16a-11ed-b0dd-a96d6180cd25,Carne Afanada Colombiana,15,Sal y pimienta,,,,,,Sal y pimienta,,,,,
86af71e1-e16a-11ed-b0dd-a96d6180cd25,Carne Afanada Colombiana,16,½ cucharadita de comino molido,½,0.5,,,cucharadita,comino molido,,,,,
86af71e2-e16a-11ed-b603-a96d6180cd25,Piernas de Pollo Asadas al Estilo Colombiano,1,12 muslos de pollo con piel,12,12.0,,,,muslos de pollo con piel,,,,,
86af71e2-e16a-11ed-b603-a96d6180cd25,Piernas de Pollo Asadas al Estilo Colombiano,2,Aceite en aerosol para cocinar el pollo,,,,,,Aceite en aerosol para cocinar el pollo,,,,,
86af71e2-e16a-11ed-b603-a96d6180cd25,Piernas de Pollo Asadas al Estilo Colombiano,3,5 cebollas largas picadas,5,5.0,,,,cebollas largas picadas,,,,,
86af71e2-e16a-11ed-b603-a96d6180cd25,Piernas de Pollo Asadas al Estilo Colombiano,4,3 dientes de ajo,3,3.0,,,dientes,ajo,,,,,
86af71e2-e16a-11ed-b603-a96d6180cd25,Piernas de Pollo Asadas al Estilo Colombiano,5,½ taza de cebolla blanca picada,½,0.5,,,taza,cebolla blanca picada,,,,,
86af71e2-e16a-11ed-b603-a96d6180cd25,Piernas de Pollo Asadas al Estilo Colombiano,6,½ taza de cilantro fresco,½,0.5,,,taza,cilantro fresco,,,,,
86af71e2-e16a-11ed-b603-a96d6180cd25,Piernas de Pollo Asadas al Estilo Colombiano,7,1 cucharada de tomillo fresco,1,1.0,,,cucharada,tomillo fresco,,,,,
86af71e2-e16a-11ed-b603-a96d6180cd25,Piernas de Pollo Asadas al Estilo Colombiano,8,1 cucharada de comino molido,1,1.0,,,cucharada,comino molido,,,,,
86af71e2-e16a-11ed-b603-a96d6180cd25,Piernas de Pollo Asadas al Estilo Colombiano,9,1 cucharada de pimentón,1,1.0,,,cucharada,pimentón,,,,,
86af71e2-e16a-11ed-b603-a96d6180cd25,Piernas de Pollo Asadas al Estilo Colombiano,10,Sal y pimienta,,,,,,Sal y pimienta,,,,,
86af71e2-e16a-11ed-b603-a96d6180cd25,Piernas de Pollo Asadas al Estilo Colombiano,11,2 cucharadas de vinagre blanco,2,2.0,,,cucharadas,vinagre blanco,,,,,
86af71e3-e16a-11ed-ba4c-a96d6180cd25,Arroz con Coco y Lentejas,1,½ taza de lentejas,½,0.5,,,taza,lentejas,,,,,
86af71e3-e16a-11ed-ba4c-a96d6180cd25,Arroz con Coco y Lentejas,2,1 taza de arroz,1,1.0,,,taza,arroz,,,,,
86af71e3-e16a-11ed-ba4c-a96d6180cd25,Arroz con Coco y Lentejas,3,1 cucharada de aceite de oliva,1,1.0,,,cucharada,aceite de oliva,,,,,
86af71e3-e16a-11ed-ba4c-a96d6180cd25,Arroz con Coco y Lentejas,4,¼ de taza de cebolla picada,¼,0.25,,,,de taza de cebolla picada,,,,,
86af71e3-e16a-11ed-ba4c-a96d6180cd25,Arroz con Coco y Lentejas,5,1 diente de ajo triturado,1,1.0,,,diente,ajo triturado,,,,,
86af71e3-e16a-11ed-ba4c-a96d6180cd25,Arroz con Coco y Lentejas,6,1 hoja de laurel,1,1.0,,,hoja,laurel,,,,,
86af71e3-e16a-11ed-ba4c-a96d6180cd25,Arroz con Coco y Lentejas,7,2 tazas de leche de coco,2,2.0,,,tazas,leche de coco,,,,,
86af71e3-e16a-11ed-ba4c-a96d6180cd25,Arroz con Coco y Lentejas,8,2 tazas de agua,2,2.0,,,tazas,agua,,,,,
86af71e3-e16a-11ed-ba4c-a96d6180cd25,Arroz con Coco y Lentejas,9,Sal al gusto,,,,,,Sal al gusto,,,,,
86af71e3-e16a-11ed-ba4c-a96d6180cd25,Arroz con Coco y Lentejas,10,Cilantro fresco para servir,,,,,,Cilantro fresco para servir,,,,,
86af71e4-e16a-11ed-a3d9-a96d6180cd25,Pollo Asado,1,1 pollo entero alrededor de 5 libras,1,1.0,,,,pollo entero alrededor de 5 libras,,,,,
86af71e4-e16a-11ed-a3d9-a96d6180cd25,Pollo Asado,2,3 cebollas largas,3,3.0,,,,cebollas largas,,,,,
86af71e4-e16a-11ed-a3d9-a96d6180cd25,Pollo Asado,3,1 cucharada de aceite vegetal,1,1.0,,,cucharada,aceite vegetal,,,,,
86af71e4-e16a-11ed-a3d9-a96d6180cd25,Pollo Asado,4,3 dientes de ajo,3,3.0,,,dientes,ajo,,,,,
86af71e4-e16a-11ed-a3d9-a96d6180cd25,Pollo Asado,5,1 cucharada de comino molido,1,1.0,,,cucharada,comino molido,,,,,
86af71e4-e16a-11ed-a3d9-a96d6180cd25,Pollo Asado,6,¼ cucharadita de orégano seco,¼,0.25,,,cucharadita,orégano seco,,,,,
86af71e4-e16a-11ed-a3d9-a96d6180cd25,Pollo Asado,7,¼ taza de cilantro,¼,0.25,,,taza,cilantro,,,,,
86af71e4-e16a-11ed-a3d9-a96d6180cd25,Pollo Asado,8,½ cucharadita de tomillo fresco,½,0.5,,,cucharadita,tomillo fresco,,,,,
86af71e4-e16a-11ed-a3d9-a96d6180cd25,Pollo Asado,9,Sal y pimienta,,,,,,Sal y pimienta,,,,,
86af71e4-e16a-11ed-a3d9-a96d6180cd25,Pollo Asado,10,1 taza de cerveza,1,1.0,,,taza,cerveza,,,,,
86af71e5-e16a-11ed-bce4-a96d6180cd25,Sudado de Albóndigas,1,½ libra carne molida de cerdo,½,0.5,,,libra,carne molida de cerdo,,,,,
86af71e5-e16a-11ed-bce4-a96d6180cd25,Sudado de Albóndigas,2,½ libra de carne molida de res,½,0.5,,,libra,carne molida de res,,,,,
86af71e5-e16a-11ed-bce4-a96d6180cd25,Sudado de Albóndigas,3,4 cucharadas aliños,4,4.0,,,cucharadas,aliños,,,,,
86af71e5-e16a-11ed-bce4-a96d6180cd25,Sudado de Albóndigas,4,Sal al gusto,,,,,,Sal al gusto,,,,,
86af71e5-e16a-11ed-bce4-a96d6180cd25,Sudado de Albóndigas,5,½ taza de harina de maíz blanco o masarepa,½,0.5,,,taza,harina de maíz blanco o masarepa,,,,,
86af71e5-e16a-11ed-bce4-a96d6180cd25,Sudado de Albóndigas,6,½ de agua tibia,½,0.5,,,,de agua tibia,,,,,
86af71e5-e16a-11ed-bce4-a96d6180cd25,Sudado de Albóndigas,7,4 tazas de caldo de carne,4,4.0,,,tazas,caldo de carne,,,,,
86af71e5-e16a-11ed-bce4-a96d6180cd25,Sudado de Albóndigas,8,½ cucharada de sazón con azafran,½,0.5,,,cucharada,sazón con azafran,,,,,
86af71e5-e16a-11ed-bce4-a96d6180cd25,Sudado de Albóndigas,9,2 papas cortadas en cuatro trozos cada una,2,2.0,,,,papas cortadas en cuatro trozos cada una,,,,,
86af71e5-e16a-11ed-bce4-a96d6180cd25,Sudado de Albóndigas,10,4 pedazos de yuca,4,4.0,,,,pedazos de yuca,,,,,
86af71e5-e16a-11ed-bce4-a96d6180cd25,Sudado de Albóndigas,11,1 cucharadita de cilantro fresco picado,1,1.0,,,cucharadita,cilantro fresco picado,,,,,
86af71e5-e16a-11ed-bce4-a96d6180cd25,Sudado de Albóndigas,12,1 cucharada de aliños,1,1.0,,,cucharada,aliños,,,,,
86af71e5-e16a-11ed-bce4-a96d6180cd25,Sudado de Albóndigas,13,Sal al gusto,,,,,,Sal al gusto,,,,,
86af71e6-e16a-11ed-9c8b-a96d6180cd25,Sopa de Arroz con Costilla,1,8 tazas de agua,8,8.0,,,tazas,agua,,,,,
86af71e6-e16a-11ed-9c8b-a96d6180cd25,Sopa de Arroz con Costilla,2,½ taza de salsa aliños mira la receta,½,0.5,,,taza,salsa aliños mira la receta,,,,,
86af71e6-e16a-11ed-9c8b-a96d6180cd25,Sopa de Arroz con Costilla,3,2 libras de costillas de cerdo,2,2.0,,,libras,costillas de cerdo,,,,,
86af71e6-e16a-11ed-9c8b-a96d6180cd25,Sopa de Arroz con Costilla,4,½ cucharadita de comino molido,½,0.5,,,cucharadita,comino molido,,,,,
86af71e6-e16a-11ed-9c8b-a96d6180cd25,Sopa de Arroz con Costilla,5,1 taza de arvejas,1,1.0,,,taza,arvejas,,,,,
86af71e6-e16a-11ed-9c8b-a96d6180cd25,Sopa de Arroz con Costilla,6,1 taza de zanahorias picadas,1,1.0,,,taza,zanahorias picadas,,,,,
86af71e6-e16a-11ed-9c8b-a96d6180cd25,Sopa de Arroz con Costilla,7,½ taza de arroz,½,0.5,,,taza,arroz,,,,,
86af71e6-e16a-11ed-9c8b-a96d6180cd25,Sopa de Arroz con Costilla,8,½ cucharadita de color o achiote,½,0.5,,,cucharadita,color o achiote,,,,,
86af71e6-e16a-11ed-9c8b-a96d6180cd25,Sopa de Arroz con Costilla,9,Cilantro fresco para decorar,,,,,,Cilantro fresco para decorar,,,,,
86af71e6-e16a-11ed-9c8b-a96d6180cd25,Sopa de Arroz con Costilla,10,Aguacate para servir,,,,,,Aguacate para servir,,,,,
86af71e7-e16a-11ed-a87f-a96d6180cd25,Frijoles Colombianos,1,3 tazas de frijoles cargamanto o pintos,3,3.0,,,tazas,frijoles cargamanto o pintos,,,,,
86af71e7-e16a-11ed-a87f-a96d6180cd25,Frijoles Colombianos,2,½ libra de pezuña de cerdo,½,0.5,,,libra,pezuña de cerdo,,,,,
86af71e7-e16a-11ed-a87f-a96d6180cd25,Frijoles Colombianos,3,6 tazas de agua,6,6.0,,,tazas,agua,,,,,
86af71e7-e16a-11ed-a87f-a96d6180cd25,Frijoles Colombianos,4,1 taza de zanahorias ralladas,1,1.0,,,taza,zanahorias ralladas,,,,,
86af71e7-e16a-11ed-a87f-a96d6180cd25,Frijoles Colombianos,5,½ cucharadita de sal,½,0.5,,,cucharadita,sal,,,,,
86af71e7-e16a-11ed-a87f-a96d6180cd25,Frijoles Colombianos,6,½ plátano verde cortado en trozos pequeños,½,0.5,,,,plátano verde cortado en trozos pequeños,,,,,
86af71e7-e16a-11ed-a87f-a96d6180cd25,Frijoles Colombianos,7,2 tazas de tomates cortados en cubitos,2,2.0,,,tazas,tomates cortados en cubitos,,,,,
86af71e7-e16a-11ed-a87f-a96d6180cd25,Frijoles Colombianos,8,"½ taza cebolla blanca, picada",½,0.5,,,taza,"cebolla blanca, picada",,,,,
86af71e7-e16a-11ed-a87f-a96d6180cd25,Frijoles Colombianos,9,¼ taza de cebolla larga picada,¼,0.25,,,taza,cebolla larga picada,,,,,
86af71e7-e16a-11ed-a87f-a96d6180cd25,Frijoles Colombianos,10,3 cucharadas de aceite vegetal,3,3.0,,,cucharadas,aceite vegetal,,,,,
86af71e7-e16a-11ed-a87f-a96d6180cd25,Frijoles Colombianos,11,¼ de cucharadita de sal,¼,0.25,,,,de cucharadita de sal,,,,,
86af71e7-e16a-11ed-a87f-a96d6180cd25,Frijoles Colombianos,12,1 diente de ajo picado,1,1.0,,,diente,ajo picado,,,,,
86af71e7-e16a-11ed-a87f-a96d6180cd25,Frijoles Colombianos,13,¼ taza de cilantro picado,¼,0.25,,,taza,cilantro picado,,,,,
86af71e7-e16a-11ed-a87f-a96d6180cd25,Frijoles Colombianos,14,¼ cucharadita de comino molido,¼,0.25,,,cucharadita,comino molido,,,,,
86af71e8-e16a-11ed-985a-a96d6180cd25,Frijoles Antioqueños,1,1 libra frijoles cargamanto secos remojados durante la noche,1,1.0,,,libra,frijoles cargamanto secos remojados durante la noche,,,,,
86af71e8-e16a-11ed-985a-a96d6180cd25,Frijoles Antioqueños,2,1 libra de pezuñas de cerdo,1,1.0,,,libra,pezuñas de cerdo,,,,,
86af71e8-e16a-11ed-985a-a96d6180cd25,Frijoles Antioqueños,3,1 plátano verde pelado y cortado en cubitos,1,1.0,,,,plátano verde pelado y cortado en cubitos,,,,,
86af71e8-e16a-11ed-985a-a96d6180cd25,Frijoles Antioqueños,4,2 zanahorias grandes peladas y cortadas en trozos,2,2.0,,,,zanahorias grandes peladas y cortadas en trozos,,,,,
86af71e8-e16a-11ed-985a-a96d6180cd25,Frijoles Antioqueños,5,½ taza de salsa de aliños,½,0.5,,,taza,salsa de aliños,,,,,
86af71e8-e16a-11ed-985a-a96d6180cd25,Frijoles Antioqueños,6,1 cucharadita de comino,1,1.0,,,cucharadita,comino,,,,,
86af71e8-e16a-11ed-985a-a96d6180cd25,Frijoles Antioqueños,7,9 tazas de agua o más si es necesario,9,9.0,,,tazas,agua o más si es necesario,,,,,
86af71e8-e16a-11ed-985a-a96d6180cd25,Frijoles Antioqueños,8,¼ taza de cilantro fresco,¼,0.25,,,taza,cilantro fresco,,,,,
86af71e8-e16a-11ed-985a-a96d6180cd25,Frijoles Antioqueños,9,1 taza de hogao salsa criolla colombiana,1,1.0,,,taza,hogao salsa criolla colombiana,,,,,
86af71e8-e16a-11ed-985a-a96d6180cd25,Frijoles Antioqueños,10,Sal y pimienta al gusto,,,,,,Sal y pimienta al gusto,,,,,
86af71e9-e16a-11ed-957b-a96d6180cd25,Albóndigas Colombianas,1,½ libra carne molida de cerdo,½,0.5,,,libra,carne molida de cerdo,,,,,
86af71e9-e16a-11ed-957b-a96d6180cd25,Albóndigas Colombianas,2,½ libra de carne molida de res,½,0.5,,,libra,carne molida de res,,,,,
86af71e9-e16a-11ed-957b-a96d6180cd25,Albóndigas Colombianas,3,1 huevo grande,1,1.0,,,,huevo grande,,,,,
86af71e9-e16a-11ed-957b-a96d6180cd25,Albóndigas Colombianas,4,½ cucharadita de comino molido,½,0.5,,,cucharadita,comino molido,,,,,
86af71e9-e16a-11ed-957b-a96d6180cd25,Albóndigas Colombianas,5,¼ de taza de harina de maíz precocida Masarepa,¼,0.25,,,,de taza de harina de maíz precocida Masarepa,,,,,
86af71e9-e16a-11ed-957b-a96d6180cd25,Albóndigas Colombianas,6,1 diente de ajo picado,1,1.0,,,diente,ajo picado,,,,,
86af71e9-e16a-11ed-957b-a96d6180cd25,Albóndigas Colombianas,7,¼ de taza de cebolla picada,¼,0.25,,,,de taza de cebolla picada,,,,,
86af71e9-e16a-11ed-957b-a96d6180cd25,Albóndigas Colombianas,8,1 cebolla verde picada,1,1.0,,,,cebolla verde picada,,,,,
86af71e9-e16a-11ed-957b-a96d6180cd25,Albóndigas Colombianas,9,¼ de taza de pimentón rojo,¼,0.25,,,,de taza de pimentón rojo,,,,,
86af71e9-e16a-11ed-957b-a96d6180cd25,Albóndigas Colombianas,10,Sal y pimienta,,,,,,Sal y pimienta,,,,,
86af71e9-e16a-11ed-957b-a96d6180cd25,Albóndigas Colombianas,11,2 cucharadas de aceite para cocinar a las albóndigas,2,2.0,,,cucharadas,aceite para cocinar a las albóndigas,,,,,
86af71e9-e16a-11ed-957b-a96d6180cd25,Albóndigas Colombianas,12,2 tazas de hogao,2,2.0,,,tazas,hogao,,,,,
86af71e9-e16a-11ed-957b-a96d6180cd25,Albóndigas Colombianas,13,2 tazas de caldo de res,2,2.0,,,tazas,caldo de res,,,,,
86af71e9-e16a-11ed-957b-a96d6180cd25,Albóndigas Colombianas,14,2 cucharadas de harina de trigo,2,2.0,,,cucharadas,harina de trigo,,,,,
86af71e9-e16a-11ed-957b-a96d6180cd25,Albóndigas Colombianas,15,¼ taza de cilantro fresco,¼,0.25,,,taza,cilantro fresco,,,,,
86af71ea-e16a-11ed-9cd2-a96d6180cd25,Sopa de Arroz con Albóndigas,1,1 libra de carne de res molida,1,1.0,,,libra,carne de res molida,,,,,
86af71ea-e16a-11ed-9cd2-a96d6180cd25,Sopa de Arroz con Albóndigas,2,½ libra de carne cerdo molida,½,0.5,,,libra,carne cerdo molida,,,,,
86af71ea-e16a-11ed-9cd2-a96d6180cd25,Sopa de Arroz con Albóndigas,3,1 cucharadita de ajo en polvo,1,1.0,,,cucharadita,ajo en polvo,,,,,
86af71ea-e16a-11ed-9cd2-a96d6180cd25,Sopa de Arroz con Albóndigas,4,1 cucharadita de cebolla en polvo,1,1.0,,,cucharadita,cebolla en polvo,,,,,
86af71ea-e16a-11ed-9cd2-a96d6180cd25,Sopa de Arroz con Albóndigas,5,1 cucharadita de comino molido,1,1.0,,,cucharadita,comino molido,,,,,
86af71ea-e16a-11ed-9cd2-a96d6180cd25,Sopa de Arroz con Albóndigas,6,2 huevos batidos,2,2.0,,,,huevos batidos,,,,,
86af71ea-e16a-11ed-9cd2-a96d6180cd25,Sopa de Arroz con Albóndigas,7,½ taza de masarepa,½,0.5,,,taza,masarepa,,,,,
86af71ea-e16a-11ed-9cd2-a96d6180cd25,Sopa de Arroz con Albóndigas,8,¼ taza de agua tibia,¼,0.25,,,taza,agua tibia,,,,,
86af71ea-e16a-11ed-9cd2-a96d6180cd25,Sopa de Arroz con Albóndigas,9,sal,,,,,,sal,,,,,
86af71ea-e16a-11ed-9cd2-a96d6180cd25,Sopa de Arroz con Albóndigas,10,½ taza de cebolla picada,½,0.5,,,taza,cebolla picada,,,,,
86af71ea-e16a-11ed-9cd2-a96d6180cd25,Sopa de Arroz con Albóndigas,11,2 dientes de ajo picados,2,2.0,,,dientes,ajo picados,,,,,
86af71ea-e16a-11ed-9cd2-a96d6180cd25,Sopa de Arroz con Albóndigas,12,1 cebolla larga picada,1,1.0,,,,cebolla larga picada,,,,,
86af71ea-e16a-11ed-9cd2-a96d6180cd25,Sopa de Arroz con Albóndigas,13,2 to mates medianos picados,2,2.0,,,,to mates medianos picados,,,,,
86af71ea-e16a-11ed-9cd2-a96d6180cd25,Sopa de Arroz con Albóndigas,14,¼ taza de cilantro picado,¼,0.25,,,taza,cilantro picado,,,,,
86af71ea-e16a-11ed-9cd2-a96d6180cd25,Sopa de Arroz con Albóndigas,15,2 cucharadas de aceite,2,2.0,,,cucharadas,aceite,,,,,
86af71ea-e16a-11ed-9cd2-a96d6180cd25,Sopa de Arroz con Albóndigas,16,8 tazas de agua,8,8.0,,,tazas,agua,,,,,
86af71ea-e16a-11ed-9cd2-a96d6180cd25,Sopa de Arroz con Albóndigas,17,1 tableta de caldo de carne,1,1.0,,,,tableta de caldo de carne,,,,,
86af71ea-e16a-11ed-9cd2-a96d6180cd25,Sopa de Arroz con Albóndigas,18,½ cucharadita de comino molido,½,0.5,,,cucharadita,comino molido,,,,,
86af71ea-e16a-11ed-9cd2-a96d6180cd25,Sopa de Arroz con Albóndigas,19,½ taza de arvejas,½,0.5,,,taza,arvejas,,,,,
86af71ea-e16a-11ed-9cd2-a96d6180cd25,Sopa de Arroz con Albóndigas,20,½ taza de habichuelas,½,0.5,,,taza,habichuelas,,,,,
86af71ea-e16a-11ed-9cd2-a96d6180cd25,Sopa de Arroz con Albóndigas,21,½ taza de zanahorias picadas,½,0.5,,,taza,zanahorias picadas,,,,,
86af71ea-e16a-11ed-9cd2-a96d6180cd25,Sopa de Arroz con Albóndigas,22,½ taza de arroz,½,0.5,,,taza,arroz,,,,,
86af71ea-e16a-11ed-9cd2-a96d6180cd25,Sopa de Arroz con Albóndigas,23,½ cucharadita de color achiote o sazón goya con azafrán,½,0.5,,,cucharadita,color achiote o sazón goya con azafrán,,,,,
86af71ea-e16a-11ed-9cd2-a96d6180cd25,Sopa de Arroz con Albóndigas,24,Cilantro fresco para decorar,,,,,,Cilantro fresco para decorar,,,,,
86af71eb-e16a-11ed-93a4-a96d6180cd25,Chuletas de Cerdo con Salsa de Ciruelas,1,4 chuletas de cerdo,4,4.0,,,,chuletas de cerdo,,,,,
86af71eb-e16a-11ed-93a4-a96d6180cd25,Chuletas de Cerdo con Salsa de Ciruelas,2,¼ taza de sal,¼,0.25,,,taza,sal,,,,,
86af71eb-e16a-11ed-93a4-a96d6180cd25,Chuletas de Cerdo con Salsa de Ciruelas,3,4 tazas de agua,4,4.0,,,tazas,agua,,,,,
86af71eb-e16a-11ed-93a4-a96d6180cd25,Chuletas de Cerdo con Salsa de Ciruelas,4,2 cucharadas de aceite de oliva,2,2.0,,,cucharadas,aceite de oliva,,,,,
86af71eb-e16a-11ed-93a4-a96d6180cd25,Chuletas de Cerdo con Salsa de Ciruelas,5,1 taza de ciruelas pasas sin semilla,1,1.0,,,taza,ciruelas pasas sin semilla,,,,,
86af71eb-e16a-11ed-93a4-a96d6180cd25,Chuletas de Cerdo con Salsa de Ciruelas,6,2 cucharadas de azúcar,2,2.0,,,cucharadas,azúcar,,,,,
86af71eb-e16a-11ed-93a4-a96d6180cd25,Chuletas de Cerdo con Salsa de Ciruelas,7,½ taza de vino tinto,½,0.5,,,taza,vino tinto,,,,,
86af71eb-e16a-11ed-93a4-a96d6180cd25,Chuletas de Cerdo con Salsa de Ciruelas,8,2 cucharadas de mantequilla,2,2.0,,,cucharadas,mantequilla,,,,,
86af71eb-e16a-11ed-93a4-a96d6180cd25,Chuletas de Cerdo con Salsa de Ciruelas,9,1 taza de agua,1,1.0,,,taza,agua,,,,,
86af71eb-e16a-11ed-93a4-a96d6180cd25,Chuletas de Cerdo con Salsa de Ciruelas,10,Una pizca de sal,,,,,,Una pizca de sal,,,,,
86af71ec-e16a-11ed-bd27-a96d6180cd25,Sancocho Antioqueño o Paisa,1,2 libras de carne de res,2,2.0,,,libras,carne de res,,,,,
86af71ec-e16a-11ed-bd27-a96d6180cd25,Sancocho Antioqueño o Paisa,2,1 libra de costillas o hueso de cerdo,1,1.0,,,libra,costillas o hueso de cerdo,,,,,
86af71ec-e16a-11ed-bd27-a96d6180cd25,Sancocho Antioqueño o Paisa,3,1 taza de salsa de aliños,1,1.0,,,taza,salsa de aliños,,,,,
86af71ec-e16a-11ed-bd27-a96d6180cd25,Sancocho Antioqueño o Paisa,4,"4 mazorcas de maíz fresco, cortado en trozos",4,4.0,,,,"mazorcas de maíz fresco, cortado en trozos",,,,,
86af71ec-e16a-11ed-bd27-a96d6180cd25,Sancocho Antioqueño o Paisa,5,12 tazas de agua,12,12.0,,,tazas,agua,,,,,
86af71ec-e16a-11ed-bd27-a96d6180cd25,Sancocho Antioqueño o Paisa,6,"Sal y pimienta, al gusto",,,,,,"Sal y pimienta, al gusto",,,,,
86af71ec-e16a-11ed-bd27-a96d6180cd25,Sancocho Antioqueño o Paisa,7,"2 plátanos verdes, pelados y cortados transversalmente en pedazos de 2 pulgadas",2,2.0,,,,"plátanos verdes, pelados y cortados transversalmente en pedazos de 2 pulgadas",,,,,
86af71ec-e16a-11ed-bd27-a96d6180cd25,Sancocho Antioqueño o Paisa,8,"6 papas medianas, peladas y cortadas a la mitad",6,6.0,,,,"papas medianas, peladas y cortadas a la mitad",,,,,
86af71ec-e16a-11ed-bd27-a96d6180cd25,Sancocho Antioqueño o Paisa,9,"1 libra de yuca, pelada y cortada en trozos grandes",1,1.0,,,libra,"yuca, pelada y cortada en trozos grandes",,,,,
86af71ec-e16a-11ed-bd27-a96d6180cd25,Sancocho Antioqueño o Paisa,10,½ taza de cilantro fresco picado,½,0.5,,,taza,cilantro fresco picado,,,,,
86af71ed-e16a-11ed-ac3d-a96d6180cd25,Ajiaco Colombiano,1,"3 pechugas de pollo,con hueso y sin piel",3,3.0,,,,"pechugas de pollo,con hueso y sin piel",,,,,
86af71ed-e16a-11ed-ac3d-a96d6180cd25,Ajiaco Colombiano,2,12 tazas de agua,12,12.0,,,tazas,agua,,,,,
86af71ed-e16a-11ed-ac3d-a96d6180cd25,Ajiaco Colombiano,3,"3 mazorcas de maíz fresco, cortadas en 2 piezas",3,3.0,,,,"mazorcas de maíz fresco, cortadas en 2 piezas",,,,,
86af71ed-e16a-11ed-ac3d-a96d6180cd25,Ajiaco Colombiano,4,Sal y pimienta al gusto,,,,,,Sal y pimienta al gusto,,,,,
86af71ed-e16a-11ed-ac3d-a96d6180cd25,Ajiaco Colombiano,5,2 cubos de caldo de pollo,2,2.0,,,,cubos de caldo de pollo,,,,,
86af71ed-e16a-11ed-ac3d-a96d6180cd25,Ajiaco Colombiano,6,3 cebollas largas,3,3.0,,,,cebollas largas,,,,,
86af71ed-e16a-11ed-ac3d-a96d6180cd25,Ajiaco Colombiano,7,"2 dientes de ajo, picados",2,2.0,,,dientes,"ajo, picados",,,,,
86af71ed-e16a-11ed-ac3d-a96d6180cd25,Ajiaco Colombiano,8,3 cucharadas de cilantro fresco picado,3,3.0,,,cucharadas,cilantro fresco picado,,,,,
86af71ed-e16a-11ed-ac3d-a96d6180cd25,Ajiaco Colombiano,9,2 tazas de papa criolla,2,2.0,,,tazas,papa criolla,,,,,
86af71ed-e16a-11ed-ac3d-a96d6180cd25,Ajiaco Colombiano,10,"3 papas blancas medianas, peladas y en rodajas",3,3.0,,,,"papas blancas medianas, peladas y en rodajas",,,,,
86af71ed-e16a-11ed-ac3d-a96d6180cd25,Ajiaco Colombiano,11,"3 papas rojas medianas, peladas y en rodajas",3,3.0,,,,"papas rojas medianas, peladas y en rodajas",,,,,
86af71ed-e16a-11ed-ac3d-a96d6180cd25,Ajiaco Colombiano,12,⅓ taza de guascas,⅓,0.3333333333,,,taza,guascas,,,,,
86af71ed-e16a-11ed-ac3d-a96d6180cd25,Ajiaco Colombiano,13,1 taza de crema espesa para servir,1,1.0,,,taza,crema espesa para servir,,,,,
86af71ed-e16a-11ed-ac3d-a96d6180cd25,Ajiaco Colombiano,14,1 taza de alcaparras para servir,1,1.0,,,taza,alcaparras para servir,,,,,
86af71ee-e16a-11ed-bb07-a96d6180cd25,Tamales Antioqueños,1,1 cebolla grande picada,1,1.0,,,,cebolla grande picada,,,,,
86af71ee-e16a-11ed-bb07-a96d6180cd25,Tamales Antioqueños,2,4 dientes de ajo,4,4.0,,,dientes,ajo,,,,,
86af71ee-e16a-11ed-bb07-a96d6180cd25,Tamales Antioqueños,3,1 pimentón rojo grande picado,1,1.0,,,,pimentón rojo grande picado,,,,,
86af71ee-e16a-11ed-bb07-a96d6180cd25,Tamales Antioqueños,4,1 pimentón verde picado,1,1.0,,,,pimentón verde picado,,,,,
86af71ee-e16a-11ed-bb07-a96d6180cd25,Tamales Antioqueños,5,4 cebollas largas picadas,4,4.0,,,,cebollas largas picadas,,,,,
86af71ee-e16a-11ed-bb07-a96d6180cd25,Tamales Antioqueños,6,4 cucharadas de comino molido,4,4.0,,,cucharadas,comino molido,,,,,
86af71ee-e16a-11ed-bb07-a96d6180cd25,Tamales Antioqueños,7,3 cucharadas de Sazón con azafran o Color,3,3.0,,,cucharadas,Sazón con azafran o Color,,,,,
86af71ee-e16a-11ed-bb07-a96d6180cd25,Tamales Antioqueños,8,Sal,,,,,,Sal,,,,,
86af71ee-e16a-11ed-bb07-a96d6180cd25,Tamales Antioqueños,9,2 tazas de agua,2,2.0,,,tazas,agua,,,,,
86af71ee-e16a-11ed-bb07-a96d6180cd25,Tamales Antioqueños,10,1 libra de tocino carnudo cortado en 12 pedazos,1,1.0,,,libra,tocino carnudo cortado en 12 pedazos,,,,,
86af71ee-e16a-11ed-bb07-a96d6180cd25,Tamales Antioqueños,11,1 ½ libra de carne de cerdo cortada en 12 pedazos,1 ½,1.5,,,libra,carne de cerdo cortada en 12 pedazos,,,,,
86af71ee-e16a-11ed-bb07-a96d6180cd25,Tamales Antioqueños,12,2 libra de costillas de cerdo cortado en trozos,2,2.0,,,libra,costillas de cerdo cortado en trozos,,,,,
86af71ee-e16a-11ed-bb07-a96d6180cd25,Tamales Antioqueños,13,3 papas grandes peladas y en cubitos,3,3.0,,,,papas grandes peladas y en cubitos,,,,,
86af71ee-e16a-11ed-bb07-a96d6180cd25,Tamales Antioqueños,14,1 taza de arvejas frescas o congeladas,1,1.0,,,taza,arvejas frescas o congeladas,,,,,
86af71ee-e16a-11ed-bb07-a96d6180cd25,Tamales Antioqueños,15,1 taza de zanahorias peladas y cortada en cubitos,1,1.0,,,taza,zanahorias peladas y cortada en cubitos,,,,,
86af71ee-e16a-11ed-bb07-a96d6180cd25,Tamales Antioqueños,16,1 libra de harina de maíz precocida amarilla Masarepa,1,1.0,,,libra,harina de maíz precocida amarilla Masarepa,,,,,
86af71ee-e16a-11ed-bb07-a96d6180cd25,Tamales Antioqueños,17,5 tazas de agua,5,5.0,,,tazas,agua,,,,,
86af71ee-e16a-11ed-bb07-a96d6180cd25,Tamales Antioqueños,18,Sal,,,,,,Sal,,,,,
86af71ee-e16a-11ed-bb07-a96d6180cd25,Tamales Antioqueños,19,½ taza de salsa de aliños,½,0.5,,,taza,salsa de aliños,,,,,
86af71ee-e16a-11ed-bb07-a96d6180cd25,Tamales Antioqueños,20,2 cucharadas de Sazón con azafran o color,2,2.0,,,cucharadas,Sazón con azafran o color,,,,,
86af71ee-e16a-11ed-bb07-a96d6180cd25,Tamales Antioqueños,21,2 libras de hojas de plátanos cortados en trozos de aproximadamente 15 pulgadas de largo,2,2.0,,,libras,hojas de plátanos cortados en trozos de aproximadamente 15 pulgadas de largo,,,,,
86af71ee-e16a-11ed-bb07-a96d6180cd25,Tamales Antioqueños,22,Pita para amarrar los tamales,,,,,,Pita para amarrar los tamales,,,,,
86af71ee-e16a-11ed-bb07-a96d6180cd25,Tamales Antioqueños,23,Agua y sal para cocinar los tamales,,,,,,Agua y sal para cocinar los tamales,,,,,
86af71ef-e16a-11ed-a325-a96d6180cd25,Arroz con Pollo,1,2 pechugas de pollo con hueso y sin piel,2,2.0,,,,pechugas de pollo con hueso y sin piel,,,,,
86af71ef-e16a-11ed-a325-a96d6180cd25,Arroz con Pollo,2,1 cebolla larga,1,1.0,,,,cebolla larga,,,,,
86af71ef-e16a-11ed-a325-a96d6180cd25,Arroz con Pollo,3,½ cebolla blanca,½,0.5,,,,cebolla blanca,,,,,
86af71ef-e16a-11ed-a325-a96d6180cd25,Arroz con Pollo,4,2 dientes de ajo,2,2.0,,,dientes,ajo,,,,,
86af71ef-e16a-11ed-a325-a96d6180cd25,Arroz con Pollo,5,½ cucharada de comino molido,½,0.5,,,cucharada,comino molido,,,,,
86af71ef-e16a-11ed-a325-a96d6180cd25,Arroz con Pollo,6,½ cucharada de Sazón con azafran,½,0.5,,,cucharada,Sazón con azafran,,,,,
86af71ef-e16a-11ed-a325-a96d6180cd25,Arroz con Pollo,7,1 hoja de laurel,1,1.0,,,hoja,laurel,,,,,
86af71ef-e16a-11ed-a325-a96d6180cd25,Arroz con Pollo,8,Sal y Pimienta,,,,,,Sal y Pimienta,,,,,
86af71ef-e16a-11ed-a325-a96d6180cd25,Arroz con Pollo,9,2 cucharadas de aceite de oliva,2,2.0,,,cucharadas,aceite de oliva,,,,,
86af71ef-e16a-11ed-a325-a96d6180cd25,Arroz con Pollo,10,½ taza de cebolla picada,½,0.5,,,taza,cebolla picada,,,,,
86af71ef-e16a-11ed-a325-a96d6180cd25,Arroz con Pollo,11,1 diente de ajo picado,1,1.0,,,diente,ajo picado,,,,,
86af71ef-e16a-11ed-a325-a96d6180cd25,Arroz con Pollo,12,½ de taza de pimientón rojo picado,½,0.5,,,,de taza de pimientón rojo picado,,,,,
86af71ef-e16a-11ed-a325-a96d6180cd25,Arroz con Pollo,13,½ taza de pimientón verde picado,½,0.5,,,taza,pimientón verde picado,,,,,
86af71ef-e16a-11ed-a325-a96d6180cd25,Arroz con Pollo,14,1 taza de arroz blanco,1,1.0,,,taza,arroz blanco,,,,,
86af71ef-e16a-11ed-a325-a96d6180cd25,Arroz con Pollo,15,1 cucharada de pasta de tomate,1,1.0,,,cucharada,pasta de tomate,,,,,
86af71ef-e16a-11ed-a325-a96d6180cd25,Arroz con Pollo,16,1 tableta de caldo de pollo,1,1.0,,,,tableta de caldo de pollo,,,,,
86af71ef-e16a-11ed-a325-a96d6180cd25,Arroz con Pollo,17,2 ½ tazas de caldo de pollo,2 ½,2.5,,,tazas,caldo de pollo,,,,,
86af71ef-e16a-11ed-a325-a96d6180cd25,Arroz con Pollo,18,½ cucharada de Sazón con azafran,½,0.5,,,cucharada,Sazón con azafran,,,,,
86af71ef-e16a-11ed-a325-a96d6180cd25,Arroz con Pollo,19,½ de taza de cilantro fresco picado,½,0.5,,,,de taza de cilantro fresco picado,,,,,
86af71ef-e16a-11ed-a325-a96d6180cd25,Arroz con Pollo,20,½ taza de arvejas congelados,½,0.5,,,taza,arvejas congelados,,,,,
86af71ef-e16a-11ed-a325-a96d6180cd25,Arroz con Pollo,21,½ taza de zanahorias cortadas en cuadritos,½,0.5,,,taza,zanahorias cortadas en cuadritos,,,,,
86af71ef-e16a-11ed-a325-a96d6180cd25,Arroz con Pollo,22,½ taza de habichuelas verdes congeladasy cortadas en cubitos,½,0.5,,,taza,habichuelas verdes congeladasy cortadas en cubitos,,,,,
86af71f0-e16a-11ed-be7b-a96d6180cd25,Bandeja Paisa,1,Frijoles Antioqueños,,,,,,Frijoles Antioqueños,,,,,
86af71f0-e16a-11ed-be7b-a96d6180cd25,Bandeja Paisa,2,Arroz Blanco,,,,,,Arroz Blanco,,,,,
86af71f0-e16a-11ed-be7b-a96d6180cd25,Bandeja Paisa,3,Carne en polvo,,,,,,Carne en polvo,,,,,
86af71f0-e16a-11ed-be7b-a96d6180cd25,Bandeja Paisa,4,Chicharrones,,,,,,Chicharrones,,,,,
86af71f0-e16a-11ed-be7b-a96d6180cd25,Bandeja Paisa,5,Chorizos Cocidos,,,,,,Chorizos Cocidos,,,,,
86af71f0-e16a-11ed-be7b-a96d6180cd25,Bandeja Paisa,6,Huevos Fritos,,,,,,Huevos Fritos,,,,,
86af71f0-e16a-11ed-be7b-a96d6180cd25,Bandeja Paisa,7,Tajadas de Plátano,,,,,,Tajadas de Plátano,,,,,
86af71f0-e16a-11ed-be7b-a96d6180cd25,Bandeja Paisa,8,Aguacate,,,,,,Aguacate,,,,,
86af71f0-e16a-11ed-be7b-a96d6180cd25,Bandeja Paisa,9,Hogao,,,,,,Hogao,,,,,
86af71f1-e16a-11ed-99a7-a96d6180cd25,Perros Calientes Colombianos,1,2 tazas de piña fresca pelada y cortada en trozos,2,2.0,,,tazas,piña fresca pelada y cortada en trozos,,,,,
86af71f1-e16a-11ed-99a7-a96d6180cd25,Perros Calientes Colombianos,2,⅓ taza de agua,⅓,0.3333333333,,,taza,agua,,,,,
86af71f1-e16a-11ed-99a7-a96d6180cd25,Perros Calientes Colombianos,3,2 ½ cucharadas de azúcar o el gusto,2 ½,2.5,,,cucharadas,azúcar o el gusto,,,,,
86af71f1-e16a-11ed-99a7-a96d6180cd25,Perros Calientes Colombianos,4,1 ½ cucharadita de maicena,1 ½,1.5,,,cucharadita,maicena,,,,,
86af71f1-e16a-11ed-99a7-a96d6180cd25,Perros Calientes Colombianos,5,Jugo de ½ limón,,,,,,Jugo de ½ limón,,,,,
86af71f1-e16a-11ed-99a7-a96d6180cd25,Perros Calientes Colombianos,6,6 panes para perros,6,6.0,,,,panes para perros,,,,,
86af71f1-e16a-11ed-99a7-a96d6180cd25,Perros Calientes Colombianos,7,6 salchichas,6,6.0,,,,salchichas,,,,,
86af71f1-e16a-11ed-99a7-a96d6180cd25,Perros Calientes Colombianos,8,1 taza de ensalada de col,1,1.0,,,taza,ensalada de col,,,,,
86af71f1-e16a-11ed-99a7-a96d6180cd25,Perros Calientes Colombianos,9,1 bolsa pequeña de papas fritas trituradas,1,1.0,,,,bolsa pequeña de papas fritas trituradas,,,,,
86af71f1-e16a-11ed-99a7-a96d6180cd25,Perros Calientes Colombianos,10,Mayonesa,,,,,,Mayonesa,,,,,
86af71f1-e16a-11ed-99a7-a96d6180cd25,Perros Calientes Colombianos,11,Salsa de tomate,,,,,,Salsa de tomate,,,,,
86af71f1-e16a-11ed-99a7-a96d6180cd25,Perros Calientes Colombianos,12,Mostaza,,,,,,Mostaza,,,,,
86af71f2-e16a-11ed-808b-a96d6180cd25,Pernil Asado Colombiano,1,1 pierna de cerdo con hueso o pernil de 10 a 12 libras,1,1.0,,,,pierna de cerdo con hueso o pernil de 10 a 12 libras,,,,,
86af71f2-e16a-11ed-808b-a96d6180cd25,Pernil Asado Colombiano,2,8 cebollas picadas,8,8.0,,,,cebollas picadas,,,,,
86af71f2-e16a-11ed-808b-a96d6180cd25,Pernil Asado Colombiano,3,1 pimentón rojo cortado en cubitos,1,1.0,,,,pimentón rojo cortado en cubitos,,,,,
86af71f2-e16a-11ed-808b-a96d6180cd25,Pernil Asado Colombiano,4,1 cebolla blanca grande cortado en cubitos,1,1.0,,,,cebolla blanca grande cortado en cubitos,,,,,
86af71f2-e16a-11ed-808b-a96d6180cd25,Pernil Asado Colombiano,5,10 dientes de ajo machacados,10,10.0,,,dientes,ajo machacados,,,,,
86af71f2-e16a-11ed-808b-a96d6180cd25,Pernil Asado Colombiano,6,3 cucharadas de comino molido,3,3.0,,,cucharadas,comino molido,,,,,
86af71f2-e16a-11ed-808b-a96d6180cd25,Pernil Asado Colombiano,7,2 cucharadas de vinagre blanco,2,2.0,,,cucharadas,vinagre blanco,,,,,
86af71f2-e16a-11ed-808b-a96d6180cd25,Pernil Asado Colombiano,8,Sal y pimienta al gusto,,,,,,Sal y pimienta al gusto,,,,,
86af71f2-e16a-11ed-808b-a96d6180cd25,Pernil Asado Colombiano,9,6 tazas de cerveza oscura,6,6.0,,,tazas,cerveza oscura,,,,,
86af71f2-e16a-11ed-808b-a96d6180cd25,Pernil Asado Colombiano,10,1 cucharadas de achiote molido,1,1.0,,,cucharadas,achiote molido,,,,,
86af71f3-e16a-11ed-88eb-a96d6180cd25,Arepas Rellenas de Queso,1,2 tazas de harina de maíz precocida Masarepa,2,2.0,,,tazas,harina de maíz precocida Masarepa,,,,,
86af71f3-e16a-11ed-88eb-a96d6180cd25,Arepas Rellenas de Queso,2,2 tazas de agua caliente,2,2.0,,,tazas,agua caliente,,,,,
86af71f3-e16a-11ed-88eb-a96d6180cd25,Arepas Rellenas de Queso,3,½ de cucharadita de sal,½,0.5,,,,de cucharadita de sal,,,,,
86af71f3-e16a-11ed-88eb-a96d6180cd25,Arepas Rellenas de Queso,4,2 cucharadas de mantequilla,2,2.0,,,cucharadas,mantequilla,,,,,
86af71f3-e16a-11ed-88eb-a96d6180cd25,Arepas Rellenas de Queso,5,12 rebanadas de queso mozzarella,12,12.0,,,rebanadas,queso mozzarella,,,,,
86af71f4-e16a-11ed-a46c-a96d6180cd25,Arepa con Atún y Camarones,1,4 arepas cocidas,4,4.0,,,,arepas cocidas,,,,,
86af71f4-e16a-11ed-a46c-a96d6180cd25,Arepa con Atún y Camarones,2,2 latas de atún,2,2.0,,,latas,atún,,,,,
86af71f4-e16a-11ed-a46c-a96d6180cd25,Arepa con Atún y Camarones,3,½ taza de mayonesa,½,0.5,,,taza,mayonesa,,,,,
86af71f4-e16a-11ed-a46c-a96d6180cd25,Arepa con Atún y Camarones,4,¼ taza de cebolla picada,¼,0.25,,,taza,cebolla picada,,,,,
86af71f4-e16a-11ed-a46c-a96d6180cd25,Arepa con Atún y Camarones,5,2 cucharadas de perejil picado,2,2.0,,,cucharadas,perejil picado,,,,,
86af71f4-e16a-11ed-a46c-a96d6180cd25,Arepa con Atún y Camarones,6,2 cucharadas de jugo de limón,2,2.0,,,cucharadas,jugo de limón,,,,,
86af71f4-e16a-11ed-a46c-a96d6180cd25,Arepa con Atún y Camarones,7,Sal y pimienta,,,,,,Sal y pimienta,,,,,
86af71f4-e16a-11ed-a46c-a96d6180cd25,Arepa con Atún y Camarones,8,16 camarones cocidos,16,16.0,,,,camarones cocidos,,,,,
86af71f4-e16a-11ed-a46c-a96d6180cd25,Arepa con Atún y Camarones,9,¾ taza de mayonesa,¾,0.75,,,taza,mayonesa,,,,,
86af71f4-e16a-11ed-a46c-a96d6180cd25,Arepa con Atún y Camarones,10,3 cucharadas de salsa de tomate,3,3.0,,,cucharadas,salsa de tomate,,,,,
86af71f4-e16a-11ed-a46c-a96d6180cd25,Arepa con Atún y Camarones,11,½ cucharadita de salsa picante,½,0.5,,,cucharadita,salsa picante,,,,,
86af71f4-e16a-11ed-a46c-a96d6180cd25,Arepa con Atún y Camarones,12,1 cucharada de cebolla picada,1,1.0,,,cucharada,cebolla picada,,,,,
86af71f4-e16a-11ed-a46c-a96d6180cd25,Arepa con Atún y Camarones,13,3 cucharadas de cilantro picado,3,3.0,,,cucharadas,cilantro picado,,,,,
86af71f4-e16a-11ed-a46c-a96d6180cd25,Arepa con Atún y Camarones,14,Sal y pimienta,,,,,,Sal y pimienta,,,,,
86af71f4-e16a-11ed-a46c-a96d6180cd25,Arepa con Atún y Camarones,15,Jugo de ½ lima,,,,,,Jugo de ½ lima,,,,,
86af71f4-e16a-11ed-a46c-a96d6180cd25,Arepa con Atún y Camarones,16,Cebolla y cilantro rojos picados para adornar,,,,,,Cebolla y cilantro rojos picados para adornar,,,,,
86af71f5-e16a-11ed-aa13-a96d6180cd25,Camarones Guisados,1,3 cucharadas de mantequilla,3,3.0,,,cucharadas,mantequilla,,,,,
86af71f5-e16a-11ed-aa13-a96d6180cd25,Camarones Guisados,2,1 taza de cebolla picada finamente,1,1.0,,,taza,cebolla picada finamente,,,,,
86af71f5-e16a-11ed-aa13-a96d6180cd25,Camarones Guisados,3,½ taza de pimentón verde cortado en cubitos,½,0.5,,,taza,pimentón verde cortado en cubitos,,,,,
86af71f5-e16a-11ed-aa13-a96d6180cd25,Camarones Guisados,4,4 dientes de ajo picados,4,4.0,,,dientes,ajo picados,,,,,
86af71f5-e16a-11ed-aa13-a96d6180cd25,Camarones Guisados,5,1 ½ tazas de caldo de camarón,1 ½,1.5,,,tazas,caldo de camarón,,,,,
86af71f5-e16a-11ed-aa13-a96d6180cd25,Camarones Guisados,6,2 tazas de tomates triturados,2,2.0,,,tazas,tomates triturados,,,,,
86af71f5-e16a-11ed-aa13-a96d6180cd25,Camarones Guisados,7,1 cucharadita de comino en polvo,1,1.0,,,cucharadita,comino en polvo,,,,,
86af71f5-e16a-11ed-aa13-a96d6180cd25,Camarones Guisados,8,1 libra de camarun pelado y desvenado,1,1.0,,,libra,camarun pelado y desvenado,,,,,
86af71f5-e16a-11ed-aa13-a96d6180cd25,Camarones Guisados,9,Sal y pimienta al gusto,,,,,,Sal y pimienta al gusto,,,,,
86af71f5-e16a-11ed-aa13-a96d6180cd25,Camarones Guisados,10,1 cucharada de jugo de limón,1,1.0,,,cucharada,jugo de limón,,,,,
86af71f5-e16a-11ed-aa13-a96d6180cd25,Camarones Guisados,11,¼ taza de perejil fresco picado,¼,0.25,,,taza,perejil fresco picado,,,,,
86af71f6-e16a-11ed-9895-a96d6180cd25,Arepa con Carne Asada,1,4 arepas cocinadas,4,4.0,,,,arepas cocinadas,,,,,
86af71f6-e16a-11ed-9895-a96d6180cd25,Arepa con Carne Asada,2,2 libras de carne de falda de carne cortada en porciones iguales,2,2.0,,,libras,carne de falda de carne cortada en porciones iguales,,,,,
86af71f6-e16a-11ed-9895-a96d6180cd25,Arepa con Carne Asada,3,½ taza de cebolla picada finamente,½,0.5,,,taza,cebolla picada finamente,,,,,
86af71f6-e16a-11ed-9895-a96d6180cd25,Arepa con Carne Asada,4,4 dientes de ajo picados,4,4.0,,,dientes,ajo picados,,,,,
86af71f6-e16a-11ed-9895-a96d6180cd25,Arepa con Carne Asada,5,2 cebollas largas finamente picadas,2,2.0,,,,cebollas largas finamente picadas,,,,,
86af71f6-e16a-11ed-9895-a96d6180cd25,Arepa con Carne Asada,6,1 cucharadita de comino molido,1,1.0,,,cucharadita,comino molido,,,,,
86af71f6-e16a-11ed-9895-a96d6180cd25,Arepa con Carne Asada,7,½ taza de cerveza,½,0.5,,,taza,cerveza,,,,,
86af71f6-e16a-11ed-9895-a96d6180cd25,Arepa con Carne Asada,8,1 cucharada de aceite vegetal,1,1.0,,,cucharada,aceite vegetal,,,,,
86af71f6-e16a-11ed-9895-a96d6180cd25,Arepa con Carne Asada,9,Sal y pimienta negra,,,,,,Sal y pimienta negra,,,,,
86af71f6-e16a-11ed-9895-a96d6180cd25,Arepa con Carne Asada,10,¼ taza de cilantro fresco,¼,0.25,,,taza,cilantro fresco,,,,,
86af71f7-e16a-11ed-9d94-a96d6180cd25,Sopa de Arroz con Pollo y Cilantro,1,6 tazas de caldo de pollo,6,6.0,,,tazas,caldo de pollo,,,,,
86af71f7-e16a-11ed-9d94-a96d6180cd25,Sopa de Arroz con Pollo y Cilantro,2,4 cebollas largas picadas,4,4.0,,,,cebollas largas picadas,,,,,
86af71f7-e16a-11ed-9d94-a96d6180cd25,Sopa de Arroz con Pollo y Cilantro,3,2 tazas de hojas de cilantro fresco picado además de más para servir,2,2.0,,,tazas,hojas de cilantro fresco picado además de más para servir,,,,,
86af71f7-e16a-11ed-9d94-a96d6180cd25,Sopa de Arroz con Pollo y Cilantro,4,3 dientes de ajo picados,3,3.0,,,dientes,ajo picados,,,,,
86af71f7-e16a-11ed-9d94-a96d6180cd25,Sopa de Arroz con Pollo y Cilantro,5,1 ¼ libras de muslos de pollo sin hueso y sin piel,1 ¼,1.25,,,libras,muslos de pollo sin hueso y sin piel,,,,,
86af71f7-e16a-11ed-9d94-a96d6180cd25,Sopa de Arroz con Pollo y Cilantro,6,½ taza granos de maíz congelados,½,0.5,,,taza,granos de maíz congelados,,,,,
86af71f7-e16a-11ed-9d94-a96d6180cd25,Sopa de Arroz con Pollo y Cilantro,7,½ taza de arveja,½,0.5,,,taza,arveja,,,,,
86af71f7-e16a-11ed-9d94-a96d6180cd25,Sopa de Arroz con Pollo y Cilantro,8,½ taza de zanahorias en cubitos,½,0.5,,,taza,zanahorias en cubitos,,,,,
86af71f7-e16a-11ed-9d94-a96d6180cd25,Sopa de Arroz con Pollo y Cilantro,9,Sal y pimienta al gusto,,,,,,Sal y pimienta al gusto,,,,,
86af71f7-e16a-11ed-9d94-a96d6180cd25,Sopa de Arroz con Pollo y Cilantro,10,¼ taza de cilantro,¼,0.25,,,taza,cilantro,,,,,
86af71f7-e16a-11ed-9d94-a96d6180cd25,Sopa de Arroz con Pollo y Cilantro,11,1 cucharadita de comino molido,1,1.0,,,cucharadita,comino molido,,,,,
86af71f7-e16a-11ed-9d94-a96d6180cd25,Sopa de Arroz con Pollo y Cilantro,12,½ taza de arroz blanco de grano largo,½,0.5,,,taza,arroz blanco de grano largo,,,,,
86af71f7-e16a-11ed-9d94-a96d6180cd25,Sopa de Arroz con Pollo y Cilantro,13,1 cucharada de jugo de limón recién exprimido,1,1.0,,,cucharada,jugo de limón recién exprimido,,,,,
86af71f8-e16a-11ed-8bf2-a96d6180cd25,Sopa de Pollo y Pasta,1,6 muslos de pollo con hueso y piel,6,6.0,,,,muslos de pollo con hueso y piel,,,,,
86af71f8-e16a-11ed-8bf2-a96d6180cd25,Sopa de Pollo y Pasta,2,8 tazas de caldo de pollo,8,8.0,,,tazas,caldo de pollo,,,,,
86af71f8-e16a-11ed-8bf2-a96d6180cd25,Sopa de Pollo y Pasta,3,1 papa mediana pelada y cortada en cubitos,1,1.0,,,,papa mediana pelada y cortada en cubitos,,,,,
86af71f8-e16a-11ed-8bf2-a96d6180cd25,Sopa de Pollo y Pasta,4,½ taza de zanahorias en cubitos,½,0.5,,,taza,zanahorias en cubitos,,,,,
86af71f8-e16a-11ed-8bf2-a96d6180cd25,Sopa de Pollo y Pasta,5,½ taza de arvejas,½,0.5,,,taza,arvejas,,,,,
86af71f8-e16a-11ed-8bf2-a96d6180cd25,Sopa de Pollo y Pasta,6,½ taza de fideos en pedazos pequeños,½,0.5,,,taza,fideos en pedazos pequeños,,,,,
86af71f8-e16a-11ed-8bf2-a96d6180cd25,Sopa de Pollo y Pasta,7,½ de taza de cebolla finamente picada,½,0.5,,,,de taza de cebolla finamente picada,,,,,
86af71f8-e16a-11ed-8bf2-a96d6180cd25,Sopa de Pollo y Pasta,8,1 diente de ajo picado,1,1.0,,,diente,ajo picado,,,,,
86af71f8-e16a-11ed-8bf2-a96d6180cd25,Sopa de Pollo y Pasta,9,½ cucharadita de comino molido,½,0.5,,,cucharadita,comino molido,,,,,
86af71f8-e16a-11ed-8bf2-a96d6180cd25,Sopa de Pollo y Pasta,10,Sal y pimienta al gusto,,,,,,Sal y pimienta al gusto,,,,,
86af71f8-e16a-11ed-8bf2-a96d6180cd25,Sopa de Pollo y Pasta,11,½ de cucharadita de achiote o color,½,0.5,,,,de cucharadita de achiote o color,,,,,
86af71f8-e16a-11ed-8bf2-a96d6180cd25,Sopa de Pollo y Pasta,12,½ de taza de cilantro fresco picado,½,0.5,,,,de taza de cilantro fresco picado,,,,,
86af71f8-e16a-11ed-8bf2-a96d6180cd25,Sopa de Pollo y Pasta,13,Aguacate para servir,,,,,,Aguacate para servir,,,,,
86af71f9-e16a-11ed-bbcf-a96d6180cd25,Albóndigas Estofadas al Tomate,1,½ libra de carne molida de cerdo,½,0.5,,,libra,carne molida de cerdo,,,,,
86af71f9-e16a-11ed-bbcf-a96d6180cd25,Albóndigas Estofadas al Tomate,2,½ libra de carne molida de res,½,0.5,,,libra,carne molida de res,,,,,
86af71f9-e16a-11ed-bbcf-a96d6180cd25,Albóndigas Estofadas al Tomate,3,1 huevo batido,1,1.0,,,,huevo batido,,,,,
86af71f9-e16a-11ed-bbcf-a96d6180cd25,Albóndigas Estofadas al Tomate,4,1 taza de salsa de aliuños ver receta aquí,1,1.0,,,taza,salsa de aliuños ver receta aquí,,,,,
86af71f9-e16a-11ed-bbcf-a96d6180cd25,Albóndigas Estofadas al Tomate,5,Sal y pimienta,,,,,,Sal y pimienta,,,,,
86af71f9-e16a-11ed-bbcf-a96d6180cd25,Albóndigas Estofadas al Tomate,6,½ de agua tibia,½,0.5,,,,de agua tibia,,,,,
86af71f9-e16a-11ed-bbcf-a96d6180cd25,Albóndigas Estofadas al Tomate,7,½ taza de harina de maíz precocida o Masarepa,½,0.5,,,taza,harina de maíz precocida o Masarepa,,,,,
86af71f9-e16a-11ed-bbcf-a96d6180cd25,Albóndigas Estofadas al Tomate,8,½ taza de salsa de aliuños receta aquí,½,0.5,,,taza,salsa de aliuños receta aquí,,,,,
86af71f9-e16a-11ed-bbcf-a96d6180cd25,Albóndigas Estofadas al Tomate,9,2 zanahorias grandes peladas y cortadas en tajadas,2,2.0,,,,zanahorias grandes peladas y cortadas en tajadas,,,,,
86af71f9-e16a-11ed-bbcf-a96d6180cd25,Albóndigas Estofadas al Tomate,10,Sal y pimienta al gusto,,,,,,Sal y pimienta al gusto,,,,,
86af71f9-e16a-11ed-bbcf-a96d6180cd25,Albóndigas Estofadas al Tomate,11,4 tazas de caldo de carne,4,4.0,,,tazas,caldo de carne,,,,,
86af71f9-e16a-11ed-bbcf-a96d6180cd25,Albóndigas Estofadas al Tomate,12,1 taza de salsa de tomate,1,1.0,,,taza,salsa de tomate,,,,,
86af71f9-e16a-11ed-bbcf-a96d6180cd25,Albóndigas Estofadas al Tomate,13,½ cucharadita de comino en polvo,½,0.5,,,cucharadita,comino en polvo,,,,,
86af71f9-e16a-11ed-bbcf-a96d6180cd25,Albóndigas Estofadas al Tomate,14,2 papas grandes peladas y cortadas en trozos pequeuños,2,2.0,,,,papas grandes peladas y cortadas en trozos pequeuños,,,,,
86af71fa-e16a-11ed-947a-a96d6180cd25,Carne con Chimichurri al Estilo Colombiano,1,1 ½ libra carne para asar,1 ½,1.5,,,libra,carne para asar,,,,,
86af71fa-e16a-11ed-947a-a96d6180cd25,Carne con Chimichurri al Estilo Colombiano,2,El jugo de ½ limón,,,,,,El jugo de ½ limón,,,,,
86af71fa-e16a-11ed-947a-a96d6180cd25,Carne con Chimichurri al Estilo Colombiano,3,2 cucharadas de aceite de oliva,2,2.0,,,cucharadas,aceite de oliva,,,,,
86af71fa-e16a-11ed-947a-a96d6180cd25,Carne con Chimichurri al Estilo Colombiano,4,½ cucharadita de sal,½,0.5,,,cucharadita,sal,,,,,
86af71fa-e16a-11ed-947a-a96d6180cd25,Carne con Chimichurri al Estilo Colombiano,5,½ cucharadita de pimienta negra,½,0.5,,,cucharadita,pimienta negra,,,,,
86af71fa-e16a-11ed-947a-a96d6180cd25,Carne con Chimichurri al Estilo Colombiano,6,½ cucharada de comino molido,½,0.5,,,cucharada,comino molido,,,,,
86af71fa-e16a-11ed-947a-a96d6180cd25,Carne con Chimichurri al Estilo Colombiano,7,1 diente de ajo pelado,1,1.0,,,diente,ajo pelado,,,,,
86af71fa-e16a-11ed-947a-a96d6180cd25,Carne con Chimichurri al Estilo Colombiano,8,1 ½ taza de perejil fresco,1 ½,1.5,,,taza,perejil fresco,,,,,
86af71fa-e16a-11ed-947a-a96d6180cd25,Carne con Chimichurri al Estilo Colombiano,9,½ taza de cilantro fresco,½,0.5,,,taza,cilantro fresco,,,,,
86af71fa-e16a-11ed-947a-a96d6180cd25,Carne con Chimichurri al Estilo Colombiano,10,½ de taza de cebolla verde picada,½,0.5,,,,de taza de cebolla verde picada,,,,,
86af71fa-e16a-11ed-947a-a96d6180cd25,Carne con Chimichurri al Estilo Colombiano,11,3 cucharadas de vinagre de vino tinto,3,3.0,,,cucharadas,vinagre de vino tinto,,,,,
86af71fa-e16a-11ed-947a-a96d6180cd25,Carne con Chimichurri al Estilo Colombiano,12,3 cucharadas de aceite de oliva,3,3.0,,,cucharadas,aceite de oliva,,,,,
86af71fa-e16a-11ed-947a-a96d6180cd25,Carne con Chimichurri al Estilo Colombiano,13,Sal y pimienta,,,,,,Sal y pimienta,,,,,
86af71fb-e16a-11ed-8027-a96d6180cd25,Sudado de Cola o Rabo de Res,1,1 ½ - 2 libra de rabo o cola de res,1 ½,1.5,,,,- 2 libra de rabo o cola de res,,,,,
86af71fb-e16a-11ed-8027-a96d6180cd25,Sudado de Cola o Rabo de Res,2,2 tazas de caldo de res,2,2.0,,,tazas,caldo de res,,,,,
86af71fb-e16a-11ed-8027-a96d6180cd25,Sudado de Cola o Rabo de Res,3,1 taza de agua,1,1.0,,,taza,agua,,,,,
86af71fb-e16a-11ed-8027-a96d6180cd25,Sudado de Cola o Rabo de Res,4,4 cebolletas finamente picadas,4,4.0,,,,cebolletas finamente picadas,,,,,
86af71fb-e16a-11ed-8027-a96d6180cd25,Sudado de Cola o Rabo de Res,5,"3 dientes de ajo, finamente picados",3,3.0,,,dientes,"ajo, finamente picados",,,,,
86af71fb-e16a-11ed-8027-a96d6180cd25,Sudado de Cola o Rabo de Res,6,"1 cebolla blanca, finamente picada",1,1.0,,,,"cebolla blanca, finamente picada",,,,,
86af71fb-e16a-11ed-8027-a96d6180cd25,Sudado de Cola o Rabo de Res,7,2 tazas tazas de tomate finamente picado,2,2.0,,,tazas,tazas de tomate finamente picado,,,,,
86af71fb-e16a-11ed-8027-a96d6180cd25,Sudado de Cola o Rabo de Res,8,1 cucharadita de comino en polvo,1,1.0,,,cucharadita,comino en polvo,,,,,
86af71fb-e16a-11ed-8027-a96d6180cd25,Sudado de Cola o Rabo de Res,9,½ cucharadita de sazón con color,½,0.5,,,cucharadita,sazón con color,,,,,
86af71fb-e16a-11ed-8027-a96d6180cd25,Sudado de Cola o Rabo de Res,10,Sal y pimienta al gusto,,,,,,Sal y pimienta al gusto,,,,,
86af71fb-e16a-11ed-8027-a96d6180cd25,Sudado de Cola o Rabo de Res,11,"8 papas pequeñas enteras, peladas",8,8.0,,,,"papas pequeñas enteras, peladas",,,,,
86af71fb-e16a-11ed-8027-a96d6180cd25,Sudado de Cola o Rabo de Res,12,½ libra ½ libra de yuca congelada o fresca (yuca),½,0.5,,,libra,½ libra de yuca congelada o fresca (yuca),,,,,
86af71fb-e16a-11ed-8027-a96d6180cd25,Sudado de Cola o Rabo de Res,13,Cilantro fresco,,,,,,Cilantro fresco,,,,,
86af71fc-e16a-11ed-aaec-a96d6180cd25,Chuletas de Cerdo a la Criolla,1,4 chuletas de cerdo con hueso,4,4.0,,,,chuletas de cerdo con hueso,,,,,
86af71fc-e16a-11ed-aaec-a96d6180cd25,Chuletas de Cerdo a la Criolla,2,2 cucharadas de aceite vegetal,2,2.0,,,cucharadas,aceite vegetal,,,,,
86af71fc-e16a-11ed-aaec-a96d6180cd25,Chuletas de Cerdo a la Criolla,3,3 dientes de ajo picados,3,3.0,,,dientes,ajo picados,,,,,
86af71fc-e16a-11ed-aaec-a96d6180cd25,Chuletas de Cerdo a la Criolla,4,½ cucharada de mostaza,½,0.5,,,cucharada,mostaza,,,,,
86af71fc-e16a-11ed-aaec-a96d6180cd25,Chuletas de Cerdo a la Criolla,5,1 cucharada de comino molido,1,1.0,,,cucharada,comino molido,,,,,
86af71fc-e16a-11ed-aaec-a96d6180cd25,Chuletas de Cerdo a la Criolla,6,3 to mates cortados en cubitos,3,3.0,,,,to mates cortados en cubitos,,,,,
86af71fc-e16a-11ed-aaec-a96d6180cd25,Chuletas de Cerdo a la Criolla,7,2 cebollas medianas cortadas en rodajas,2,2.0,,,,cebollas medianas cortadas en rodajas,,,,,
86af71fc-e16a-11ed-aaec-a96d6180cd25,Chuletas de Cerdo a la Criolla,8,¼ taza de cilantro picado,¼,0.25,,,taza,cilantro picado,,,,,
86af71fc-e16a-11ed-aaec-a96d6180cd25,Chuletas de Cerdo a la Criolla,9,Sal y pimienta negro,,,,,,Sal y pimienta negro,,,,,
86af71fd-e16a-11ed-959e-a96d6180cd25,Arroz Apastelado,1,1 libra de costillas de cerdo en trozos pequeños,1,1.0,,,libra,costillas de cerdo en trozos pequeños,,,,,
86af71fd-e16a-11ed-959e-a96d6180cd25,Arroz Apastelado,2,1 libra de carne de cerdo cortado en trozos pequeños,1,1.0,,,libra,carne de cerdo cortado en trozos pequeños,,,,,
86af71fd-e16a-11ed-959e-a96d6180cd25,Arroz Apastelado,3,Media taza de salsa de aliños ver receta aquí,,,,,,Media taza de salsa de aliños ver receta aquí,,,,,
86af71fd-e16a-11ed-959e-a96d6180cd25,Arroz Apastelado,4,1 cucharada de aceite vegetal o canola,1,1.0,,,cucharada,aceite vegetal o canola,,,,,
86af71fd-e16a-11ed-959e-a96d6180cd25,Arroz Apastelado,5,1 cebolla roja pequeña finamente picada,1,1.0,,,,cebolla roja pequeña finamente picada,,,,,
86af71fd-e16a-11ed-959e-a96d6180cd25,Arroz Apastelado,6,Media taza de cebolla blanca finamente picada,,,,,,Media taza de cebolla blanca finamente picada,,,,,
86af71fd-e16a-11ed-959e-a96d6180cd25,Arroz Apastelado,7,1 tomate pelado y picado,1,1.0,,,,tomate pelado y picado,,,,,
86af71fd-e16a-11ed-959e-a96d6180cd25,Arroz Apastelado,8,5 dientes de ajo picados,5,5.0,,,dientes,ajo picados,,,,,
86af71fd-e16a-11ed-959e-a96d6180cd25,Arroz Apastelado,9,Media cucharadita de achiote,,,,,,Media cucharadita de achiote,,,,,
86af71fd-e16a-11ed-959e-a96d6180cd25,Arroz Apastelado,10,2 tazas de arroz blanco,2,2.0,,,tazas,arroz blanco,,,,,
86af71fd-e16a-11ed-959e-a96d6180cd25,Arroz Apastelado,11,4 ½ tazas de agua,4 ½,4.5,,,tazas,agua,,,,,
86af71fd-e16a-11ed-959e-a96d6180cd25,Arroz Apastelado,12,1 cucharada de pasta de tomate,1,1.0,,,cucharada,pasta de tomate,,,,,
86af71fd-e16a-11ed-959e-a96d6180cd25,Arroz Apastelado,13,½ cucharada de vinagre blanco,½,0.5,,,cucharada,vinagre blanco,,,,,
86af71fd-e16a-11ed-959e-a96d6180cd25,Arroz Apastelado,14,Media taza de habichuelas cortadas en trozos,,,,,,Media taza de habichuelas cortadas en trozos,,,,,
86af71fd-e16a-11ed-959e-a96d6180cd25,Arroz Apastelado,15,Media taza de zanahorias en cubitos,,,,,,Media taza de zanahorias en cubitos,,,,,
86af71fd-e16a-11ed-959e-a96d6180cd25,Arroz Apastelado,16,Media taza de arvejas,,,,,,Media taza de arvejas,,,,,
86af71fd-e16a-11ed-959e-a96d6180cd25,Arroz Apastelado,17,Un cuarto de taza de aceitunas verdes,,,,,,Un cuarto de taza de aceitunas verdes,,,,,
86af71fd-e16a-11ed-959e-a96d6180cd25,Arroz Apastelado,18,1 cucharada de alcaparras,1,1.0,,,cucharada,alcaparras,,,,,
86af71fd-e16a-11ed-959e-a96d6180cd25,Arroz Apastelado,19,Un cuarto de cucharadita de comino molido,,,,,,Un cuarto de cucharadita de comino molido,,,,,
86af71fd-e16a-11ed-959e-a96d6180cd25,Arroz Apastelado,20,Sal y pimienta negro al gusto,,,,,,Sal y pimienta negro al gusto,,,,,
86af71fe-e16a-11ed-94df-a96d6180cd25,Chuzos o Pinchos de Carne de Res,1,1 ½ libra filete de res cortado en cubos,1 ½,1.5,,,libra,filete de res cortado en cubos,,,,,
86af71fe-e16a-11ed-94df-a96d6180cd25,Chuzos o Pinchos de Carne de Res,2,½ de taza de cebolla finamente picada,½,0.5,,,,de taza de cebolla finamente picada,,,,,
86af71fe-e16a-11ed-94df-a96d6180cd25,Chuzos o Pinchos de Carne de Res,3,2 dientes de ajo picados,2,2.0,,,dientes,ajo picados,,,,,
86af71fe-e16a-11ed-94df-a96d6180cd25,Chuzos o Pinchos de Carne de Res,4,1 cebolla de rama picada,1,1.0,,,,cebolla de rama picada,,,,,
86af71fe-e16a-11ed-94df-a96d6180cd25,Chuzos o Pinchos de Carne de Res,5,½ cucharadita de comino molido,½,0.5,,,cucharadita,comino molido,,,,,
86af71fe-e16a-11ed-94df-a96d6180cd25,Chuzos o Pinchos de Carne de Res,6,½ taza de cerveza,½,0.5,,,taza,cerveza,,,,,
86af71fe-e16a-11ed-94df-a96d6180cd25,Chuzos o Pinchos de Carne de Res,7,El aceite de oliva para asar la carne,,,,,,El aceite de oliva para asar la carne,,,,,
86af71fe-e16a-11ed-94df-a96d6180cd25,Chuzos o Pinchos de Carne de Res,8,Sal y pimienta negra,,,,,,Sal y pimienta negra,,,,,
86af71ff-e16a-11ed-a921-a96d6180cd25,Arepa Boyacense,1,2 tazas de harina de maíz amarilla pre cocida masarepa,2,2.0,,,tazas,harina de maíz amarilla pre cocida masarepa,,,,,
86af71ff-e16a-11ed-a921-a96d6180cd25,Arepa Boyacense,2,5 cucharadas de harina de trigo,5,5.0,,,cucharadas,harina de trigo,,,,,
86af71ff-e16a-11ed-a921-a96d6180cd25,Arepa Boyacense,3,1 + ½ tazas de agua caliente,1,1.0,,,,+ ½ tazas de agua caliente,,,,,
86af71ff-e16a-11ed-a921-a96d6180cd25,Arepa Boyacense,4,½ taza de leche,½,0.5,,,taza,leche,,,,,
86af71ff-e16a-11ed-a921-a96d6180cd25,Arepa Boyacense,5,¼ cucharadita de sal,¼,0.25,,,cucharadita,sal,,,,,
86af71ff-e16a-11ed-a921-a96d6180cd25,Arepa Boyacense,6,2 cucharadas de azúcar,2,2.0,,,cucharadas,azúcar,,,,,
86af71ff-e16a-11ed-a921-a96d6180cd25,Arepa Boyacense,7,3 cucharadas de mantequilla suave un poco más para cocinar,3,3.0,,,cucharadas,mantequilla suave un poco más para cocinar,,,,,
86af71ff-e16a-11ed-a921-a96d6180cd25,Arepa Boyacense,8,2 tazas de queso fresco o quesito colombiano,2,2.0,,,tazas,queso fresco o quesito colombiano,,,,,
86af7200-e16a-11ed-8d5e-a96d6180cd25,Crema de Avena,1,3 cucharadas de mantequilla,3,3.0,,,cucharadas,mantequilla,,,,,
86af7200-e16a-11ed-8d5e-a96d6180cd25,Crema de Avena,2,1 cebolla cortada en cubitos,1,1.0,,,,cebolla cortada en cubitos,,,,,
86af7200-e16a-11ed-8d5e-a96d6180cd25,Crema de Avena,3,1 cebolla larga cortada en cubitos,1,1.0,,,,cebolla larga cortada en cubitos,,,,,
86af7200-e16a-11ed-8d5e-a96d6180cd25,Crema de Avena,4,2 dientes de ajo picados,2,2.0,,,dientes,ajo picados,,,,,
86af7200-e16a-11ed-8d5e-a96d6180cd25,Crema de Avena,5,½ cucharadita de comino molido,½,0.5,,,cucharadita,comino molido,,,,,
86af7200-e16a-11ed-8d5e-a96d6180cd25,Crema de Avena,6,½ taza de hojuelas de avena,½,0.5,,,taza,hojuelas de avena,,,,,
86af7200-e16a-11ed-8d5e-a96d6180cd25,Crema de Avena,7,1 papa grande pelada y cortada en cubitos,1,1.0,,,,papa grande pelada y cortada en cubitos,,,,,
86af7200-e16a-11ed-8d5e-a96d6180cd25,Crema de Avena,8,5 tazas de caldo de pollo o de verduras,5,5.0,,,tazas,caldo de pollo o de verduras,,,,,
86af7200-e16a-11ed-8d5e-a96d6180cd25,Crema de Avena,9,1 ½ tazas de leche,1 ½,1.5,,,tazas,leche,,,,,
86af7200-e16a-11ed-8d5e-a96d6180cd25,Crema de Avena,10,Sal y pimienta al gusto,,,,,,Sal y pimienta al gusto,,,,,
86af7201-e16a-11ed-a13e-a96d6180cd25,Frijoles Rojos Colombianos,1,1 libra frijoles rojos remojados durante la noche,1,1.0,,,libra,frijoles rojos remojados durante la noche,,,,,
86af7201-e16a-11ed-a13e-a96d6180cd25,Frijoles Rojos Colombianos,2,1 cebolla cortada en cubitos,1,1.0,,,,cebolla cortada en cubitos,,,,,
86af7201-e16a-11ed-a13e-a96d6180cd25,Frijoles Rojos Colombianos,3,3 cebollas largas picadas,3,3.0,,,,cebollas largas picadas,,,,,
86af7201-e16a-11ed-a13e-a96d6180cd25,Frijoles Rojos Colombianos,4,5 dientes de ajo machacados,5,5.0,,,dientes,ajo machacados,,,,,
86af7201-e16a-11ed-a13e-a96d6180cd25,Frijoles Rojos Colombianos,5,1 pimentón rojo cortado en cubitos,1,1.0,,,,pimentón rojo cortado en cubitos,,,,,
86af7201-e16a-11ed-a13e-a96d6180cd25,Frijoles Rojos Colombianos,6,1 Pimentón verde cortado en cubitos,1,1.0,,,,Pimentón verde cortado en cubitos,,,,,
86af7201-e16a-11ed-a13e-a96d6180cd25,Frijoles Rojos Colombianos,7,1 taza de tomates pelados y cortados en cubitos,1,1.0,,,taza,tomates pelados y cortados en cubitos,,,,,
86af7201-e16a-11ed-a13e-a96d6180cd25,Frijoles Rojos Colombianos,8,½ cucharadita de polvo de achiote o color,½,0.5,,,cucharadita,polvo de achiote o color,,,,,
86af7201-e16a-11ed-a13e-a96d6180cd25,Frijoles Rojos Colombianos,9,1 cucharadita de comino molido,1,1.0,,,cucharadita,comino molido,,,,,
86af7201-e16a-11ed-a13e-a96d6180cd25,Frijoles Rojos Colombianos,10,4 tazas de agua,4,4.0,,,tazas,agua,,,,,
86af7201-e16a-11ed-a13e-a96d6180cd25,Frijoles Rojos Colombianos,11,4 tazas de caldo pollo carne de res o de verduras,4,4.0,,,tazas,caldo pollo carne de res o de verduras,,,,,
86af7201-e16a-11ed-a13e-a96d6180cd25,Frijoles Rojos Colombianos,12,2 zanahorias grandes peladas y en cubitos,2,2.0,,,,zanahorias grandes peladas y en cubitos,,,,,
86af7201-e16a-11ed-a13e-a96d6180cd25,Frijoles Rojos Colombianos,13,¼ taza de cebolla picada,¼,0.25,,,taza,cebolla picada,,,,,
86af7201-e16a-11ed-a13e-a96d6180cd25,Frijoles Rojos Colombianos,14,Cilantro o perejil,,,,,,Cilantro o perejil,,,,,
86af7201-e16a-11ed-a13e-a96d6180cd25,Frijoles Rojos Colombianos,15,Sal y pimienta al gusto,,,,,,Sal y pimienta al gusto,,,,,
86af7202-e16a-11ed-b0e0-a96d6180cd25,Chuleta Valluna,1,2 libras de lomo de cerdo,2,2.0,,,libras,lomo de cerdo,,,,,
86af7202-e16a-11ed-b0e0-a96d6180cd25,Chuleta Valluna,2,Sal y pimienta al gusto,,,,,,Sal y pimienta al gusto,,,,,
86af7202-e16a-11ed-b0e0-a96d6180cd25,Chuleta Valluna,3,3 dientes de ajo picados,3,3.0,,,dientes,ajo picados,,,,,
86af7202-e16a-11ed-b0e0-a96d6180cd25,Chuleta Valluna,4,3 cucharadas de cebolla larga finamente picada,3,3.0,,,cucharadas,cebolla larga finamente picada,,,,,
86af7202-e16a-11ed-b0e0-a96d6180cd25,Chuleta Valluna,5,3 cucharadas de cebolla blanca finamente picada,3,3.0,,,cucharadas,cebolla blanca finamente picada,,,,,
86af7202-e16a-11ed-b0e0-a96d6180cd25,Chuleta Valluna,6,½ cucharadita de comino molido,½,0.5,,,cucharadita,comino molido,,,,,
86af7202-e16a-11ed-b0e0-a96d6180cd25,Chuleta Valluna,7,¾ de taza de harina para todo uso,¾,0.75,,,,de taza de harina para todo uso,,,,,
86af7202-e16a-11ed-b0e0-a96d6180cd25,Chuleta Valluna,8,1 cucharada de sazón con color,1,1.0,,,cucharada,sazón con color,,,,,
86af7202-e16a-11ed-b0e0-a96d6180cd25,Chuleta Valluna,9,4 huevos,4,4.0,,,,huevos,,,,,
86af7202-e16a-11ed-b0e0-a96d6180cd25,Chuleta Valluna,10,1 taza de pan rallado,1,1.0,,,taza,pan rallado,,,,,
86af7202-e16a-11ed-b0e0-a96d6180cd25,Chuleta Valluna,11,6 cucharadas de aceite vegetal,6,6.0,,,cucharadas,aceite vegetal,,,,,
86af7202-e16a-11ed-b0e0-a96d6180cd25,Chuleta Valluna,12,Chuleta Valluna,,,,,,Chuleta Valluna,,,,,
86af7203-e16a-11ed-ae69-a96d6180cd25,Arepa con Camarones y Hogao,1,2 arepas asadas,2,2.0,,,,arepas asadas,,,,,
86af7203-e16a-11ed-ae69-a96d6180cd25,Arepa con Camarones y Hogao,2,12 camarones medianos limpios y desvenados,12,12.0,,,,camarones medianos limpios y desvenados,,,,,
86af7203-e16a-11ed-ae69-a96d6180cd25,Arepa con Camarones y Hogao,3,Sal y pimienta,,,,,,Sal y pimienta,,,,,
86af7203-e16a-11ed-ae69-a96d6180cd25,Arepa con Camarones y Hogao,4,2 tazas de hogao Mira la receta,2,2.0,,,tazas,hogao Mira la receta,,,,,
86af7203-e16a-11ed-ae69-a96d6180cd25,Arepa con Camarones y Hogao,5,Cilantro fresco para adornar,,,,,,Cilantro fresco para adornar,,,,,
86af7204-e16a-11ed-b87d-a96d6180cd25,Albóndigas de Pescado,1,"1 libra de pescado blanco cortado en trozos pequeños halibut, tilapia o mahi-mahi",1,1.0,,,libra,"pescado blanco cortado en trozos pequeños halibut, tilapia o mahi-mahi",,,,,
86af7204-e16a-11ed-b87d-a96d6180cd25,Albóndigas de Pescado,2,1 taza de migas de pan,1,1.0,,,taza,migas de pan,,,,,
86af7204-e16a-11ed-b87d-a96d6180cd25,Albóndigas de Pescado,3,½ cebolla picada,½,0.5,,,,cebolla picada,,,,,
86af7204-e16a-11ed-b87d-a96d6180cd25,Albóndigas de Pescado,4,3 dientes de ajo picados,3,3.0,,,dientes,ajo picados,,,,,
86af7204-e16a-11ed-b87d-a96d6180cd25,Albóndigas de Pescado,5,½ pimentón rojo picado,½,0.5,,,,pimentón rojo picado,,,,,
86af7204-e16a-11ed-b87d-a96d6180cd25,Albóndigas de Pescado,6,1 huevo batido,1,1.0,,,,huevo batido,,,,,
86af7204-e16a-11ed-b87d-a96d6180cd25,Albóndigas de Pescado,7,Sal y pimienta,,,,,,Sal y pimienta,,,,,
86af7204-e16a-11ed-b87d-a96d6180cd25,Albóndigas de Pescado,8,1 cucharada de aceite de canola o vegetal,1,1.0,,,cucharada,aceite de canola o vegetal,,,,,
86af7204-e16a-11ed-b87d-a96d6180cd25,Albóndigas de Pescado,9,1 cebolla blanca pequeña cortados en cubitos,1,1.0,,,,cebolla blanca pequeña cortados en cubitos,,,,,
86af7204-e16a-11ed-b87d-a96d6180cd25,Albóndigas de Pescado,10,1 pimiento rojo pequeño cortado en cubitos,1,1.0,,,,pimiento rojo pequeño cortado en cubitos,,,,,
86af7204-e16a-11ed-b87d-a96d6180cd25,Albóndigas de Pescado,11,½ pimentón verde cortado en cubitos,½,0.5,,,,pimentón verde cortado en cubitos,,,,,
86af7204-e16a-11ed-b87d-a96d6180cd25,Albóndigas de Pescado,12,2 dientes de ajo picados,2,2.0,,,dientes,ajo picados,,,,,
86af7204-e16a-11ed-b87d-a96d6180cd25,Albóndigas de Pescado,13,1 taza de tomate picado,1,1.0,,,taza,tomate picado,,,,,
86af7204-e16a-11ed-b87d-a96d6180cd25,Albóndigas de Pescado,14,2 tazas de leche de coco,2,2.0,,,tazas,leche de coco,,,,,
86af7204-e16a-11ed-b87d-a96d6180cd25,Albóndigas de Pescado,15,Sal y pimienta,,,,,,Sal y pimienta,,,,,
86af7205-e16a-11ed-bed7-a96d6180cd25,Pollo en Leche de Coco,1,4 piernas de pollo con hueso y la piel o pechugas de pollo,4,4.0,,,,piernas de pollo con hueso y la piel o pechugas de pollo,,,,,
86af7205-e16a-11ed-bed7-a96d6180cd25,Pollo en Leche de Coco,2,1 cucharada de aceite,1,1.0,,,cucharada,aceite,,,,,
86af7205-e16a-11ed-bed7-a96d6180cd25,Pollo en Leche de Coco,3,½ taza de cebolla picada,½,0.5,,,taza,cebolla picada,,,,,
86af7205-e16a-11ed-bed7-a96d6180cd25,Pollo en Leche de Coco,4,1 diente de ajo picado,1,1.0,,,diente,ajo picado,,,,,
86af7205-e16a-11ed-bed7-a96d6180cd25,Pollo en Leche de Coco,5,½ de pimientuón rojo picado,½,0.5,,,,de pimientuón rojo picado,,,,,
86af7205-e16a-11ed-bed7-a96d6180cd25,Pollo en Leche de Coco,6,1 tableta de caldo de pollo,1,1.0,,,,tableta de caldo de pollo,,,,,
86af7205-e16a-11ed-bed7-a96d6180cd25,Pollo en Leche de Coco,7,½ cucharadita de comino en polvo,½,0.5,,,cucharadita,comino en polvo,,,,,
86af7205-e16a-11ed-bed7-a96d6180cd25,Pollo en Leche de Coco,8,1 cucharada de pasta de tomate,1,1.0,,,cucharada,pasta de tomate,,,,,
86af7205-e16a-11ed-bed7-a96d6180cd25,Pollo en Leche de Coco,9,1 lata 13.5 onzas de leche de coco o fresca,1,1.0,,,lata,13.5 onzas de leche de coco o fresca,,,,,
86af7205-e16a-11ed-bed7-a96d6180cd25,Pollo en Leche de Coco,10,Sal y pimienta,,,,,,Sal y pimienta,,,,,
86af7205-e16a-11ed-bed7-a96d6180cd25,Pollo en Leche de Coco,11,Cilantro para adornar,,,,,,Cilantro para adornar,,,,,
86af7205-e16a-11ed-bed7-a96d6180cd25,Pollo en Leche de Coco,12,Arroz blanco para servir,,,,,,Arroz blanco para servir,,,,,
86af7206-e16a-11ed-868f-a96d6180cd25,Locro Nariñense,1,5 papas blancas peladas y en cubitos,5,5.0,,,,papas blancas peladas y en cubitos,,,,,
86af7206-e16a-11ed-868f-a96d6180cd25,Locro Nariñense,2,5 papas rojas peladas y en cubitos,5,5.0,,,,papas rojas peladas y en cubitos,,,,,
86af7206-e16a-11ed-868f-a96d6180cd25,Locro Nariñense,3,1 taza de hogao,1,1.0,,,taza,hogao,,,,,
86af7206-e16a-11ed-868f-a96d6180cd25,Locro Nariñense,4,7 tazas de agua,7,7.0,,,tazas,agua,,,,,
86af7206-e16a-11ed-868f-a96d6180cd25,Locro Nariñense,5,½ taza de leche o muás si es necesario,½,0.5,,,taza,leche o muás si es necesario,,,,,
86af7206-e16a-11ed-868f-a96d6180cd25,Locro Nariñense,6,1 taza de queso fresco desmenuzado y un poco muás para servir,1,1.0,,,taza,queso fresco desmenuzado y un poco muás para servir,,,,,
86af7206-e16a-11ed-868f-a96d6180cd25,Locro Nariñense,7,¼ taza de perejil fresco picado,¼,0.25,,,taza,perejil fresco picado,,,,,
86af7206-e16a-11ed-868f-a96d6180cd25,Locro Nariñense,8,¼ taza de hojas de cilantro fresco picado,¼,0.25,,,taza,hojas de cilantro fresco picado,,,,,
86af7206-e16a-11ed-868f-a96d6180cd25,Locro Nariñense,9,Sal y pimienta negro al gusto,,,,,,Sal y pimienta negro al gusto,,,,,
86af7207-e16a-11ed-a85e-a96d6180cd25,Caldo de Costilla,1,3 libras de costillas de res,3,3.0,,,libras,costillas de res,,,,,
86af7207-e16a-11ed-a85e-a96d6180cd25,Caldo de Costilla,2,15 tazas de agua,15,15.0,,,tazas,agua,,,,,
86af7207-e16a-11ed-a85e-a96d6180cd25,Caldo de Costilla,3,1 cucharadita de comino molido,1,1.0,,,cucharadita,comino molido,,,,,
86af7207-e16a-11ed-a85e-a96d6180cd25,Caldo de Costilla,4,¼ cucharadita de achiote molido,¼,0.25,,,cucharadita,achiote molido,,,,,
86af7207-e16a-11ed-a85e-a96d6180cd25,Caldo de Costilla,5,5 dientes de ajo,5,5.0,,,dientes,ajo,,,,,
86af7207-e16a-11ed-a85e-a96d6180cd25,Caldo de Costilla,6,1 taza de cebolla cortada en cubitos,1,1.0,,,taza,cebolla cortada en cubitos,,,,,
86af7207-e16a-11ed-a85e-a96d6180cd25,Caldo de Costilla,7,6 cebollas largas picadas,6,6.0,,,,cebollas largas picadas,,,,,
86af7207-e16a-11ed-a85e-a96d6180cd25,Caldo de Costilla,8,½ taza de cilantro fresco picado,½,0.5,,,taza,cilantro fresco picado,,,,,
86af7207-e16a-11ed-a85e-a96d6180cd25,Caldo de Costilla,9,1 libra de papas peladas y cortadas en trozos,1,1.0,,,libra,papas peladas y cortadas en trozos,,,,,
86af7207-e16a-11ed-a85e-a96d6180cd25,Caldo de Costilla,10,2 zanahorias grandes peladas y en rodajas,2,2.0,,,,zanahorias grandes peladas y en rodajas,,,,,
86af7207-e16a-11ed-a85e-a96d6180cd25,Caldo de Costilla,11,Sal y pimienta al gusto,,,,,,Sal y pimienta al gusto,,,,,
86af7208-e16a-11ed-ac3a-a96d6180cd25,Sopa de Mute,1,2 libras de costillas de cerdo o espinazos,2,2.0,,,libras,costillas de cerdo o espinazos,,,,,
86af7208-e16a-11ed-ac3a-a96d6180cd25,Sopa de Mute,2,8 tazas de agua,8,8.0,,,tazas,agua,,,,,
86af7208-e16a-11ed-ac3a-a96d6180cd25,Sopa de Mute,3,Sal y pimienta,,,,,,Sal y pimienta,,,,,
86af7208-e16a-11ed-ac3a-a96d6180cd25,Sopa de Mute,4,½ cucharadita de comino molido,½,0.5,,,cucharadita,comino molido,,,,,
86af7208-e16a-11ed-ac3a-a96d6180cd25,Sopa de Mute,5,½ cucharadita de color,½,0.5,,,cucharadita,color,,,,,
86af7208-e16a-11ed-ac3a-a96d6180cd25,Sopa de Mute,6,2 cebollas largas,2,2.0,,,,cebollas largas,,,,,
86af7208-e16a-11ed-ac3a-a96d6180cd25,Sopa de Mute,7,1 lata de 15.5 oz hominy o maiz pelao amarillo,1,1.0,,,lata,15.5 oz hominy o maiz pelao amarillo,,,,,
86af7208-e16a-11ed-ac3a-a96d6180cd25,Sopa de Mute,8,2 papas medianas peladas y cortadas en cubitos,2,2.0,,,,papas medianas peladas y cortadas en cubitos,,,,,
86af7208-e16a-11ed-ac3a-a96d6180cd25,Sopa de Mute,9,¼ taza de cilantro fresco picado,¼,0.25,,,taza,cilantro fresco picado,,,,,
86af7208-e16a-11ed-ac3a-a96d6180cd25,Sopa de Mute,10,¼ taza de hogao,¼,0.25,,,taza,hogao,,,,,
86af7208-e16a-11ed-ac3a-a96d6180cd25,Sopa de Mute,11,½ cucharadita de tomillo fresco,½,0.5,,,cucharadita,tomillo fresco,,,,,
86af7209-e16a-11ed-81da-a96d6180cd25,Lomo de Cerdo Relleno,1,1 taza de jamón en cubos,1,1.0,,,taza,jamón en cubos,,,,,
86af7209-e16a-11ed-81da-a96d6180cd25,Lomo de Cerdo Relleno,2,1 zanahoria grande pelada y cortada en cubitos,1,1.0,,,,zanahoria grande pelada y cortada en cubitos,,,,,
86af7209-e16a-11ed-81da-a96d6180cd25,Lomo de Cerdo Relleno,3,1 pimiento rojo asado cortado en cubitos,1,1.0,,,,pimiento rojo asado cortado en cubitos,,,,,
86af7209-e16a-11ed-81da-a96d6180cd25,Lomo de Cerdo Relleno,4,1 cebolla pequeña cortada en cubitos,1,1.0,,,,cebolla pequeña cortada en cubitos,,,,,
86af7209-e16a-11ed-81da-a96d6180cd25,Lomo de Cerdo Relleno,5,2 cebollas largas picadas,2,2.0,,,,cebollas largas picadas,,,,,
86af7209-e16a-11ed-81da-a96d6180cd25,Lomo de Cerdo Relleno,6,3 dientes de ajo,3,3.0,,,dientes,ajo,,,,,
86af7209-e16a-11ed-81da-a96d6180cd25,Lomo de Cerdo Relleno,7,¾ taza de migas de pan,¾,0.75,,,taza,migas de pan,,,,,
86af7209-e16a-11ed-81da-a96d6180cd25,Lomo de Cerdo Relleno,8,1 huevo batido,1,1.0,,,,huevo batido,,,,,
86af7209-e16a-11ed-81da-a96d6180cd25,Lomo de Cerdo Relleno,9,1 lomo de cerdo de 3 a 4 libras,1,1.0,,,,lomo de cerdo de 3 a 4 libras,,,,,
86af7209-e16a-11ed-81da-a96d6180cd25,Lomo de Cerdo Relleno,10,2 cucharadas de aceite de oliva,2,2.0,,,cucharadas,aceite de oliva,,,,,
86af7209-e16a-11ed-81da-a96d6180cd25,Lomo de Cerdo Relleno,11,1 cucharadita de comino molido,1,1.0,,,cucharadita,comino molido,,,,,
86af7209-e16a-11ed-81da-a96d6180cd25,Lomo de Cerdo Relleno,12,Sal y pimienta,,,,,,Sal y pimienta,,,,,
86af720a-e16a-11ed-9fc9-a96d6180cd25,Calentado Colombiano,1,4 arepas,4,4.0,,,,arepas,,,,,
86af720a-e16a-11ed-9fc9-a96d6180cd25,Calentado Colombiano,2,4 chorizos colombianos cocinados,4,4.0,,,,chorizos colombianos cocinados,,,,,
86af720a-e16a-11ed-9fc9-a96d6180cd25,Calentado Colombiano,3,4 huevos fritos soleado hacia arriba o huevos con tomate y cebolla,4,4.0,,,,huevos fritos soleado hacia arriba o huevos con tomate y cebolla,,,,,
86af720a-e16a-11ed-9fc9-a96d6180cd25,Calentado Colombiano,4,3 tazas de hogao ver receta,3,3.0,,,tazas,hogao ver receta,,,,,
86af720a-e16a-11ed-9fc9-a96d6180cd25,Calentado Colombiano,5,4 tazas de arroz blanco,4,4.0,,,tazas,arroz blanco,,,,,
86af720a-e16a-11ed-9fc9-a96d6180cd25,Calentado Colombiano,6,4 tazas de frijoles antiqueños cocinados Ver receta aqui,4,4.0,,,tazas,frijoles antiqueños cocinados Ver receta aqui,,,,,
86af720b-e16a-11ed-9e17-a96d6180cd25,Sobrebarriga Sudada,1,2 libras de sobrebarriga cortados en trozos grandes,2,2.0,,,libras,sobrebarriga cortados en trozos grandes,,,,,
86af720b-e16a-11ed-9e17-a96d6180cd25,Sobrebarriga Sudada,2,5 tazas de agua,5,5.0,,,tazas,agua,,,,,
86af720b-e16a-11ed-9e17-a96d6180cd25,Sobrebarriga Sudada,3,1 taza de salsa de aliños ver la receta aquí,1,1.0,,,taza,salsa de aliños ver la receta aquí,,,,,
86af720b-e16a-11ed-9e17-a96d6180cd25,Sobrebarriga Sudada,4,2 tazas de tomate picado,2,2.0,,,tazas,tomate picado,,,,,
86af720b-e16a-11ed-9e17-a96d6180cd25,Sobrebarriga Sudada,5,Comino en polvo ½ cucharadita,,,,,,Comino en polvo ½ cucharadita,,,,,
86af720b-e16a-11ed-9e17-a96d6180cd25,Sobrebarriga Sudada,6,Sal y pimienta a su gusto,,,,,,Sal y pimienta a su gusto,,,,,
86af720b-e16a-11ed-9e17-a96d6180cd25,Sobrebarriga Sudada,7,6 papas peladas y cortadas por la mitad,6,6.0,,,,papas peladas y cortadas por la mitad,,,,,
86af720b-e16a-11ed-9e17-a96d6180cd25,Sobrebarriga Sudada,8,½ libra de yuca fresca o congelada,½,0.5,,,libra,yuca fresca o congelada,,,,,
86af720b-e16a-11ed-9e17-a96d6180cd25,Sobrebarriga Sudada,9,Cilantro fresco,,,,,,Cilantro fresco,,,,,
86af720c-e16a-11ed-beab-a96d6180cd25,Plátano Relleno de Carne Desmechada,1,6 plátanos maduros pelados enteros,6,6.0,,,,plátanos maduros pelados enteros,,,,,
86af720c-e16a-11ed-beab-a96d6180cd25,Plátano Relleno de Carne Desmechada,2,2 cucharadas de mantequilla derretida o aceite,2,2.0,,,cucharadas,mantequilla derretida o aceite,,,,,
86af720c-e16a-11ed-beab-a96d6180cd25,Plátano Relleno de Carne Desmechada,3,1 receta de carne desmechada o ropa vieja ver la receta aquí,1,1.0,,,,receta de carne desmechada o ropa vieja ver la receta aquí,,,,,
86af720c-e16a-11ed-beab-a96d6180cd25,Plátano Relleno de Carne Desmechada,4,1 taza de queso mozzarella rallado,1,1.0,,,taza,queso mozzarella rallado,,,,,
86af720c-e16a-11ed-beab-a96d6180cd25,Plátano Relleno de Carne Desmechada,5,Cilantro fresco picado,,,,,,Cilantro fresco picado,,,,,
86af720d-e16a-11ed-9947-a96d6180cd25,Lengua en Salsa Criolla,1,1 lengua de res de 3 a 4 libras,1,1.0,,,,lengua de res de 3 a 4 libras,,,,,
86af720d-e16a-11ed-9947-a96d6180cd25,Lengua en Salsa Criolla,2,4 cebollas largas enteras,4,4.0,,,,cebollas largas enteras,,,,,
86af720d-e16a-11ed-9947-a96d6180cd25,Lengua en Salsa Criolla,3,2 cucharadas de aceite vegetal,2,2.0,,,cucharadas,aceite vegetal,,,,,
86af720d-e16a-11ed-9947-a96d6180cd25,Lengua en Salsa Criolla,4,1 cebolla blanca grande en rodajas,1,1.0,,,,cebolla blanca grande en rodajas,,,,,
86af720d-e16a-11ed-9947-a96d6180cd25,Lengua en Salsa Criolla,5,3 tazas de tomates cortados en cubitos,3,3.0,,,tazas,tomates cortados en cubitos,,,,,
86af720d-e16a-11ed-9947-a96d6180cd25,Lengua en Salsa Criolla,6,4 cebollas largas picadas,4,4.0,,,,cebollas largas picadas,,,,,
86af720d-e16a-11ed-9947-a96d6180cd25,Lengua en Salsa Criolla,7,6 dientes de ajo picados,6,6.0,,,dientes,ajo picados,,,,,
86af720d-e16a-11ed-9947-a96d6180cd25,Lengua en Salsa Criolla,8,1 cucharada de comino molido,1,1.0,,,cucharada,comino molido,,,,,
86af720d-e16a-11ed-9947-a96d6180cd25,Lengua en Salsa Criolla,9,½ taza de caldo de carne,½,0.5,,,taza,caldo de carne,,,,,
86af720d-e16a-11ed-9947-a96d6180cd25,Lengua en Salsa Criolla,10,Sal y pimienta negra,,,,,,Sal y pimienta negra,,,,,
86af720e-e16a-11ed-a891-a96d6180cd25,Estofado de pollo con Vegetales,1,1-1 / 4 libras de pechugas de pollo sin piel cortadas en trozos,1-1,,1.0,1.0,,/ 4 libras de pechugas de pollo sin piel cortadas en trozos,,,,,
86af720e-e16a-11ed-a891-a96d6180cd25,Estofado de pollo con Vegetales,2,Sal y pimienta,,,,,,Sal y pimienta,,,,,
86af720e-e16a-11ed-a891-a96d6180cd25,Estofado de pollo con Vegetales,3,1 cucharadita de comino molido,1,1.0,,,cucharadita,comino molido,,,,,
86af720e-e16a-11ed-a891-a96d6180cd25,Estofado de pollo con Vegetales,4,½ cucharadita de achiote o color,½,0.5,,,cucharadita,achiote o color,,,,,
86af720e-e16a-11ed-a891-a96d6180cd25,Estofado de pollo con Vegetales,5,2 cucharadas de aceite vegetal,2,2.0,,,cucharadas,aceite vegetal,,,,,
86af720e-e16a-11ed-a891-a96d6180cd25,Estofado de pollo con Vegetales,6,1 cebolla amarilla mediana finamente picada,1,1.0,,,,cebolla amarilla mediana finamente picada,,,,,
86af720e-e16a-11ed-a891-a96d6180cd25,Estofado de pollo con Vegetales,7,2 cebollas largas picadas,2,2.0,,,,cebollas largas picadas,,,,,
86af720e-e16a-11ed-a891-a96d6180cd25,Estofado de pollo con Vegetales,8,4 dientes de ajo picados,4,4.0,,,dientes,ajo picados,,,,,
86af720e-e16a-11ed-a891-a96d6180cd25,Estofado de pollo con Vegetales,9,3 tazas de caldo de pollo,3,3.0,,,tazas,caldo de pollo,,,,,
86af720e-e16a-11ed-a891-a96d6180cd25,Estofado de pollo con Vegetales,10,2 papas peladas y en cubitos,2,2.0,,,,papas peladas y en cubitos,,,,,
86af720e-e16a-11ed-a891-a96d6180cd25,Estofado de pollo con Vegetales,11,½ libra de yuca pelada y cortada en trozos pequeños,½,0.5,,,libra,yuca pelada y cortada en trozos pequeños,,,,,
86af720e-e16a-11ed-a891-a96d6180cd25,Estofado de pollo con Vegetales,12,½ taza de arvejas congeladas,½,0.5,,,taza,arvejas congeladas,,,,,
86af720e-e16a-11ed-a891-a96d6180cd25,Estofado de pollo con Vegetales,13,½ taza de zanahorias en cubitos,½,0.5,,,taza,zanahorias en cubitos,,,,,
86af720e-e16a-11ed-a891-a96d6180cd25,Estofado de pollo con Vegetales,14,½ taza de habichuelas verdes cortadas en pedazos pequeños,½,0.5,,,taza,habichuelas verdes cortadas en pedazos pequeños,,,,,
86af720e-e16a-11ed-a891-a96d6180cd25,Estofado de pollo con Vegetales,15,¼ taza de cilantro fresco picado,¼,0.25,,,taza,cilantro fresco picado,,,,,
86af720f-e16a-11ed-8091-a96d6180cd25,Sopa de Lentejas con Plátano Verde,1,½ taza de cebolla picada,½,0.5,,,taza,cebolla picada,,,,,
86af720f-e16a-11ed-8091-a96d6180cd25,Sopa de Lentejas con Plátano Verde,2,1 diente de ajo picado,1,1.0,,,diente,ajo picado,,,,,
86af720f-e16a-11ed-8091-a96d6180cd25,Sopa de Lentejas con Plátano Verde,3,¼ de taza de cebolla larga picada,¼,0.25,,,,de taza de cebolla larga picada,,,,,
86af720f-e16a-11ed-8091-a96d6180cd25,Sopa de Lentejas con Plátano Verde,4,½ taza de tomates picados,½,0.5,,,taza,tomates picados,,,,,
86af720f-e16a-11ed-8091-a96d6180cd25,Sopa de Lentejas con Plátano Verde,5,5 tazas de caldo de verduras pollo de carne,5,5.0,,,tazas,caldo de verduras pollo de carne,,,,,
86af720f-e16a-11ed-8091-a96d6180cd25,Sopa de Lentejas con Plátano Verde,6,1 plátano verde pelado y picado,1,1.0,,,,plátano verde pelado y picado,,,,,
86af720f-e16a-11ed-8091-a96d6180cd25,Sopa de Lentejas con Plátano Verde,7,1 ¼ taza de lentejas,1 ¼,1.25,,,taza,lentejas,,,,,
86af720f-e16a-11ed-8091-a96d6180cd25,Sopa de Lentejas con Plátano Verde,8,Sal y pimienta,,,,,,Sal y pimienta,,,,,
86af720f-e16a-11ed-8091-a96d6180cd25,Sopa de Lentejas con Plátano Verde,9,¼ de cucharadita de pimienta,¼,0.25,,,,de cucharadita de pimienta,,,,,
86af720f-e16a-11ed-8091-a96d6180cd25,Sopa de Lentejas con Plátano Verde,10,½ taza de zanahorias en rebanadas,½,0.5,,,taza,zanahorias en rebanadas,,,,,
86af720f-e16a-11ed-8091-a96d6180cd25,Sopa de Lentejas con Plátano Verde,11,¼ cucharadita de comino en polvo,¼,0.25,,,cucharadita,comino en polvo,,,,,
86af720f-e16a-11ed-8091-a96d6180cd25,Sopa de Lentejas con Plátano Verde,12,Cilantro fresco para servir,,,,,,Cilantro fresco para servir,,,,,
86af7210-e16a-11ed-8034-a96d6180cd25,Sopa de Arroz con Cola y Verduras,1,2 a 3 libras de cola de res,2 a 3,,2.0,3.0,libras,cola de res,,,,,
86af7210-e16a-11ed-8034-a96d6180cd25,Sopa de Arroz con Cola y Verduras,2,¾ taza de arroz crudo,¾,0.75,,,taza,arroz crudo,,,,,
86af7210-e16a-11ed-8034-a96d6180cd25,Sopa de Arroz con Cola y Verduras,3,1 cebolla cortada en cubitos,1,1.0,,,,cebolla cortada en cubitos,,,,,
86af7210-e16a-11ed-8034-a96d6180cd25,Sopa de Arroz con Cola y Verduras,4,4 dientes de ajo,4,4.0,,,dientes,ajo,,,,,
86af7210-e16a-11ed-8034-a96d6180cd25,Sopa de Arroz con Cola y Verduras,5,3 cebollas larga cortados en pedazos,3,3.0,,,,cebollas larga cortados en pedazos,,,,,
86af7210-e16a-11ed-8034-a96d6180cd25,Sopa de Arroz con Cola y Verduras,6,1 cucharadita de comino molido,1,1.0,,,cucharadita,comino molido,,,,,
86af7210-e16a-11ed-8034-a96d6180cd25,Sopa de Arroz con Cola y Verduras,7,12 tazas de agua más si es necesario,12,12.0,,,tazas,agua más si es necesario,,,,,
86af7210-e16a-11ed-8034-a96d6180cd25,Sopa de Arroz con Cola y Verduras,8,1 taza de zanahorias en cubitos,1,1.0,,,taza,zanahorias en cubitos,,,,,
86af7210-e16a-11ed-8034-a96d6180cd25,Sopa de Arroz con Cola y Verduras,9,1 taza de arvejas frescos o congelados,1,1.0,,,taza,arvejas frescos o congelados,,,,,
86af7210-e16a-11ed-8034-a96d6180cd25,Sopa de Arroz con Cola y Verduras,10,1 taza de habichuelas verdes cortadas en tamaño de bocado,1,1.0,,,taza,habichuelas verdes cortadas en tamaño de bocado,,,,,
86af7210-e16a-11ed-8034-a96d6180cd25,Sopa de Arroz con Cola y Verduras,11,¼ taza de cilantro finamente picado,¼,0.25,,,taza,cilantro finamente picado,,,,,
86af7210-e16a-11ed-8034-a96d6180cd25,Sopa de Arroz con Cola y Verduras,12,Sal y pimienta para probar,,,,,,Sal y pimienta para probar,,,,,
86af7211-e16a-11ed-8a16-a96d6180cd25,Mazamorra Chiquita,1,2 libra de callo o menudo,2,2.0,,,libra,callo o menudo,,,,,
86af7211-e16a-11ed-8a16-a96d6180cd25,Mazamorra Chiquita,2,Zumo de 1 limón,,,,,,Zumo de 1 limón,,,,,
86af7211-e16a-11ed-8a16-a96d6180cd25,Mazamorra Chiquita,3,¼ cucharadita de bicarbonato de sodio,¼,0.25,,,cucharadita,bicarbonato de sodio,,,,,
86af7211-e16a-11ed-8a16-a96d6180cd25,Mazamorra Chiquita,4,1 libra de carne de res para guiso cortada en trozos pequeños,1,1.0,,,libra,carne de res para guiso cortada en trozos pequeños,,,,,
86af7211-e16a-11ed-8a16-a96d6180cd25,Mazamorra Chiquita,5,3 cebollas largas finamente picadas,3,3.0,,,,cebollas largas finamente picadas,,,,,
86af7211-e16a-11ed-8a16-a96d6180cd25,Mazamorra Chiquita,6,1 cebolla blanca finamente picada,1,1.0,,,,cebolla blanca finamente picada,,,,,
86af7211-e16a-11ed-8a16-a96d6180cd25,Mazamorra Chiquita,7,6 papas amarillas pequeñas o papa criolla,6,6.0,,,,papas amarillas pequeñas o papa criolla,,,,,
86af7211-e16a-11ed-8a16-a96d6180cd25,Mazamorra Chiquita,8,2 papas rojas grandes peladas y cortadas en cubitos,2,2.0,,,,papas rojas grandes peladas y cortadas en cubitos,,,,,
86af7211-e16a-11ed-8a16-a96d6180cd25,Mazamorra Chiquita,9,1 taza de maíz cocido de maíz,1,1.0,,,taza,maíz cocido de maíz,,,,,
86af7211-e16a-11ed-8a16-a96d6180cd25,Mazamorra Chiquita,10,1 taza de frijoles canarios cocidos,1,1.0,,,taza,frijoles canarios cocidos,,,,,
86af7211-e16a-11ed-8a16-a96d6180cd25,Mazamorra Chiquita,11,½ taza de habas,½,0.5,,,taza,habas,,,,,
86af7211-e16a-11ed-8a16-a96d6180cd25,Mazamorra Chiquita,12,1 manojo de hojas de acelga cortadas en pequeños pedazos,1,1.0,,,manojo,hojas de acelga cortadas en pequeños pedazos,,,,,
86af7211-e16a-11ed-8a16-a96d6180cd25,Mazamorra Chiquita,13,Sal y pimienta,,,,,,Sal y pimienta,,,,,
86af7211-e16a-11ed-8a16-a96d6180cd25,Mazamorra Chiquita,14,Agua,,,,,,Agua,,,,,
86af7212-e16a-11ed-a17c-a96d6180cd25,Lomo de Cerdo Asado con Piña,1,1 cucharada de comino en polvo,1,1.0,,,cucharada,comino en polvo,,,,,
86af7212-e16a-11ed-a17c-a96d6180cd25,Lomo de Cerdo Asado con Piña,2,1 cucharada de ajo en polvo,1,1.0,,,cucharada,ajo en polvo,,,,,
86af7212-e16a-11ed-a17c-a96d6180cd25,Lomo de Cerdo Asado con Piña,3,1 cucharada de cebolla en polvo,1,1.0,,,cucharada,cebolla en polvo,,,,,
86af7212-e16a-11ed-a17c-a96d6180cd25,Lomo de Cerdo Asado con Piña,4,1 cucharada de pimentón molido,1,1.0,,,cucharada,pimentón molido,,,,,
86af7212-e16a-11ed-a17c-a96d6180cd25,Lomo de Cerdo Asado con Piña,5,1 cucharadita de canela molida,1,1.0,,,cucharadita,canela molida,,,,,
86af7212-e16a-11ed-a17c-a96d6180cd25,Lomo de Cerdo Asado con Piña,6,1 cucharada de aceite,1,1.0,,,cucharada,aceite,,,,,
86af7212-e16a-11ed-a17c-a96d6180cd25,Lomo de Cerdo Asado con Piña,7,Sal y pimienta al gusto,,,,,,Sal y pimienta al gusto,,,,,
86af7212-e16a-11ed-a17c-a96d6180cd25,Lomo de Cerdo Asado con Piña,8,Para el lomo de cerdo asado:,,,,,,Para el lomo de cerdo asado:,,,,,
86af7212-e16a-11ed-a17c-a96d6180cd25,Lomo de Cerdo Asado con Piña,9,5 libras de lomo de cerdo ancho,5,5.0,,,libras,lomo de cerdo ancho,,,,,
86af7212-e16a-11ed-a17c-a96d6180cd25,Lomo de Cerdo Asado con Piña,10,2 tazas de jugo de piña,2,2.0,,,tazas,jugo de piña,,,,,
86af7212-e16a-11ed-a17c-a96d6180cd25,Lomo de Cerdo Asado con Piña,11,2 cebollas blancas grandes,2,2.0,,,,cebollas blancas grandes,,,,,
86af7212-e16a-11ed-a17c-a96d6180cd25,Lomo de Cerdo Asado con Piña,12,1 piña pelada y cortada en rodajas,1,1.0,,,,piña pelada y cortada en rodajas,,,,,
86af7212-e16a-11ed-a17c-a96d6180cd25,Lomo de Cerdo Asado con Piña,13,3 cucharadas de mantequilla,3,3.0,,,cucharadas,mantequilla,,,,,
86af7212-e16a-11ed-a17c-a96d6180cd25,Lomo de Cerdo Asado con Piña,14,½ cucharada de fécula de maíz o maizena,½,0.5,,,cucharada,fécula de maíz o maizena,,,,,
86af7212-e16a-11ed-a17c-a96d6180cd25,Lomo de Cerdo Asado con Piña,15,Cilantro fresco para servir,,,,,,Cilantro fresco para servir,,,,,
86af7212-e16a-11ed-a17c-a96d6180cd25,Lomo de Cerdo Asado con Piña,16,¼ taza de crema de leche,¼,0.25,,,taza,crema de leche,,,,,
86af7213-e16a-11ed-8aaa-a96d6180cd25,Arepas de Plátano Verde,1,3 plátanos verdes pelados y cortados en cubitos,3,3.0,,,,plátanos verdes pelados y cortados en cubitos,,,,,
86af7213-e16a-11ed-8aaa-a96d6180cd25,Arepas de Plátano Verde,2,½ taza de masarepa,½,0.5,,,taza,masarepa,,,,,
86af7213-e16a-11ed-8aaa-a96d6180cd25,Arepas de Plátano Verde,3,4 cucharadas de agua,4,4.0,,,cucharadas,agua,,,,,
86af7213-e16a-11ed-8aaa-a96d6180cd25,Arepas de Plátano Verde,4,5 cucharadas de mantequilla derretida,5,5.0,,,cucharadas,mantequilla derretida,,,,,
86af7213-e16a-11ed-8aaa-a96d6180cd25,Arepas de Plátano Verde,5,½ taza de queso mozzarella rallado o queso blanco,½,0.5,,,taza,queso mozzarella rallado o queso blanco,,,,,
86af7213-e16a-11ed-8aaa-a96d6180cd25,Arepas de Plátano Verde,6,Sal al gusto,,,,,,Sal al gusto,,,,,
86af7213-e16a-11ed-8aaa-a96d6180cd25,Arepas de Plátano Verde,7,Mantequilla o aceite en aerosol para cocinar las arepas,,,,,,Mantequilla o aceite en aerosol para cocinar las arepas,,,,,
86af7214-e16a-11ed-b863-a96d6180cd25,Sopa de Pollo y Plátano Verde,1,2 pechugas de pollo con hueso y sin piel,2,2.0,,,,pechugas de pollo con hueso y sin piel,,,,,
86af7214-e16a-11ed-b863-a96d6180cd25,Sopa de Pollo y Plátano Verde,2,10 tazas de caldo de pollo,10,10.0,,,tazas,caldo de pollo,,,,,
86af7214-e16a-11ed-b863-a96d6180cd25,Sopa de Pollo y Plátano Verde,3,1 cucharadita de comino molido,1,1.0,,,cucharadita,comino molido,,,,,
86af7214-e16a-11ed-b863-a96d6180cd25,Sopa de Pollo y Plátano Verde,4,4 dientes de ajo,4,4.0,,,dientes,ajo,,,,,
86af7214-e16a-11ed-b863-a96d6180cd25,Sopa de Pollo y Plátano Verde,5,1 taza de cebolla cortada en cubitos,1,1.0,,,taza,cebolla cortada en cubitos,,,,,
86af7214-e16a-11ed-b863-a96d6180cd25,Sopa de Pollo y Plátano Verde,6,6 cebollas largas picadas,6,6.0,,,,cebollas largas picadas,,,,,
86af7214-e16a-11ed-b863-a96d6180cd25,Sopa de Pollo y Plátano Verde,7,½ taza de cilantro fresco picado,½,0.5,,,taza,cilantro fresco picado,,,,,
86af7214-e16a-11ed-b863-a96d6180cd25,Sopa de Pollo y Plátano Verde,8,1 taza de granos de maíz congelado o fresco,1,1.0,,,taza,granos de maíz congelado o fresco,,,,,
86af7214-e16a-11ed-b863-a96d6180cd25,Sopa de Pollo y Plátano Verde,9,2 plátanos verdes pelados y cortados en trozos,2,2.0,,,,plátanos verdes pelados y cortados en trozos,,,,,
86af7214-e16a-11ed-b863-a96d6180cd25,Sopa de Pollo y Plátano Verde,10,Sal y pimienta al gusto,,,,,,Sal y pimienta al gusto,,,,,
86af7215-e16a-11ed-9355-a96d6180cd25,Pescado Relleno de Mariscos,1,"2 pescados (pargo, lubina, trucha o tilapia, limpios y escalados)",2,2.0,,,,"pescados (pargo, lubina, trucha o tilapia, limpios y escalados)",,,,,
86af7215-e16a-11ed-9355-a96d6180cd25,Pescado Relleno de Mariscos,2,El jugo de 2 limones,,,,,,El jugo de 2 limones,,,,,
86af7215-e16a-11ed-9355-a96d6180cd25,Pescado Relleno de Mariscos,3,Sal y pimienta,,,,,,Sal y pimienta,,,,,
86af7215-e16a-11ed-9355-a96d6180cd25,Pescado Relleno de Mariscos,4,2 cucharadas de mantequilla,2,2.0,,,cucharadas,mantequilla,,,,,
86af7215-e16a-11ed-9355-a96d6180cd25,Pescado Relleno de Mariscos,5,½ taza de cebolla picada,½,0.5,,,taza,cebolla picada,,,,,
86af7215-e16a-11ed-9355-a96d6180cd25,Pescado Relleno de Mariscos,6,4 dientes de ajo picados,4,4.0,,,dientes,ajo picados,,,,,
86af7215-e16a-11ed-9355-a96d6180cd25,Pescado Relleno de Mariscos,7,½ taza de pimentón rojo picado,½,0.5,,,taza,pimentón rojo picado,,,,,
86af7215-e16a-11ed-9355-a96d6180cd25,Pescado Relleno de Mariscos,8,¼ taza de vino blanco,¼,0.25,,,taza,vino blanco,,,,,
86af7215-e16a-11ed-9355-a96d6180cd25,Pescado Relleno de Mariscos,9,Media libra de camarones pelados y cortados en cubitos,,,,,,Media libra de camarones pelados y cortados en cubitos,,,,,
86af7215-e16a-11ed-9355-a96d6180cd25,Pescado Relleno de Mariscos,10,Media libra de mahimahi en cubitos bacalao o su pescado favorito,,,,,,Media libra de mahimahi en cubitos bacalao o su pescado favorito,,,,,
86af7215-e16a-11ed-9355-a96d6180cd25,Pescado Relleno de Mariscos,11,Media libra de vieiras,,,,,,Media libra de vieiras,,,,,
86af7215-e16a-11ed-9355-a96d6180cd25,Pescado Relleno de Mariscos,12,1 cucharadita de comino en polvo,1,1.0,,,cucharadita,comino en polvo,,,,,
86af7215-e16a-11ed-9355-a96d6180cd25,Pescado Relleno de Mariscos,13,¼ cucharadita de polvo de achiote o color,¼,0.25,,,cucharadita,polvo de achiote o color,,,,,
86af7215-e16a-11ed-9355-a96d6180cd25,Pescado Relleno de Mariscos,14,Sal y pimienta al gusto,,,,,,Sal y pimienta al gusto,,,,,
86af7215-e16a-11ed-9355-a96d6180cd25,Pescado Relleno de Mariscos,15,5 cucharadas de mantequilla,5,5.0,,,cucharadas,mantequilla,,,,,
86af7215-e16a-11ed-9355-a96d6180cd25,Pescado Relleno de Mariscos,16,¼ taza de cebolla finamente picada,¼,0.25,,,taza,cebolla finamente picada,,,,,
86af7215-e16a-11ed-9355-a96d6180cd25,Pescado Relleno de Mariscos,17,2 cucharadas de harina para todo uso,2,2.0,,,cucharadas,harina para todo uso,,,,,
86af7215-e16a-11ed-9355-a96d6180cd25,Pescado Relleno de Mariscos,18,2 tazas de leche,2,2.0,,,tazas,leche,,,,,
86af7215-e16a-11ed-9355-a96d6180cd25,Pescado Relleno de Mariscos,19,Sal y pimienta al gusto,,,,,,Sal y pimienta al gusto,,,,,
86af7216-e16a-11ed-98e5-a96d6180cd25,Salmón con Aderezo Balsámico Dulce y Puré de Camote y Plátano,1,2 filetes de salmón 4 a 6 oz cada uno,2,2.0,,,,filetes de salmón 4 a 6 oz cada uno,,,,,
86af7216-e16a-11ed-98e5-a96d6180cd25,Salmón con Aderezo Balsámico Dulce y Puré de Camote y Plátano,2,4 cucharadas de aderezo Kraft® balsámico dulce,4,4.0,,,cucharadas,aderezo Kraft® balsámico dulce,,,,,
86af7216-e16a-11ed-98e5-a96d6180cd25,Salmón con Aderezo Balsámico Dulce y Puré de Camote y Plátano,3,Sal y pimienta,,,,,,Sal y pimienta,,,,,
86af7216-e16a-11ed-98e5-a96d6180cd25,Salmón con Aderezo Balsámico Dulce y Puré de Camote y Plátano,4,1 batata grande pelada y cortada en trozos,1,1.0,,,,batata grande pelada y cortada en trozos,,,,,
86af7216-e16a-11ed-98e5-a96d6180cd25,Salmón con Aderezo Balsámico Dulce y Puré de Camote y Plátano,5,1 plátano verde pelado y cortado en cubitos,1,1.0,,,,plátano verde pelado y cortado en cubitos,,,,,
86af7216-e16a-11ed-98e5-a96d6180cd25,Salmón con Aderezo Balsámico Dulce y Puré de Camote y Plátano,6,1 cucharada de aceite de oliva,1,1.0,,,cucharada,aceite de oliva,,,,,
86af7216-e16a-11ed-98e5-a96d6180cd25,Salmón con Aderezo Balsámico Dulce y Puré de Camote y Plátano,7,3 dientes de ajo picados,3,3.0,,,dientes,ajo picados,,,,,
86af7216-e16a-11ed-98e5-a96d6180cd25,Salmón con Aderezo Balsámico Dulce y Puré de Camote y Plátano,8,1 cucharada de mantequilla,1,1.0,,,cucharada,mantequilla,,,,,
86af7216-e16a-11ed-98e5-a96d6180cd25,Salmón con Aderezo Balsámico Dulce y Puré de Camote y Plátano,9,Sal y pimienta,,,,,,Sal y pimienta,,,,,
86af7216-e16a-11ed-98e5-a96d6180cd25,Salmón con Aderezo Balsámico Dulce y Puré de Camote y Plátano,10,Cebolla verde al gusto para decorar,,,,,,Cebolla verde al gusto para decorar,,,,,
86af7217-e16a-11ed-a197-a96d6180cd25,Arroz Atollado de Pescado,1,2 cucharadas de mantequilla,2,2.0,,,cucharadas,mantequilla,,,,,
86af7217-e16a-11ed-a197-a96d6180cd25,Arroz Atollado de Pescado,2,½ taza de cebolla finamente picada,½,0.5,,,taza,cebolla finamente picada,,,,,
86af7217-e16a-11ed-a197-a96d6180cd25,Arroz Atollado de Pescado,3,2 cebollas largas picadas,2,2.0,,,,cebollas largas picadas,,,,,
86af7217-e16a-11ed-a197-a96d6180cd25,Arroz Atollado de Pescado,4,1 pimentón rojo pequeño cortado en cubitos,1,1.0,,,,pimentón rojo pequeño cortado en cubitos,,,,,
86af7217-e16a-11ed-a197-a96d6180cd25,Arroz Atollado de Pescado,5,1 taza de arroz,1,1.0,,,taza,arroz,,,,,
86af7217-e16a-11ed-a197-a96d6180cd25,Arroz Atollado de Pescado,6,½ taza de caldo verduras o caldo de pescado,½,0.5,,,taza,caldo verduras o caldo de pescado,,,,,
86af7217-e16a-11ed-a197-a96d6180cd25,Arroz Atollado de Pescado,7,2 tazas de leche de coco,2,2.0,,,tazas,leche de coco,,,,,
86af7217-e16a-11ed-a197-a96d6180cd25,Arroz Atollado de Pescado,8,1 libra de mahi mahi cortado en pequeños trozos,1,1.0,,,libra,mahi mahi cortado en pequeños trozos,,,,,
86af7217-e16a-11ed-a197-a96d6180cd25,Arroz Atollado de Pescado,9,½ cucharadita de comino molido,½,0.5,,,cucharadita,comino molido,,,,,
86af7217-e16a-11ed-a197-a96d6180cd25,Arroz Atollado de Pescado,10,¼ cucharadita de achiote molido o color,¼,0.25,,,cucharadita,achiote molido o color,,,,,
86af7218-e16a-11ed-830f-a96d6180cd25,Arepas de Plátano Maduro,1,2 plátanos maduros con cascara lavados y cortados en trozos,2,2.0,,,,plátanos maduros con cascara lavados y cortados en trozos,,,,,
86af7218-e16a-11ed-830f-a96d6180cd25,Arepas de Plátano Maduro,2,1 cucharadita azúcar,1,1.0,,,cucharadita,azúcar,,,,,
86af7218-e16a-11ed-830f-a96d6180cd25,Arepas de Plátano Maduro,3,½ taza de masarepa o harina de maíz para arepas,½,0.5,,,taza,masarepa o harina de maíz para arepas,,,,,
86af7218-e16a-11ed-830f-a96d6180cd25,Arepas de Plátano Maduro,4,2 cucharadas de leche,2,2.0,,,cucharadas,leche,,,,,
86af7218-e16a-11ed-830f-a96d6180cd25,Arepas de Plátano Maduro,5,5 cucharadas de mantequilla derretida,5,5.0,,,cucharadas,mantequilla derretida,,,,,
86af7218-e16a-11ed-830f-a96d6180cd25,Arepas de Plátano Maduro,6,½ taza de queso mozzarella rallado o queso blanco,½,0.5,,,taza,queso mozzarella rallado o queso blanco,,,,,
86af7218-e16a-11ed-830f-a96d6180cd25,Arepas de Plátano Maduro,7,Sal al gusto,,,,,,Sal al gusto,,,,,
86af7218-e16a-11ed-830f-a96d6180cd25,Arepas de Plátano Maduro,8,Mantequilla o aceite en aerosol para cocinar las arepas,,,,,,Mantequilla o aceite en aerosol para cocinar las arepas,,,,,
86af7219-e16a-11ed-af49-a96d6180cd25,Pasta con Salsa de Champiñones,1,1 libra de pasta penne,1,1.0,,,libra,pasta penne,,,,,
86af7219-e16a-11ed-af49-a96d6180cd25,Pasta con Salsa de Champiñones,2,¼ taza de aceite de oliva,¼,0.25,,,taza,aceite de oliva,,,,,
86af7219-e16a-11ed-af49-a96d6180cd25,Pasta con Salsa de Champiñones,3,½ taza de cebolla picada,½,0.5,,,taza,cebolla picada,,,,,
86af7219-e16a-11ed-af49-a96d6180cd25,Pasta con Salsa de Champiñones,4,½ libra champiñones portobello picados,½,0.5,,,libra,champiñones portobello picados,,,,,
86af7219-e16a-11ed-af49-a96d6180cd25,Pasta con Salsa de Champiñones,5,4 dientes de ajo picados,4,4.0,,,dientes,ajo picados,,,,,
86af7219-e16a-11ed-af49-a96d6180cd25,Pasta con Salsa de Champiñones,6,Sal y pimienta,,,,,,Sal y pimienta,,,,,
86af7219-e16a-11ed-af49-a96d6180cd25,Pasta con Salsa de Champiñones,7,Media cucharadita de tomillo molido,,,,,,Media cucharadita de tomillo molido,,,,,
86af7219-e16a-11ed-af49-a96d6180cd25,Pasta con Salsa de Champiñones,8,2 ½ tazas de crema de leche,2 ½,2.5,,,tazas,crema de leche,,,,,
86af7219-e16a-11ed-af49-a96d6180cd25,Pasta con Salsa de Champiñones,9,2 cucharadas de pasta de tomate,2,2.0,,,cucharadas,pasta de tomate,,,,,
86af7219-e16a-11ed-af49-a96d6180cd25,Pasta con Salsa de Champiñones,10,1 y ½ taza de queso Parmigiano-Reggiano,1,1.0,,,,y ½ taza de queso Parmigiano-Reggiano,,,,,
86af7219-e16a-11ed-af49-a96d6180cd25,Pasta con Salsa de Champiñones,11,4 cucharadas de cebollín picado dividido,4,4.0,,,cucharadas,cebollín picado dividido,,,,,
86af721a-e16a-11ed-8daa-a96d6180cd25,Ensalada de Pollo a la Plancha con Aderezo de Mango y Chipotle,1,2 pechugas de pollo sin piel,2,2.0,,,,pechugas de pollo sin piel,,,,,
86af721a-e16a-11ed-8daa-a96d6180cd25,Ensalada de Pollo a la Plancha con Aderezo de Mango y Chipotle,2,½ cucharadita de comino molido,½,0.5,,,cucharadita,comino molido,,,,,
86af721a-e16a-11ed-8daa-a96d6180cd25,Ensalada de Pollo a la Plancha con Aderezo de Mango y Chipotle,3,½ cucharadita de pimentón molido,½,0.5,,,cucharadita,pimentón molido,,,,,
86af721a-e16a-11ed-8daa-a96d6180cd25,Ensalada de Pollo a la Plancha con Aderezo de Mango y Chipotle,4,½ cucharadita de ajo en polvo,½,0.5,,,cucharadita,ajo en polvo,,,,,
86af721a-e16a-11ed-8daa-a96d6180cd25,Ensalada de Pollo a la Plancha con Aderezo de Mango y Chipotle,5,½ cucharadita de cebolla en polvo,½,0.5,,,cucharadita,cebolla en polvo,,,,,
86af721a-e16a-11ed-8daa-a96d6180cd25,Ensalada de Pollo a la Plancha con Aderezo de Mango y Chipotle,6,Sal y pimienta al gusto,,,,,,Sal y pimienta al gusto,,,,,
86af721a-e16a-11ed-8daa-a96d6180cd25,Ensalada de Pollo a la Plancha con Aderezo de Mango y Chipotle,7,2 cabezas de lechuga romana picada,2,2.0,,,,cabezas de lechuga romana picada,,,,,
86af721a-e16a-11ed-8daa-a96d6180cd25,Ensalada de Pollo a la Plancha con Aderezo de Mango y Chipotle,8,1 taza de tomates uva cortados a la mitad,1,1.0,,,taza,tomates uva cortados a la mitad,,,,,
86af721a-e16a-11ed-8daa-a96d6180cd25,Ensalada de Pollo a la Plancha con Aderezo de Mango y Chipotle,9,1 aguacate pelado y cortado en rodajas,1,1.0,,,,aguacate pelado y cortado en rodajas,,,,,
86af721a-e16a-11ed-8daa-a96d6180cd25,Ensalada de Pollo a la Plancha con Aderezo de Mango y Chipotle,10,½ pepino Inglés cortado en rodajas,½,0.5,,,,pepino Inglés cortado en rodajas,,,,,
86af721a-e16a-11ed-8daa-a96d6180cd25,Ensalada de Pollo a la Plancha con Aderezo de Mango y Chipotle,11,½ taza de pimiento rojo asado cortado en rodajas,½,0.5,,,taza,pimiento rojo asado cortado en rodajas,,,,,
86af721a-e16a-11ed-8daa-a96d6180cd25,Ensalada de Pollo a la Plancha con Aderezo de Mango y Chipotle,12,½ cebolla roja cortada en rodajas finas,½,0.5,,,,cebolla roja cortada en rodajas finas,,,,,
86af721a-e16a-11ed-8daa-a96d6180cd25,Ensalada de Pollo a la Plancha con Aderezo de Mango y Chipotle,13,¼ taza de cilantro fresco picado,¼,0.25,,,taza,cilantro fresco picado,,,,,
86af721a-e16a-11ed-8daa-a96d6180cd25,Ensalada de Pollo a la Plancha con Aderezo de Mango y Chipotle,14,1 taza de aderezo KRAFT de Mango y Chipotle,1,1.0,,,taza,aderezo KRAFT de Mango y Chipotle,,,,,
86af721b-e16a-11ed-8a86-a96d6180cd25,Tortilla Paisa o Antioqueña,1,3 cucharadas de aceite vegetal,3,3.0,,,cucharadas,aceite vegetal,,,,,
86af721b-e16a-11ed-8a86-a96d6180cd25,Tortilla Paisa o Antioqueña,2,4 huevos,4,4.0,,,,huevos,,,,,
86af721b-e16a-11ed-8a86-a96d6180cd25,Tortilla Paisa o Antioqueña,3,½ taza de rodajas de chorizo o tocineta,½,0.5,,,taza,rodajas de chorizo o tocineta,,,,,
86af721b-e16a-11ed-8a86-a96d6180cd25,Tortilla Paisa o Antioqueña,4,10 tajadas de plátano,10,10.0,,,,tajadas de plátano,,,,,
86af721b-e16a-11ed-8a86-a96d6180cd25,Tortilla Paisa o Antioqueña,5,½ taza de maíz cocinado,½,0.5,,,taza,maíz cocinado,,,,,
86af721b-e16a-11ed-8a86-a96d6180cd25,Tortilla Paisa o Antioqueña,6,Sal y pimienta al gusto,,,,,,Sal y pimienta al gusto,,,,,
86af721c-e16a-11ed-a413-a96d6180cd25,Camarones a la Criolla con Coco,1,2 libras de camarón fresco pelado y desvenado,2,2.0,,,libras,camarón fresco pelado y desvenado,,,,,
86af721c-e16a-11ed-a413-a96d6180cd25,Camarones a la Criolla con Coco,2,1 cucharada de mantequilla,1,1.0,,,cucharada,mantequilla,,,,,
86af721c-e16a-11ed-a413-a96d6180cd25,Camarones a la Criolla con Coco,3,1 cucharada de aceite vegetal,1,1.0,,,cucharada,aceite vegetal,,,,,
86af721c-e16a-11ed-a413-a96d6180cd25,Camarones a la Criolla con Coco,4,2 tazas de tomate picado,2,2.0,,,tazas,tomate picado,,,,,
86af721c-e16a-11ed-a413-a96d6180cd25,Camarones a la Criolla con Coco,5,4 dientes de ajo picados,4,4.0,,,dientes,ajo picados,,,,,
86af721c-e16a-11ed-a413-a96d6180cd25,Camarones a la Criolla con Coco,6,1 taza de cebolla picada,1,1.0,,,taza,cebolla picada,,,,,
86af721c-e16a-11ed-a413-a96d6180cd25,Camarones a la Criolla con Coco,7,¼ taza de perejil picado,¼,0.25,,,taza,perejil picado,,,,,
86af721c-e16a-11ed-a413-a96d6180cd25,Camarones a la Criolla con Coco,8,¼ de taza de cilantro picado,¼,0.25,,,,de taza de cilantro picado,,,,,
86af721c-e16a-11ed-a413-a96d6180cd25,Camarones a la Criolla con Coco,9,1 taza de pimientón rojo picado,1,1.0,,,taza,pimientón rojo picado,,,,,
86af721c-e16a-11ed-a413-a96d6180cd25,Camarones a la Criolla con Coco,10,¼ cucharadita de comino molido,¼,0.25,,,cucharadita,comino molido,,,,,
86af721c-e16a-11ed-a413-a96d6180cd25,Camarones a la Criolla con Coco,11,Sal y pimienta,,,,,,Sal y pimienta,,,,,
86af721c-e16a-11ed-a413-a96d6180cd25,Camarones a la Criolla con Coco,12,1 hoja de laurel,1,1.0,,,hoja,laurel,,,,,
86af721c-e16a-11ed-a413-a96d6180cd25,Camarones a la Criolla con Coco,13,Pimienta recién molida,,,,,,Pimienta recién molida,,,,,
86af721c-e16a-11ed-a413-a96d6180cd25,Camarones a la Criolla con Coco,14,2 latas de leche de coco,2,2.0,,,latas,leche de coco,,,,,
86af721d-e16a-11ed-971b-a96d6180cd25,Arepas con Pollo y Aguacate,1,4 arepas delgadas,4,4.0,,,,arepas delgadas,,,,,
86af721d-e16a-11ed-971b-a96d6180cd25,Arepas con Pollo y Aguacate,2,2 aguacates pequeños,2,2.0,,,,aguacates pequeños,,,,,
86af721d-e16a-11ed-971b-a96d6180cd25,Arepas con Pollo y Aguacate,3,"4 pechugas de pollo con hueso, piel de",4,4.0,,,,"pechugas de pollo con hueso, piel de",,,,,
86af721d-e16a-11ed-971b-a96d6180cd25,Arepas con Pollo y Aguacate,4,Aceite de oliva,,,,,,Aceite de oliva,,,,,
86af721d-e16a-11ed-971b-a96d6180cd25,Arepas con Pollo y Aguacate,5,Sal y pimienta molida,,,,,,Sal y pimienta molida,,,,,
86af721d-e16a-11ed-971b-a96d6180cd25,Arepas con Pollo y Aguacate,6,½ taza de mayonesa,½,0.5,,,taza,mayonesa,,,,,
86af721d-e16a-11ed-971b-a96d6180cd25,Arepas con Pollo y Aguacate,7,4 cucharadas de jugo de limón,4,4.0,,,cucharadas,jugo de limón,,,,,
86af721d-e16a-11ed-971b-a96d6180cd25,Arepas con Pollo y Aguacate,8,¼ cucharadita de azúcar,¼,0.25,,,cucharadita,azúcar,,,,,
86af721d-e16a-11ed-971b-a96d6180cd25,Arepas con Pollo y Aguacate,9,¼ de cucharadita de comino en polvo,¼,0.25,,,,de cucharadita de comino en polvo,,,,,
86af721d-e16a-11ed-971b-a96d6180cd25,Arepas con Pollo y Aguacate,10,¼ de taza de cebolla picada,¼,0.25,,,,de taza de cebolla picada,,,,,
86af721d-e16a-11ed-971b-a96d6180cd25,Arepas con Pollo y Aguacate,11,4 cucharadas de cilantro fresco picado,4,4.0,,,cucharadas,cilantro fresco picado,,,,,
86af721e-e16a-11ed-88b8-a96d6180cd25,Camarones al Ajillo,1,2 cucharadas de mantequilla,2,2.0,,,cucharadas,mantequilla,,,,,
86af721e-e16a-11ed-88b8-a96d6180cd25,Camarones al Ajillo,2,5 cucharadas de aceite de oliva,5,5.0,,,cucharadas,aceite de oliva,,,,,
86af721e-e16a-11ed-88b8-a96d6180cd25,Camarones al Ajillo,3,8 dientes de ajo finamente rebanados,8,8.0,,,dientes,ajo finamente rebanados,,,,,
86af721e-e16a-11ed-88b8-a96d6180cd25,Camarones al Ajillo,4,½ cucharadita de hojuelas de pimienta roja seca,½,0.5,,,cucharadita,hojuelas de pimienta roja seca,,,,,
86af721e-e16a-11ed-88b8-a96d6180cd25,Camarones al Ajillo,5,Sal y pimienta negra al gusto,,,,,,Sal y pimienta negra al gusto,,,,,
86af721e-e16a-11ed-88b8-a96d6180cd25,Camarones al Ajillo,6,2 cucharadas de perejil picado un poco más para adornar,2,2.0,,,cucharadas,perejil picado un poco más para adornar,,,,,
86af721e-e16a-11ed-88b8-a96d6180cd25,Camarones al Ajillo,7,1 libra de camarones grandes pelados y limpios,1,1.0,,,libra,camarones grandes pelados y limpios,,,,,
86af721f-e16a-11ed-a427-a96d6180cd25,Mute Santandereano,1,Agua,,,,,,Agua,,,,,
86af721f-e16a-11ed-a427-a96d6180cd25,Mute Santandereano,2,1 libra de mondongo o callo cortado en trozos pequeños,1,1.0,,,libra,mondongo o callo cortado en trozos pequeños,,,,,
86af721f-e16a-11ed-a427-a96d6180cd25,Mute Santandereano,3,El jugo de 1 limón,,,,,,El jugo de 1 limón,,,,,
86af721f-e16a-11ed-a427-a96d6180cd25,Mute Santandereano,4,¼ cucharadita de bicarbonato de sodio,¼,0.25,,,cucharadita,bicarbonato de sodio,,,,,
86af721f-e16a-11ed-a427-a96d6180cd25,Mute Santandereano,5,1 libra de costillas de res,1,1.0,,,libra,costillas de res,,,,,
86af721f-e16a-11ed-a427-a96d6180cd25,Mute Santandereano,6,1 libra de carne de res cortada en cubitos,1,1.0,,,libra,carne de res cortada en cubitos,,,,,
86af721f-e16a-11ed-a427-a96d6180cd25,Mute Santandereano,7,1 ½ libras de carne de cerdo cortado en trozos pequeños,1 ½,1.5,,,libras,carne de cerdo cortado en trozos pequeños,,,,,
86af721f-e16a-11ed-a427-a96d6180cd25,Mute Santandereano,8,Media taza de frijol canario remojados durante la noche,,,,,,Media taza de frijol canario remojados durante la noche,,,,,
86af721f-e16a-11ed-a427-a96d6180cd25,Mute Santandereano,9,½ taza de garbanzos remojados durante la noche,½,0.5,,,taza,garbanzos remojados durante la noche,,,,,
86af721f-e16a-11ed-a427-a96d6180cd25,Mute Santandereano,10,1 tomate picado,1,1.0,,,,tomate picado,,,,,
86af721f-e16a-11ed-a427-a96d6180cd25,Mute Santandereano,11,2 cebollas largas picadas,2,2.0,,,,cebollas largas picadas,,,,,
86af721f-e16a-11ed-a427-a96d6180cd25,Mute Santandereano,12,¼ de taza de cebolla blanca picada,¼,0.25,,,,de taza de cebolla blanca picada,,,,,
86af721f-e16a-11ed-a427-a96d6180cd25,Mute Santandereano,13,1 taza de calabaza pelada y picada,1,1.0,,,taza,calabaza pelada y picada,,,,,
86af721f-e16a-11ed-a427-a96d6180cd25,Mute Santandereano,14,1 zanahoria pelada y en rodajas,1,1.0,,,,zanahoria pelada y en rodajas,,,,,
86af721f-e16a-11ed-a427-a96d6180cd25,Mute Santandereano,15,4 papas pequeñas cortadas en cubos,4,4.0,,,,papas pequeñas cortadas en cubos,,,,,
86af721f-e16a-11ed-a427-a96d6180cd25,Mute Santandereano,16,½ cucharadita de comino molido,½,0.5,,,cucharadita,comino molido,,,,,
86af721f-e16a-11ed-a427-a96d6180cd25,Mute Santandereano,17,¼ cucharadita de achiote,¼,0.25,,,cucharadita,achiote,,,,,
86af721f-e16a-11ed-a427-a96d6180cd25,Mute Santandereano,18,1 diente de ajo picado,1,1.0,,,diente,ajo picado,,,,,
86af721f-e16a-11ed-a427-a96d6180cd25,Mute Santandereano,19,1 lata 15.5 oz de maíz pelao,1,1.0,,,lata,15.5 oz de maíz pelao,,,,,
86af721f-e16a-11ed-a427-a96d6180cd25,Mute Santandereano,20,½ taza de pasta corta codos o su favorito,½,0.5,,,taza,pasta corta codos o su favorito,,,,,
86af721f-e16a-11ed-a427-a96d6180cd25,Mute Santandereano,21,Perejil fresco o cilantro,,,,,,Perejil fresco o cilantro,,,,,
86af7220-e16a-11ed-afbb-a96d6180cd25,Pollo al Limón y Miel,1,4 pechugas de pollo con hueso y con piel,4,4.0,,,,pechugas de pollo con hueso y con piel,,,,,
86af7220-e16a-11ed-afbb-a96d6180cd25,Pollo al Limón y Miel,2,2 cucharadas de aceite de oliva,2,2.0,,,cucharadas,aceite de oliva,,,,,
86af7220-e16a-11ed-afbb-a96d6180cd25,Pollo al Limón y Miel,3,Sal y pimienta molida al gusto,,,,,,Sal y pimienta molida al gusto,,,,,
86af7220-e16a-11ed-afbb-a96d6180cd25,Pollo al Limón y Miel,4,½ taza de miel,½,0.5,,,taza,miel,,,,,
86af7220-e16a-11ed-afbb-a96d6180cd25,Pollo al Limón y Miel,5,4 cucharadas de jugo de limón,4,4.0,,,cucharadas,jugo de limón,,,,,
86af7220-e16a-11ed-afbb-a96d6180cd25,Pollo al Limón y Miel,6,1 cucharada de mostaza de Dijon,1,1.0,,,cucharada,mostaza de Dijon,,,,,
86af7221-e16a-11ed-81d3-a96d6180cd25,Crema de Pollo,1,2 pechugas de pollo cortadas en trozos,2,2.0,,,,pechugas de pollo cortadas en trozos,,,,,
86af7221-e16a-11ed-81d3-a96d6180cd25,Crema de Pollo,2,2 cucharadas de aceite o mantequilla,2,2.0,,,cucharadas,aceite o mantequilla,,,,,
86af7221-e16a-11ed-81d3-a96d6180cd25,Crema de Pollo,3,1 taza de cebolla blanca cortada en cubitos,1,1.0,,,taza,cebolla blanca cortada en cubitos,,,,,
86af7221-e16a-11ed-81d3-a96d6180cd25,Crema de Pollo,4,3 cebollas largas picadas,3,3.0,,,,cebollas largas picadas,,,,,
86af7221-e16a-11ed-81d3-a96d6180cd25,Crema de Pollo,5,4 dientes de ajo machacados,4,4.0,,,dientes,ajo machacados,,,,,
86af7221-e16a-11ed-81d3-a96d6180cd25,Crema de Pollo,6,1 cucharadita de comino molido,1,1.0,,,cucharadita,comino molido,,,,,
86af7221-e16a-11ed-81d3-a96d6180cd25,Crema de Pollo,7,4 papas amarillas medianas peladas y cortadas en trozos,4,4.0,,,,papas amarillas medianas peladas y cortadas en trozos,,,,,
86af7221-e16a-11ed-81d3-a96d6180cd25,Crema de Pollo,8,6 tazas de caldo de pollo,6,6.0,,,tazas,caldo de pollo,,,,,
86af7221-e16a-11ed-81d3-a96d6180cd25,Crema de Pollo,9,½ taza de leche,½,0.5,,,taza,leche,,,,,
86af7221-e16a-11ed-81d3-a96d6180cd25,Crema de Pollo,10,½ taza de crema,½,0.5,,,taza,crema,,,,,
86af7221-e16a-11ed-81d3-a96d6180cd25,Crema de Pollo,11,Sal y pimienta,,,,,,Sal y pimienta,,,,,
86af7222-e16a-11ed-b744-a96d6180cd25,Pastel San Pedrino,1,2 pechugas de pollo,2,2.0,,,,pechugas de pollo,,,,,
86af7222-e16a-11ed-b744-a96d6180cd25,Pastel San Pedrino,2,1 libra de lomo de cerdo,1,1.0,,,libra,lomo de cerdo,,,,,
86af7222-e16a-11ed-b744-a96d6180cd25,Pastel San Pedrino,3,1 taza de salsa de aliños ver la receta aquí,1,1.0,,,taza,salsa de aliños ver la receta aquí,,,,,
86af7222-e16a-11ed-b744-a96d6180cd25,Pastel San Pedrino,4,1 taza de arvejas,1,1.0,,,taza,arvejas,,,,,
86af7222-e16a-11ed-b744-a96d6180cd25,Pastel San Pedrino,5,Sal y pimienta al gusto,,,,,,Sal y pimienta al gusto,,,,,
86af7222-e16a-11ed-b744-a96d6180cd25,Pastel San Pedrino,6,1 cucharada de aceite,1,1.0,,,cucharada,aceite,,,,,
86af7222-e16a-11ed-b744-a96d6180cd25,Pastel San Pedrino,7,½ taza de cebolla,½,0.5,,,taza,cebolla,,,,,
86af7222-e16a-11ed-b744-a96d6180cd25,Pastel San Pedrino,8,3 dientes de ajo,3,3.0,,,dientes,ajo,,,,,
86af7222-e16a-11ed-b744-a96d6180cd25,Pastel San Pedrino,9,2 tazas de arroz cocido,2,2.0,,,tazas,arroz cocido,,,,,
86af7222-e16a-11ed-b744-a96d6180cd25,Pastel San Pedrino,10,2 patatas grandes peladas y cocidas,2,2.0,,,,patatas grandes peladas y cocidas,,,,,
86af7222-e16a-11ed-b744-a96d6180cd25,Pastel San Pedrino,11,2 tazas de harina precocida de maíz amarillo,2,2.0,,,tazas,harina precocida de maíz amarillo,,,,,
86af7222-e16a-11ed-b744-a96d6180cd25,Pastel San Pedrino,12,½ de taza de caldo de pollo,½,0.5,,,,de taza de caldo de pollo,,,,,
86af7222-e16a-11ed-b744-a96d6180cd25,Pastel San Pedrino,13,1 taza de cuajada,1,1.0,,,taza,cuajada,,,,,
86af7223-e16a-11ed-9d68-a96d6180cd25,Cocido Boyacense,1,2 cucharadas de aceite,2,2.0,,,cucharadas,aceite,,,,,
86af7223-e16a-11ed-9d68-a96d6180cd25,Cocido Boyacense,2,5 cebollas largas picadas,5,5.0,,,,cebollas largas picadas,,,,,
86af7223-e16a-11ed-9d68-a96d6180cd25,Cocido Boyacense,3,4 to mates maduros picados,4,4.0,,,,to mates maduros picados,,,,,
86af7223-e16a-11ed-9d68-a96d6180cd25,Cocido Boyacense,4,1 cucharada de comino,1,1.0,,,cucharada,comino,,,,,
86af7223-e16a-11ed-9d68-a96d6180cd25,Cocido Boyacense,5,1 libra de costillas de cerdo o chuletas de cerdo,1,1.0,,,libra,costillas de cerdo o chuletas de cerdo,,,,,
86af7223-e16a-11ed-9d68-a96d6180cd25,Cocido Boyacense,6,1 libra de pollo,1,1.0,,,libra,pollo,,,,,
86af7223-e16a-11ed-9d68-a96d6180cd25,Cocido Boyacense,7,1 libra de costillas o de carne de res para estofado,1,1.0,,,libra,costillas o de carne de res para estofado,,,,,
86af7223-e16a-11ed-9d68-a96d6180cd25,Cocido Boyacense,8,4 papas pequeñas amarillas,4,4.0,,,,papas pequeñas amarillas,,,,,
86af7223-e16a-11ed-9d68-a96d6180cd25,Cocido Boyacense,9,4 papas rojas pequeñas,4,4.0,,,,papas rojas pequeñas,,,,,
86af7223-e16a-11ed-9d68-a96d6180cd25,Cocido Boyacense,10,4 mazorcas de maíz,4,4.0,,,,mazorcas de maíz,,,,,
86af7223-e16a-11ed-9d68-a96d6180cd25,Cocido Boyacense,11,½ taza de habas,½,0.5,,,taza,habas,,,,,
86af7223-e16a-11ed-9d68-a96d6180cd25,Cocido Boyacense,12,1 taza de arvejas recortadas,1,1.0,,,taza,arvejas recortadas,,,,,
86af7224-e16a-11ed-991c-a96d6180cd25,Chicharrón de Pescado con Ají de Mango,1,1 ½ libra de pescado blanco cortado en trozos,1 ½,1.5,,,libra,pescado blanco cortado en trozos,,,,,
86af7224-e16a-11ed-991c-a96d6180cd25,Chicharrón de Pescado con Ají de Mango,2,Sal y pimienta al gusto,,,,,,Sal y pimienta al gusto,,,,,
86af7224-e16a-11ed-991c-a96d6180cd25,Chicharrón de Pescado con Ají de Mango,3,El jugo de 2 limones,,,,,,El jugo de 2 limones,,,,,
86af7224-e16a-11ed-991c-a96d6180cd25,Chicharrón de Pescado con Ají de Mango,4,½ taza de harina de yuca,½,0.5,,,taza,harina de yuca,,,,,
86af7224-e16a-11ed-991c-a96d6180cd25,Chicharrón de Pescado con Ají de Mango,5,Vegetal o aceite de canola para freír,,,,,,Vegetal o aceite de canola para freír,,,,,
86af7224-e16a-11ed-991c-a96d6180cd25,Chicharrón de Pescado con Ají de Mango,6,1 ají amarillo peruano o medio habanero sin semillas,1,1.0,,,,ají amarillo peruano o medio habanero sin semillas,,,,,
86af7224-e16a-11ed-991c-a96d6180cd25,Chicharrón de Pescado con Ají de Mango,7,2 tazas de jugo de mango,2,2.0,,,tazas,jugo de mango,,,,,
86af7224-e16a-11ed-991c-a96d6180cd25,Chicharrón de Pescado con Ají de Mango,8,1 cucharadita de aceite de oliva,1,1.0,,,cucharadita,aceite de oliva,,,,,
86af7224-e16a-11ed-991c-a96d6180cd25,Chicharrón de Pescado con Ají de Mango,9,2 cucharadas de jugo de limón,2,2.0,,,cucharadas,jugo de limón,,,,,
86af7224-e16a-11ed-991c-a96d6180cd25,Chicharrón de Pescado con Ají de Mango,10,Sal y pimienta al gusto,,,,,,Sal y pimienta al gusto,,,,,
86af7224-e16a-11ed-991c-a96d6180cd25,Chicharrón de Pescado con Ají de Mango,11,2 cucharadas de cilantro finamente picado,2,2.0,,,cucharadas,cilantro finamente picado,,,,,
86af7225-e16a-11ed-a2af-a96d6180cd25,Picillo de Pescado,1,1 libra de bacalao o pescado salado,1,1.0,,,libra,bacalao o pescado salado,,,,,
86af7225-e16a-11ed-a2af-a96d6180cd25,Picillo de Pescado,2,2 cucharadas de aceite,2,2.0,,,cucharadas,aceite,,,,,
86af7225-e16a-11ed-a2af-a96d6180cd25,Picillo de Pescado,3,1 cebolla blanca cortada en cubitos,1,1.0,,,,cebolla blanca cortada en cubitos,,,,,
86af7225-e16a-11ed-a2af-a96d6180cd25,Picillo de Pescado,4,3 cebollas largas picadas,3,3.0,,,,cebollas largas picadas,,,,,
86af7225-e16a-11ed-a2af-a96d6180cd25,Picillo de Pescado,5,3 dientes de ajo picados,3,3.0,,,dientes,ajo picados,,,,,
86af7225-e16a-11ed-a2af-a96d6180cd25,Picillo de Pescado,6,1 pimentón rojo cortado en cubitos,1,1.0,,,,pimentón rojo cortado en cubitos,,,,,
86af7225-e16a-11ed-a2af-a96d6180cd25,Picillo de Pescado,7,2 to mates grandes picados,2,2.0,,,,to mates grandes picados,,,,,
86af7225-e16a-11ed-a2af-a96d6180cd25,Picillo de Pescado,8,Sal y pimienta molida,,,,,,Sal y pimienta molida,,,,,
86af7225-e16a-11ed-a2af-a96d6180cd25,Picillo de Pescado,9,1 cucharadita de comino molido,1,1.0,,,cucharadita,comino molido,,,,,
86af7225-e16a-11ed-a2af-a96d6180cd25,Picillo de Pescado,10,½ cucharadita de achiote molido o color,½,0.5,,,cucharadita,achiote molido o color,,,,,
86af7226-e16a-11ed-94f4-a96d6180cd25,Asado Huilense,1,6 dientes de ajo,6,6.0,,,dientes,ajo,,,,,
86af7226-e16a-11ed-94f4-a96d6180cd25,Asado Huilense,2,1 cebolla blanca cortada en cubitos,1,1.0,,,,cebolla blanca cortada en cubitos,,,,,
86af7226-e16a-11ed-94f4-a96d6180cd25,Asado Huilense,3,4 cebolllas largas picadas,4,4.0,,,,cebolllas largas picadas,,,,,
86af7226-e16a-11ed-94f4-a96d6180cd25,Asado Huilense,4,2 latas de cerveza,2,2.0,,,latas,cerveza,,,,,
86af7226-e16a-11ed-94f4-a96d6180cd25,Asado Huilense,5,Media taza de jugo de naranja agria,,,,,,Media taza de jugo de naranja agria,,,,,
86af7226-e16a-11ed-94f4-a96d6180cd25,Asado Huilense,6,Un cuarto de taza de vinagre blanco,,,,,,Un cuarto de taza de vinagre blanco,,,,,
86af7226-e16a-11ed-94f4-a96d6180cd25,Asado Huilense,7,Sal y pimienta al gusto,,,,,,Sal y pimienta al gusto,,,,,
86af7226-e16a-11ed-94f4-a96d6180cd25,Asado Huilense,8,1 cucharadita de comino,1,1.0,,,cucharadita,comino,,,,,
86af7226-e16a-11ed-94f4-a96d6180cd25,Asado Huilense,9,2 cucharadas de albahaca seca,2,2.0,,,cucharadas,albahaca seca,,,,,
86af7226-e16a-11ed-94f4-a96d6180cd25,Asado Huilense,10,2 cucharadas de cilantro fresco picado,2,2.0,,,cucharadas,cilantro fresco picado,,,,,
86af7226-e16a-11ed-94f4-a96d6180cd25,Asado Huilense,11,2 cucharadas de oruégano seco,2,2.0,,,cucharadas,oruégano seco,,,,,
86af7226-e16a-11ed-94f4-a96d6180cd25,Asado Huilense,12,1 cucharada de tomillo fresco,1,1.0,,,cucharada,tomillo fresco,,,,,
86af7226-e16a-11ed-94f4-a96d6180cd25,Asado Huilense,13,4 libras de lomo de cerdo o paletilla de cerdo cortados en trozos,4,4.0,,,libras,lomo de cerdo o paletilla de cerdo cortados en trozos,,,,,
86af7227-e16a-11ed-a2d6-a96d6180cd25,Tapao de Pescado,1,6 tazas de agua,6,6.0,,,tazas,agua,,,,,
86af7227-e16a-11ed-a2d6-a96d6180cd25,Tapao de Pescado,2,2 plátanos verdes pelados y cortados en cubitos,2,2.0,,,,plátanos verdes pelados y cortados en cubitos,,,,,
86af7227-e16a-11ed-a2d6-a96d6180cd25,Tapao de Pescado,3,4 papas peladas y en cubitos,4,4.0,,,,papas peladas y en cubitos,,,,,
86af7227-e16a-11ed-a2d6-a96d6180cd25,Tapao de Pescado,4,½ libra de yuca pelada y cortada en cubitos,½,0.5,,,libra,yuca pelada y cortada en cubitos,,,,,
86af7227-e16a-11ed-a2d6-a96d6180cd25,Tapao de Pescado,5,4 cebollas largas picadas,4,4.0,,,,cebollas largas picadas,,,,,
86af7227-e16a-11ed-a2d6-a96d6180cd25,Tapao de Pescado,6,2 dientes de ajo picados,2,2.0,,,dientes,ajo picados,,,,,
86af7227-e16a-11ed-a2d6-a96d6180cd25,Tapao de Pescado,7,1 cucharada de cilantro picado,1,1.0,,,cucharada,cilantro picado,,,,,
86af7227-e16a-11ed-a2d6-a96d6180cd25,Tapao de Pescado,8,Sal y pimienta al gusto,,,,,,Sal y pimienta al gusto,,,,,
86af7227-e16a-11ed-a2d6-a96d6180cd25,Tapao de Pescado,9,2 libras de filetes de pescado,2,2.0,,,libras,filetes de pescado,,,,,
86af7228-e16a-11ed-9187-a96d6180cd25,Encocado de Pescado y Camarón,1,1 cebolla blanca finamente picada,1,1.0,,,,cebolla blanca finamente picada,,,,,
86af7228-e16a-11ed-9187-a96d6180cd25,Encocado de Pescado y Camarón,2,4 dientes de ajo picados,4,4.0,,,dientes,ajo picados,,,,,
86af7228-e16a-11ed-9187-a96d6180cd25,Encocado de Pescado y Camarón,3,El jugo de 1 limón,,,,,,El jugo de 1 limón,,,,,
86af7228-e16a-11ed-9187-a96d6180cd25,Encocado de Pescado y Camarón,4,1 libra de pez espada o cualquier otro pescado firme cortado en trozos medianos,1,1.0,,,libra,pez espada o cualquier otro pescado firme cortado en trozos medianos,,,,,
86af7228-e16a-11ed-9187-a96d6180cd25,Encocado de Pescado y Camarón,5,1 cucharada de aceite canola o aceite vegetal,1,1.0,,,cucharada,aceite canola o aceite vegetal,,,,,
86af7228-e16a-11ed-9187-a96d6180cd25,Encocado de Pescado y Camarón,6,2 to mates pequeños pelados y picados,2,2.0,,,,to mates pequeños pelados y picados,,,,,
86af7228-e16a-11ed-9187-a96d6180cd25,Encocado de Pescado y Camarón,7,3 cebollas largas finamente picadas,3,3.0,,,,cebollas largas finamente picadas,,,,,
86af7228-e16a-11ed-9187-a96d6180cd25,Encocado de Pescado y Camarón,8,1 pimientuón cortado en cubitos,1,1.0,,,,pimientuón cortado en cubitos,,,,,
86af7228-e16a-11ed-9187-a96d6180cd25,Encocado de Pescado y Camarón,9,1 cucharadita de comino molido,1,1.0,,,cucharadita,comino molido,,,,,
86af7228-e16a-11ed-9187-a96d6180cd25,Encocado de Pescado y Camarón,10,½ cucharadita de achiote molido,½,0.5,,,cucharadita,achiote molido,,,,,
86af7228-e16a-11ed-9187-a96d6180cd25,Encocado de Pescado y Camarón,11,1 lata de14 oz de leche de coco,1,1.0,,,lata,de14 oz de leche de coco,,,,,
86af7228-e16a-11ed-9187-a96d6180cd25,Encocado de Pescado y Camarón,12,½ libra de camarones pelados y limpios,½,0.5,,,libra,camarones pelados y limpios,,,,,
86af7228-e16a-11ed-9187-a96d6180cd25,Encocado de Pescado y Camarón,13,¼ taza de cilantro fresco picado finamente,¼,0.25,,,taza,cilantro fresco picado finamente,,,,,
86af7228-e16a-11ed-9187-a96d6180cd25,Encocado de Pescado y Camarón,14,Sal y pimienta al gusto,,,,,,Sal y pimienta al gusto,,,,,
86af7229-e16a-11ed-9455-a96d6180cd25,Ceviche de Camarón con Coco,1,1 libra de camarones cocinados,1,1.0,,,libra,camarones cocinados,,,,,
86af7229-e16a-11ed-9455-a96d6180cd25,Ceviche de Camarón con Coco,2,½ cebolla roja finamente picada,½,0.5,,,,cebolla roja finamente picada,,,,,
86af7229-e16a-11ed-9455-a96d6180cd25,Ceviche de Camarón con Coco,3,2 cucharadas de cebolla larga picada,2,2.0,,,cucharadas,cebolla larga picada,,,,,
86af7229-e16a-11ed-9455-a96d6180cd25,Ceviche de Camarón con Coco,4,⅓ de taza de pimientón rojo finamente picado,⅓,0.3333333333,,,,de taza de pimientón rojo finamente picado,,,,,
86af7229-e16a-11ed-9455-a96d6180cd25,Ceviche de Camarón con Coco,5,¼ taza de jugo de limón fresco,¼,0.25,,,taza,jugo de limón fresco,,,,,
86af7229-e16a-11ed-9455-a96d6180cd25,Ceviche de Camarón con Coco,6,½ taza de leche de coco espesa,½,0.5,,,taza,leche de coco espesa,,,,,
86af7229-e16a-11ed-9455-a96d6180cd25,Ceviche de Camarón con Coco,7,½ de cilantro fresco finamente picado,½,0.5,,,,de cilantro fresco finamente picado,,,,,
86af7229-e16a-11ed-9455-a96d6180cd25,Ceviche de Camarón con Coco,8,Sal y pimienta,,,,,,Sal y pimienta,,,,,
86af722a-e16a-11ed-b4cc-a96d6180cd25,Salmón con Mango y Aguacate,1,2 libras de salmón cortado en 4 pedazos,2,2.0,,,libras,salmón cortado en 4 pedazos,,,,,
86af722a-e16a-11ed-b4cc-a96d6180cd25,Salmón con Mango y Aguacate,2,1 cucharada de aceite de oliva,1,1.0,,,cucharada,aceite de oliva,,,,,
86af722a-e16a-11ed-b4cc-a96d6180cd25,Salmón con Mango y Aguacate,3,1 cucharadita de comino molido,1,1.0,,,cucharadita,comino molido,,,,,
86af722a-e16a-11ed-b4cc-a96d6180cd25,Salmón con Mango y Aguacate,4,¼ de cucharadita de chile en polvo,¼,0.25,,,,de cucharadita de chile en polvo,,,,,
86af722a-e16a-11ed-b4cc-a96d6180cd25,Salmón con Mango y Aguacate,5,Sal y pimienta,,,,,,Sal y pimienta,,,,,
86af722a-e16a-11ed-b4cc-a96d6180cd25,Salmón con Mango y Aguacate,6,1 aguacate pelado y en rodajas,1,1.0,,,,aguacate pelado y en rodajas,,,,,
86af722a-e16a-11ed-b4cc-a96d6180cd25,Salmón con Mango y Aguacate,7,1 mango pelado y en rodajas,1,1.0,,,,mango pelado y en rodajas,,,,,
86af722a-e16a-11ed-b4cc-a96d6180cd25,Salmón con Mango y Aguacate,8,2 cucharadas de jugo de limón,2,2.0,,,cucharadas,jugo de limón,,,,,
86af722a-e16a-11ed-b4cc-a96d6180cd25,Salmón con Mango y Aguacate,9,3 cucharadas de cilantro picado,3,3.0,,,cucharadas,cilantro picado,,,,,
86af722a-e16a-11ed-b4cc-a96d6180cd25,Salmón con Mango y Aguacate,10,Sal y pimienta al gusto,,,,,,Sal y pimienta al gusto,,,,,
86af722b-e16a-11ed-a270-a96d6180cd25,Pusundao de Carne Serrana,1,½ libra de carne de res con sal cortada en trozos,½,0.5,,,libra,carne de res con sal cortada en trozos,,,,,
86af722b-e16a-11ed-a270-a96d6180cd25,Pusundao de Carne Serrana,2,8 piezas de pollo,8,8.0,,,,piezas de pollo,,,,,
86af722b-e16a-11ed-a270-a96d6180cd25,Pusundao de Carne Serrana,3,½ libra de carne para guiso cortada en trozos,½,0.5,,,libra,carne para guiso cortada en trozos,,,,,
86af722b-e16a-11ed-a270-a96d6180cd25,Pusundao de Carne Serrana,4,10 tazas de agua,10,10.0,,,tazas,agua,,,,,
86af722b-e16a-11ed-a270-a96d6180cd25,Pusundao de Carne Serrana,5,½ taza de salsa de aliuños Ver receta aquí,½,0.5,,,taza,salsa de aliuños Ver receta aquí,,,,,
86af722b-e16a-11ed-a270-a96d6180cd25,Pusundao de Carne Serrana,6,½ taza de hogao Ver receta aquí,½,0.5,,,taza,hogao Ver receta aquí,,,,,
86af722b-e16a-11ed-a270-a96d6180cd25,Pusundao de Carne Serrana,7,3 papas grandes peladas y cortadas en trozos,3,3.0,,,,papas grandes peladas y cortadas en trozos,,,,,
86af722b-e16a-11ed-a270-a96d6180cd25,Pusundao de Carne Serrana,8,2 plátanos verdes peladas y cortadas en trozos,2,2.0,,,,plátanos verdes peladas y cortadas en trozos,,,,,
86af722b-e16a-11ed-a270-a96d6180cd25,Pusundao de Carne Serrana,9,½ libra de yuca pelada y cortada en trozos,½,0.5,,,libra,yuca pelada y cortada en trozos,,,,,
86af722b-e16a-11ed-a270-a96d6180cd25,Pusundao de Carne Serrana,10,2 huevos duros,2,2.0,,,,huevos duros,,,,,
86af722b-e16a-11ed-a270-a96d6180cd25,Pusundao de Carne Serrana,11,Sal y pimienta al gusto,,,,,,Sal y pimienta al gusto,,,,,
86af722b-e16a-11ed-a270-a96d6180cd25,Pusundao de Carne Serrana,12,¼ taza de cilantro fresco o perejil,¼,0.25,,,taza,cilantro fresco o perejil,,,,,
86af722c-e16a-11ed-8a43-a96d6180cd25,Arepa con Carne a la Criolla,1,1 taza de masarepa,1,1.0,,,taza,masarepa,,,,,
86af722c-e16a-11ed-8a43-a96d6180cd25,Arepa con Carne a la Criolla,2,1 taza de agua tibia,1,1.0,,,taza,agua tibia,,,,,
86af722c-e16a-11ed-8a43-a96d6180cd25,Arepa con Carne a la Criolla,3,2 cucharadas de mantequilla,2,2.0,,,cucharadas,mantequilla,,,,,
86af722c-e16a-11ed-8a43-a96d6180cd25,Arepa con Carne a la Criolla,4,Una pizca de sal,,,,,,Una pizca de sal,,,,,
86af722c-e16a-11ed-8a43-a96d6180cd25,Arepa con Carne a la Criolla,5,2 libras de solomito o falda y cortado en trozos pequeuños,2,2.0,,,libras,solomito o falda y cortado en trozos pequeuños,,,,,
86af722c-e16a-11ed-8a43-a96d6180cd25,Arepa con Carne a la Criolla,6,1 cucharada de aceite vegetal,1,1.0,,,cucharada,aceite vegetal,,,,,
86af722c-e16a-11ed-8a43-a96d6180cd25,Arepa con Carne a la Criolla,7,2 tazas de tomate picado,2,2.0,,,tazas,tomate picado,,,,,
86af722c-e16a-11ed-8a43-a96d6180cd25,Arepa con Carne a la Criolla,8,2 cebollas verdes cortadas en trozos pequeuños,2,2.0,,,,cebollas verdes cortadas en trozos pequeuños,,,,,
86af722c-e16a-11ed-8a43-a96d6180cd25,Arepa con Carne a la Criolla,9,2 dientes de ajo picados,2,2.0,,,dientes,ajo picados,,,,,
86af722c-e16a-11ed-8a43-a96d6180cd25,Arepa con Carne a la Criolla,10,1 cucharada de comino molido,1,1.0,,,cucharada,comino molido,,,,,
86af722c-e16a-11ed-8a43-a96d6180cd25,Arepa con Carne a la Criolla,11,Sal y pimienta negra al gusto,,,,,,Sal y pimienta negra al gusto,,,,,
86af722c-e16a-11ed-8a43-a96d6180cd25,Arepa con Carne a la Criolla,12,2 cucharadas de cilantro fresco picado,2,2.0,,,cucharadas,cilantro fresco picado,,,,,
86af722c-e16a-11ed-8a43-a96d6180cd25,Arepa con Carne a la Criolla,13,1 taza de guacamole,1,1.0,,,taza,guacamole,,,,,
86af722c-e16a-11ed-8a43-a96d6180cd25,Arepa con Carne a la Criolla,14,1 taza de maíz cocinado,1,1.0,,,taza,maíz cocinado,,,,,
86af722d-e16a-11ed-9f0d-a96d6180cd25,Guiso de Cola,1,4 libras de cola de res,4,4.0,,,libras,cola de res,,,,,
86af722d-e16a-11ed-9f0d-a96d6180cd25,Guiso de Cola,2,Sal y pimienta,,,,,,Sal y pimienta,,,,,
86af722d-e16a-11ed-9f0d-a96d6180cd25,Guiso de Cola,3,1 cebolla picada,1,1.0,,,,cebolla picada,,,,,
86af722d-e16a-11ed-9f0d-a96d6180cd25,Guiso de Cola,4,3 cebolllas largas picadas,3,3.0,,,,cebolllas largas picadas,,,,,
86af722d-e16a-11ed-9f0d-a96d6180cd25,Guiso de Cola,5,4 dientes de ajo picados,4,4.0,,,dientes,ajo picados,,,,,
86af722d-e16a-11ed-9f0d-a96d6180cd25,Guiso de Cola,6,3 tazas de caldo de carne,3,3.0,,,tazas,caldo de carne,,,,,
86af722d-e16a-11ed-9f0d-a96d6180cd25,Guiso de Cola,7,1 taza de tomate triturado,1,1.0,,,taza,tomate triturado,,,,,
86af722d-e16a-11ed-9f0d-a96d6180cd25,Guiso de Cola,8,2 zanahorias cortadas en trozos grandes,2,2.0,,,,zanahorias cortadas en trozos grandes,,,,,
86af722d-e16a-11ed-9f0d-a96d6180cd25,Guiso de Cola,9,8 papas rojas pequeuñas parcialmente peladas,8,8.0,,,,papas rojas pequeuñas parcialmente peladas,,,,,
86af722d-e16a-11ed-9f0d-a96d6180cd25,Guiso de Cola,10,½ cucharadita de comino molido,½,0.5,,,cucharadita,comino molido,,,,,
86af722d-e16a-11ed-9f0d-a96d6180cd25,Guiso de Cola,11,¼ cucharadita de achiote molido,¼,0.25,,,cucharadita,achiote molido,,,,,
86af722d-e16a-11ed-9f0d-a96d6180cd25,Guiso de Cola,12,¼ taza de cilantro fresco,¼,0.25,,,taza,cilantro fresco,,,,,
86af722e-e16a-11ed-9999-a96d6180cd25,Pollo a la Plancha,1,4 pechugas de pollo sin hueso y sin piel,4,4.0,,,,pechugas de pollo sin hueso y sin piel,,,,,
86af722e-e16a-11ed-9999-a96d6180cd25,Pollo a la Plancha,2,¼ cucharadita de achiote molido,¼,0.25,,,cucharadita,achiote molido,,,,,
86af722e-e16a-11ed-9999-a96d6180cd25,Pollo a la Plancha,3,3 cebollas largas picadas,3,3.0,,,,cebollas largas picadas,,,,,
86af722e-e16a-11ed-9999-a96d6180cd25,Pollo a la Plancha,4,1 taza de cebolla picada,1,1.0,,,taza,cebolla picada,,,,,
86af722e-e16a-11ed-9999-a96d6180cd25,Pollo a la Plancha,5,5 dientes de ajo machacados,5,5.0,,,dientes,ajo machacados,,,,,
86af722e-e16a-11ed-9999-a96d6180cd25,Pollo a la Plancha,6,½ cucharada de comino molido,½,0.5,,,cucharada,comino molido,,,,,
86af722e-e16a-11ed-9999-a96d6180cd25,Pollo a la Plancha,7,½ taza de la cerveza,½,0.5,,,taza,la cerveza,,,,,
86af722e-e16a-11ed-9999-a96d6180cd25,Pollo a la Plancha,8,Sal y pimienta,,,,,,Sal y pimienta,,,,,
86af722f-e16a-11ed-bcd1-a96d6180cd25,Crema de Plátano Verde,1,3 plátanos verdes pelados y cortados en trozos pequeños,3,3.0,,,,plátanos verdes pelados y cortados en trozos pequeños,,,,,
86af722f-e16a-11ed-bcd1-a96d6180cd25,Crema de Plátano Verde,2,"8 tazas de caldo pollo carne o de verduras, o más si es necesario",8,8.0,,,tazas,"caldo pollo carne o de verduras, o más si es necesario",,,,,
86af722f-e16a-11ed-bcd1-a96d6180cd25,Crema de Plátano Verde,3,1 taza de cebolla picada,1,1.0,,,taza,cebolla picada,,,,,
86af722f-e16a-11ed-bcd1-a96d6180cd25,Crema de Plátano Verde,4,4 dientes de ajo picados,4,4.0,,,dientes,ajo picados,,,,,
86af722f-e16a-11ed-bcd1-a96d6180cd25,Crema de Plátano Verde,5,2 cebollas largas picadas,2,2.0,,,,cebollas largas picadas,,,,,
86af722f-e16a-11ed-bcd1-a96d6180cd25,Crema de Plátano Verde,6,Sal y pimienta al gusto,,,,,,Sal y pimienta al gusto,,,,,
86af722f-e16a-11ed-bcd1-a96d6180cd25,Crema de Plátano Verde,7,1 zanahoria grande pelada y picada,1,1.0,,,,zanahoria grande pelada y picada,,,,,
86af722f-e16a-11ed-bcd1-a96d6180cd25,Crema de Plátano Verde,8,½ cucharadita de comino molido,½,0.5,,,cucharadita,comino molido,,,,,
86af722f-e16a-11ed-bcd1-a96d6180cd25,Crema de Plátano Verde,9,¼ taza de cilantro,¼,0.25,,,taza,cilantro,,,,,
86af7230-e16a-11ed-8c8d-a96d6180cd25,Patacones con Carne Desmechada,1,8 patacones receta aquí,8,8.0,,,,patacones receta aquí,,,,,
86af7230-e16a-11ed-8c8d-a96d6180cd25,Patacones con Carne Desmechada,2,Carne desmechada o ropa vieja receta aquí,,,,,,Carne desmechada o ropa vieja receta aquí,,,,,
86af7230-e16a-11ed-8c8d-a96d6180cd25,Patacones con Carne Desmechada,3,2 tazas de guacamole receta aquí,2,2.0,,,tazas,guacamole receta aquí,,,,,
86af7230-e16a-11ed-8c8d-a96d6180cd25,Patacones con Carne Desmechada,4,½ taza de queso mozzarella rallado,½,0.5,,,taza,queso mozzarella rallado,,,,,
86af7230-e16a-11ed-8c8d-a96d6180cd25,Patacones con Carne Desmechada,5,¼ taza de cilantro fresco picado,¼,0.25,,,taza,cilantro fresco picado,,,,,
86af7231-e16a-11ed-8216-a96d6180cd25,Picada o Fritanga Colombiana,1,2 a 3 libras de costillas de cerdo o carne de cerdo cortada en trozos,2 a 3,,2.0,3.0,libras,costillas de cerdo o carne de cerdo cortada en trozos,,,,,
86af7231-e16a-11ed-8216-a96d6180cd25,Picada o Fritanga Colombiana,2,½ taza de salsa de aliños receta aquí,½,0.5,,,taza,salsa de aliños receta aquí,,,,,
86af7231-e16a-11ed-8216-a96d6180cd25,Picada o Fritanga Colombiana,3,1 taza de aceite para freír,1,1.0,,,taza,aceite para freír,,,,,
86af7231-e16a-11ed-8216-a96d6180cd25,Picada o Fritanga Colombiana,4,2 libras de chorizo cortado en trozos y cocinado,2,2.0,,,libras,chorizo cortado en trozos y cocinado,,,,,
86af7231-e16a-11ed-8216-a96d6180cd25,Picada o Fritanga Colombiana,5,Patacones receta aquí,,,,,,Patacones receta aquí,,,,,
86af7231-e16a-11ed-8216-a96d6180cd25,Picada o Fritanga Colombiana,6,Yuca frita Ver receta,,,,,,Yuca frita Ver receta,,,,,
86af7231-e16a-11ed-8216-a96d6180cd25,Picada o Fritanga Colombiana,7,Papa criolla,,,,,,Papa criolla,,,,,
86af7231-e16a-11ed-8216-a96d6180cd25,Picada o Fritanga Colombiana,8,1 to mate grande cortado en trozos,1,1.0,,,,to mate grande cortado en trozos,,,,,
86af7231-e16a-11ed-8216-a96d6180cd25,Picada o Fritanga Colombiana,9,Rodajas de limuón para servir,,,,,,Rodajas de limuón para servir,,,,,
86af7231-e16a-11ed-8216-a96d6180cd25,Picada o Fritanga Colombiana,10,Guacamole para servir receta aquí,,,,,,Guacamole para servir receta aquí,,,,,
86af7231-e16a-11ed-8216-a96d6180cd25,Picada o Fritanga Colombiana,11,Hogao para servir receta aquí,,,,,,Hogao para servir receta aquí,,,,,
86af7231-e16a-11ed-8216-a96d6180cd25,Picada o Fritanga Colombiana,12,Ají para servir receta aquí,,,,,,Ají para servir receta aquí,,,,,
86af7232-e16a-11ed-9f9f-a96d6180cd25,Capón de Ahuyama o Calabaza,1,2 calabazas medianas lavadas,2,2.0,,,,calabazas medianas lavadas,,,,,
86af7232-e16a-11ed-9f9f-a96d6180cd25,Capón de Ahuyama o Calabaza,2,2 cucharadas de mantequilla,2,2.0,,,cucharadas,mantequilla,,,,,
86af7232-e16a-11ed-9f9f-a96d6180cd25,Capón de Ahuyama o Calabaza,3,½ libra de lomo de res en cubos,½,0.5,,,libra,lomo de res en cubos,,,,,
86af7232-e16a-11ed-9f9f-a96d6180cd25,Capón de Ahuyama o Calabaza,4,½ taza de arroz blanco cocinado,½,0.5,,,taza,arroz blanco cocinado,,,,,
86af7232-e16a-11ed-9f9f-a96d6180cd25,Capón de Ahuyama o Calabaza,5,½ taza de caldo de carne,½,0.5,,,taza,caldo de carne,,,,,
86af7232-e16a-11ed-9f9f-a96d6180cd25,Capón de Ahuyama o Calabaza,6,1 taza de salsa de hogao (ver receta aquí),1,1.0,,,taza,salsa de hogao (ver receta aquí),,,,,
86af7232-e16a-11ed-9f9f-a96d6180cd25,Capón de Ahuyama o Calabaza,7,½ cucharadita de comino molido,½,0.5,,,cucharadita,comino molido,,,,,
86af7232-e16a-11ed-9f9f-a96d6180cd25,Capón de Ahuyama o Calabaza,8,Una pizca de achiote,,,,,,Una pizca de achiote,,,,,
86af7232-e16a-11ed-9f9f-a96d6180cd25,Capón de Ahuyama o Calabaza,9,¼ taza de maíz congelado,¼,0.25,,,taza,maíz congelado,,,,,
86af7232-e16a-11ed-9f9f-a96d6180cd25,Capón de Ahuyama o Calabaza,10,½ taza de queso blanco cortado en cubitos,½,0.5,,,taza,queso blanco cortado en cubitos,,,,,
86af7232-e16a-11ed-9f9f-a96d6180cd25,Capón de Ahuyama o Calabaza,11,Sal y pimienta al gusto,,,,,,Sal y pimienta al gusto,,,,,
86af7233-e16a-11ed-a37d-a96d6180cd25,Viudo de Pescado,1,10 tazas de agua,10,10.0,,,tazas,agua,,,,,
86af7233-e16a-11ed-a37d-a96d6180cd25,Viudo de Pescado,2,½ cebolla blanca cortada en trozos grandes,½,0.5,,,,cebolla blanca cortada en trozos grandes,,,,,
86af7233-e16a-11ed-a37d-a96d6180cd25,Viudo de Pescado,3,2 dientes de ajo enteros,2,2.0,,,dientes,ajo enteros,,,,,
86af7233-e16a-11ed-a37d-a96d6180cd25,Viudo de Pescado,4,2 cebollas largas,2,2.0,,,,cebollas largas,,,,,
86af7233-e16a-11ed-a37d-a96d6180cd25,Viudo de Pescado,5,½ cucharadita de comino molido,½,0.5,,,cucharadita,comino molido,,,,,
86af7233-e16a-11ed-a37d-a96d6180cd25,Viudo de Pescado,6,2 pluátanos verdes pelados y cortados en trozos grandes,2,2.0,,,,pluátanos verdes pelados y cortados en trozos grandes,,,,,
86af7233-e16a-11ed-a37d-a96d6180cd25,Viudo de Pescado,7,1 libra de yuca pelada y cortada en trozos,1,1.0,,,libra,yuca pelada y cortada en trozos,,,,,
86af7233-e16a-11ed-a37d-a96d6180cd25,Viudo de Pescado,8,6 papas pequeuñas peladas,6,6.0,,,,papas pequeuñas peladas,,,,,
86af7233-e16a-11ed-a37d-a96d6180cd25,Viudo de Pescado,9,½ libra de calabaza pelada y cortada en trozos,½,0.5,,,libra,calabaza pelada y cortada en trozos,,,,,
86af7233-e16a-11ed-a37d-a96d6180cd25,Viudo de Pescado,10,2 libras de pescado blanco cortadas en trozos,2,2.0,,,libras,pescado blanco cortadas en trozos,,,,,
86af7233-e16a-11ed-a37d-a96d6180cd25,Viudo de Pescado,11,Sal y pimienta al gusto,,,,,,Sal y pimienta al gusto,,,,,
86af7233-e16a-11ed-a37d-a96d6180cd25,Viudo de Pescado,12,1 taza de hogao,1,1.0,,,taza,hogao,,,,,
86af7234-e16a-11ed-a0e4-a96d6180cd25,Sobrebarriga al Horno,1,2 libras de sobrebarriga,2,2.0,,,libras,sobrebarriga,,,,,
86af7234-e16a-11ed-a0e4-a96d6180cd25,Sobrebarriga al Horno,2,8 tazas de agua,8,8.0,,,tazas,agua,,,,,
86af7234-e16a-11ed-a0e4-a96d6180cd25,Sobrebarriga al Horno,3,1 taza de salsa de aliños ver la receta aquí,1,1.0,,,taza,salsa de aliños ver la receta aquí,,,,,
86af7234-e16a-11ed-a0e4-a96d6180cd25,Sobrebarriga al Horno,4,1 cerveza oscura,1,1.0,,,,cerveza oscura,,,,,
86af7234-e16a-11ed-a0e4-a96d6180cd25,Sobrebarriga al Horno,5,Sal y pimienta al gusto,,,,,,Sal y pimienta al gusto,,,,,
86af7234-e16a-11ed-a0e4-a96d6180cd25,Sobrebarriga al Horno,6,½ taza de pan rallado,½,0.5,,,taza,pan rallado,,,,,
86af7235-e16a-11ed-ad34-a96d6180cd25,Mote de Queso,1,1 ñame alrededor de 3 libras pelados y cortado en trozos,1,1.0,,,,ñame alrededor de 3 libras pelados y cortado en trozos,,,,,
86af7235-e16a-11ed-ad34-a96d6180cd25,Mote de Queso,2,2 cucharadas de aceite,2,2.0,,,cucharadas,aceite,,,,,
86af7235-e16a-11ed-ad34-a96d6180cd25,Mote de Queso,3,4 cebollas largas picadas,4,4.0,,,,cebollas largas picadas,,,,,
86af7235-e16a-11ed-ad34-a96d6180cd25,Mote de Queso,4,½ taza cebolla blanca cortada en cubitos,½,0.5,,,taza,cebolla blanca cortada en cubitos,,,,,
86af7235-e16a-11ed-ad34-a96d6180cd25,Mote de Queso,5,1 taza de tomate picado,1,1.0,,,taza,tomate picado,,,,,
86af7235-e16a-11ed-ad34-a96d6180cd25,Mote de Queso,6,2 dientes de ajo picados,2,2.0,,,dientes,ajo picados,,,,,
86af7235-e16a-11ed-ad34-a96d6180cd25,Mote de Queso,7,2 cucharaditas de comino molido,2,2.0,,,cucharaditas,comino molido,,,,,
86af7235-e16a-11ed-ad34-a96d6180cd25,Mote de Queso,8,7 tazas de agua,7,7.0,,,tazas,agua,,,,,
86af7235-e16a-11ed-ad34-a96d6180cd25,Mote de Queso,9,1 taza de queso costeño desmenuzado o queso feta,1,1.0,,,taza,queso costeño desmenuzado o queso feta,,,,,
86af7235-e16a-11ed-ad34-a96d6180cd25,Mote de Queso,10,Cilantro fresco para decorar,,,,,,Cilantro fresco para decorar,,,,,
86af7235-e16a-11ed-ad34-a96d6180cd25,Mote de Queso,11,Sal al gusto,,,,,,Sal al gusto,,,,,
86af7235-e16a-11ed-ad34-a96d6180cd25,Mote de Queso,12,El jugo de un limón,,,,,,El jugo de un limón,,,,,
86af7236-e16a-11ed-ab09-a96d6180cd25,Sancocho de Cola Colombiano,1,2 libras de cola de res,2,2.0,,,libras,cola de res,,,,,
86af7236-e16a-11ed-ab09-a96d6180cd25,Sancocho de Cola Colombiano,2,½ taza de salsa de aliños ver la receta,½,0.5,,,taza,salsa de aliños ver la receta,,,,,
86af7236-e16a-11ed-ab09-a96d6180cd25,Sancocho de Cola Colombiano,3,3 mazorcas de maíz fresco cortado en trozos,3,3.0,,,,mazorcas de maíz fresco cortado en trozos,,,,,
86af7236-e16a-11ed-ab09-a96d6180cd25,Sancocho de Cola Colombiano,4,12 tazas de agua,12,12.0,,,tazas,agua,,,,,
86af7236-e16a-11ed-ab09-a96d6180cd25,Sancocho de Cola Colombiano,5,Sal y pimienta al gusto,,,,,,Sal y pimienta al gusto,,,,,
86af7236-e16a-11ed-ab09-a96d6180cd25,Sancocho de Cola Colombiano,6,2 plátanos verdes peladas y cortadas transversalmente en pedazos,2,2.0,,,,plátanos verdes peladas y cortadas transversalmente en pedazos,,,,,
86af7236-e16a-11ed-ab09-a96d6180cd25,Sancocho de Cola Colombiano,7,1 libra de yuca cortado en trozos grandes,1,1.0,,,libra,yuca cortado en trozos grandes,,,,,
86af7236-e16a-11ed-ab09-a96d6180cd25,Sancocho de Cola Colombiano,8,6 papas medianas peladas y cortadas en pedazos,6,6.0,,,,papas medianas peladas y cortadas en pedazos,,,,,
86af7236-e16a-11ed-ab09-a96d6180cd25,Sancocho de Cola Colombiano,9,½ taza de cilantro fresco picado,½,0.5,,,taza,cilantro fresco picado,,,,,
86af7237-e16a-11ed-8ed8-a96d6180cd25,Puchero Santafereño,1,3 mazorcas de maíz fresco cortado en 3 piezas,3,3.0,,,,mazorcas de maíz fresco cortado en 3 piezas,,,,,
86af7237-e16a-11ed-8ed8-a96d6180cd25,Puchero Santafereño,2,12 tazas de agua o más si es necesario,12,12.0,,,tazas,agua o más si es necesario,,,,,
86af7237-e16a-11ed-8ed8-a96d6180cd25,Puchero Santafereño,3,1 taza de salsa de aliños,1,1.0,,,taza,salsa de aliños,,,,,
86af7237-e16a-11ed-8ed8-a96d6180cd25,Puchero Santafereño,4,1 pollo grande entero,1,1.0,,,,pollo grande entero,,,,,
86af7237-e16a-11ed-8ed8-a96d6180cd25,Puchero Santafereño,5,1 libra de carne de res cortada en trozos,1,1.0,,,libra,carne de res cortada en trozos,,,,,
86af7237-e16a-11ed-8ed8-a96d6180cd25,Puchero Santafereño,6,1 libra de carne de cerdo o costillas cortada en trozos,1,1.0,,,libra,carne de cerdo o costillas cortada en trozos,,,,,
86af7237-e16a-11ed-8ed8-a96d6180cd25,Puchero Santafereño,7,6 chorizos,6,6.0,,,,chorizos,,,,,
86af7237-e16a-11ed-8ed8-a96d6180cd25,Puchero Santafereño,8,Sal y pimienta,,,,,,Sal y pimienta,,,,,
86af7237-e16a-11ed-8ed8-a96d6180cd25,Puchero Santafereño,9,3 plátanos verdes peladas y cortados transversalmente en trozos,3,3.0,,,,plátanos verdes peladas y cortados transversalmente en trozos,,,,,
86af7237-e16a-11ed-8ed8-a96d6180cd25,Puchero Santafereño,10,6 papas blancas medianas peladas y cortadas por la mitad,6,6.0,,,,papas blancas medianas peladas y cortadas por la mitad,,,,,
86af7237-e16a-11ed-8ed8-a96d6180cd25,Puchero Santafereño,11,2 libras de yuca congeladas cortadas en trozos grandes,2,2.0,,,libras,yuca congeladas cortadas en trozos grandes,,,,,
86af7237-e16a-11ed-8ed8-a96d6180cd25,Puchero Santafereño,12,Medio repollo pequeño cortado en trozos,,,,,,Medio repollo pequeño cortado en trozos,,,,,
86af7237-e16a-11ed-8ed8-a96d6180cd25,Puchero Santafereño,13,Un tercio de taza de cilantro fresco picado,,,,,,Un tercio de taza de cilantro fresco picado,,,,,
86af7237-e16a-11ed-8ed8-a96d6180cd25,Puchero Santafereño,14,1 taza de hogao,1,1.0,,,taza,hogao,,,,,
86af7237-e16a-11ed-8ed8-a96d6180cd25,Puchero Santafereño,15,Media cucharadita de comino molido y sal y pimienta al gusto,,,,,,Media cucharadita de comino molido y sal y pimienta al gusto,,,,,
86af7238-e16a-11ed-97bc-a96d6180cd25,Sancocho o Sopa de Guandú,1,1 libra de guandu fresco o congelado,1,1.0,,,libra,guandu fresco o congelado,,,,,
86af7238-e16a-11ed-97bc-a96d6180cd25,Sancocho o Sopa de Guandú,2,12 tazas de agua o más si es necesario,12,12.0,,,tazas,agua o más si es necesario,,,,,
86af7238-e16a-11ed-97bc-a96d6180cd25,Sancocho o Sopa de Guandú,3,½ libra de carne salada,½,0.5,,,libra,carne salada,,,,,
86af7238-e16a-11ed-97bc-a96d6180cd25,Sancocho o Sopa de Guandú,4,1 libra de costillas de res,1,1.0,,,libra,costillas de res,,,,,
86af7238-e16a-11ed-97bc-a96d6180cd25,Sancocho o Sopa de Guandú,5,1 libra de costillas de cerdo o carne de cerdo,1,1.0,,,libra,costillas de cerdo o carne de cerdo,,,,,
86af7238-e16a-11ed-97bc-a96d6180cd25,Sancocho o Sopa de Guandú,6,1 plátano verde pelado y cortado en trozos,1,1.0,,,,plátano verde pelado y cortado en trozos,,,,,
86af7238-e16a-11ed-97bc-a96d6180cd25,Sancocho o Sopa de Guandú,7,1 plátano maduro pelado y cortado en trozos,1,1.0,,,,plátano maduro pelado y cortado en trozos,,,,,
86af7238-e16a-11ed-97bc-a96d6180cd25,Sancocho o Sopa de Guandú,8,1 libra de yuca pelada y cortada en trozos,1,1.0,,,libra,yuca pelada y cortada en trozos,,,,,
86af7238-e16a-11ed-97bc-a96d6180cd25,Sancocho o Sopa de Guandú,9,½ cucharadita de comino molido,½,0.5,,,cucharadita,comino molido,,,,,
86af7238-e16a-11ed-97bc-a96d6180cd25,Sancocho o Sopa de Guandú,10,½ cucharadita de achiote molido,½,0.5,,,cucharadita,achiote molido,,,,,
86af7238-e16a-11ed-97bc-a96d6180cd25,Sancocho o Sopa de Guandú,11,2 cucharadas de aceite,2,2.0,,,cucharadas,aceite,,,,,
86af7238-e16a-11ed-97bc-a96d6180cd25,Sancocho o Sopa de Guandú,12,2 tomates picados finamente,2,2.0,,,,tomates picados finamente,,,,,
86af7238-e16a-11ed-97bc-a96d6180cd25,Sancocho o Sopa de Guandú,13,2 cebollas largas finamente picado,2,2.0,,,,cebollas largas finamente picado,,,,,
86af7238-e16a-11ed-97bc-a96d6180cd25,Sancocho o Sopa de Guandú,14,1 pimentón rojo finamente picado,1,1.0,,,,pimentón rojo finamente picado,,,,,
86af7238-e16a-11ed-97bc-a96d6180cd25,Sancocho o Sopa de Guandú,15,2 dientes de ajo picados,2,2.0,,,dientes,ajo picados,,,,,
86af7238-e16a-11ed-97bc-a96d6180cd25,Sancocho o Sopa de Guandú,16,2 ají dulce finamente picado,2,2.0,,,,ají dulce finamente picado,,,,,
86af7238-e16a-11ed-97bc-a96d6180cd25,Sancocho o Sopa de Guandú,17,1 cebolla finamente picada,1,1.0,,,,cebolla finamente picada,,,,,
86af7238-e16a-11ed-97bc-a96d6180cd25,Sancocho o Sopa de Guandú,18,Sal y pimienta,,,,,,Sal y pimienta,,,,,
86af7238-e16a-11ed-97bc-a96d6180cd25,Sancocho o Sopa de Guandú,19,Cilantro fresco,,,,,,Cilantro fresco,,,,,
86af7239-e16a-11ed-ae11-a96d6180cd25,Cayeye y Cabeza de Gato,1,4 plátanos verdes pelados y cortados en trozos (6 guineos),4,4.0,,,,plátanos verdes pelados y cortados en trozos (6 guineos),,,,,
86af7239-e16a-11ed-ae11-a96d6180cd25,Cayeye y Cabeza de Gato,2,2 cucharadas de mantequilla,2,2.0,,,cucharadas,mantequilla,,,,,
86af7239-e16a-11ed-ae11-a96d6180cd25,Cayeye y Cabeza de Gato,3,1 cucharada de aceite,1,1.0,,,cucharada,aceite,,,,,
86af7239-e16a-11ed-ae11-a96d6180cd25,Cayeye y Cabeza de Gato,4,1 taza de cebolla finamente picada,1,1.0,,,taza,cebolla finamente picada,,,,,
86af7239-e16a-11ed-ae11-a96d6180cd25,Cayeye y Cabeza de Gato,5,2 cebollas largas cortadas en trozos pequeños,2,2.0,,,,cebollas largas cortadas en trozos pequeños,,,,,
86af7239-e16a-11ed-ae11-a96d6180cd25,Cayeye y Cabeza de Gato,6,2 tomates cortados en cubitos,2,2.0,,,,tomates cortados en cubitos,,,,,
86af7239-e16a-11ed-ae11-a96d6180cd25,Cayeye y Cabeza de Gato,7,3 dientes de ajo picados,3,3.0,,,dientes,ajo picados,,,,,
86af7239-e16a-11ed-ae11-a96d6180cd25,Cayeye y Cabeza de Gato,8,½ cucharadita de achiote molido,½,0.5,,,cucharadita,achiote molido,,,,,
86af7239-e16a-11ed-ae11-a96d6180cd25,Cayeye y Cabeza de Gato,9,Sal y pimienta para probar,,,,,,Sal y pimienta para probar,,,,,
86af7239-e16a-11ed-ae11-a96d6180cd25,Cayeye y Cabeza de Gato,10,Aguacate para servir,,,,,,Aguacate para servir,,,,,
86af7239-e16a-11ed-ae11-a96d6180cd25,Cayeye y Cabeza de Gato,11,queso costeño rallado para servir,,,,,,queso costeño rallado para servir,,,,,
86af7239-e16a-11ed-ae11-a96d6180cd25,Cayeye y Cabeza de Gato,12,huevos fritos o revueltos para servir,,,,,,huevos fritos o revueltos para servir,,,,,
86af723a-e16a-11ed-9503-a96d6180cd25,Empanaditas de Carne,1,2 cucharadas de aceite vegetal,2,2.0,,,cucharadas,aceite vegetal,,,,,
86af723a-e16a-11ed-9503-a96d6180cd25,Empanaditas de Carne,2,½ taza de cebolla blanca destrozado,½,0.5,,,taza,cebolla blanca destrozado,,,,,
86af723a-e16a-11ed-9503-a96d6180cd25,Empanaditas de Carne,3,½ pimientón cortado en cubitos,½,0.5,,,,pimientón cortado en cubitos,,,,,
86af723a-e16a-11ed-9503-a96d6180cd25,Empanaditas de Carne,4,2 dientes de ajo picados,2,2.0,,,dientes,ajo picados,,,,,
86af723a-e16a-11ed-9503-a96d6180cd25,Empanaditas de Carne,5,½ cucharadita de achiote molido,½,0.5,,,cucharadita,achiote molido,,,,,
86af723a-e16a-11ed-9503-a96d6180cd25,Empanaditas de Carne,6,1 cucharadita de comino molido,1,1.0,,,cucharadita,comino molido,,,,,
86af723a-e16a-11ed-9503-a96d6180cd25,Empanaditas de Carne,7,½ libra de carne molida,½,0.5,,,libra,carne molida,,,,,
86af723a-e16a-11ed-9503-a96d6180cd25,Empanaditas de Carne,8,1 taza papas cocinadas y cortadas en cubitos,1,1.0,,,taza,papas cocinadas y cortadas en cubitos,,,,,
86af723a-e16a-11ed-9503-a96d6180cd25,Empanaditas de Carne,9,½ taza de caldo de carne,½,0.5,,,taza,caldo de carne,,,,,
86af723a-e16a-11ed-9503-a96d6180cd25,Empanaditas de Carne,10,Sal al gusto,,,,,,Sal al gusto,,,,,
86af723a-e16a-11ed-9503-a96d6180cd25,Empanaditas de Carne,11,1 yema de huevo,1,1.0,,,,yema de huevo,,,,,
86af723a-e16a-11ed-9503-a96d6180cd25,Empanaditas de Carne,12,2 tazas de harina,2,2.0,,,tazas,harina,,,,,
86af723a-e16a-11ed-9503-a96d6180cd25,Empanaditas de Carne,13,½ cucharadita de sal,½,0.5,,,cucharadita,sal,,,,,
86af723a-e16a-11ed-9503-a96d6180cd25,Empanaditas de Carne,14,½ cucharadita de polvo de hornear,½,0.5,,,cucharadita,polvo de hornear,,,,,
86af723a-e16a-11ed-9503-a96d6180cd25,Empanaditas de Carne,15,4 cucharadas de mantequilla,4,4.0,,,cucharadas,mantequilla,,,,,
86af723a-e16a-11ed-9503-a96d6180cd25,Empanaditas de Carne,16,¼ de taza de agua helada,¼,0.25,,,,de taza de agua helada,,,,,
86af723b-e16a-11ed-882e-a96d6180cd25,Arepas de Maiz Peto,1,1 libra de granos de maíz seco,1,1.0,,,libra,granos de maíz seco,,,,,
86af723b-e16a-11ed-882e-a96d6180cd25,Arepas de Maiz Peto,2,Sal,,,,,,Sal,,,,,
86af723b-e16a-11ed-882e-a96d6180cd25,Arepas de Maiz Peto,3,Agua,,,,,,Agua,,,,,
86af723b-e16a-11ed-882e-a96d6180cd25,Arepas de Maiz Peto,4,¼ taza de mantequilla derretida,¼,0.25,,,taza,mantequilla derretida,,,,,
86af723c-e16a-11ed-9468-a96d6180cd25,Picadillo Cubano,1,¼ taza de aceite de oliva,¼,0.25,,,taza,aceite de oliva,,,,,
86af723c-e16a-11ed-9468-a96d6180cd25,Picadillo Cubano,2,2 libras de carne molida,2,2.0,,,libras,carne molida,,,,,
86af723c-e16a-11ed-9468-a96d6180cd25,Picadillo Cubano,3,½ cucharadita de comino molido,½,0.5,,,cucharadita,comino molido,,,,,
86af723c-e16a-11ed-9468-a96d6180cd25,Picadillo Cubano,4,¼ cucharadita de orégano molido,¼,0.25,,,cucharadita,orégano molido,,,,,
86af723c-e16a-11ed-9468-a96d6180cd25,Picadillo Cubano,5,1 hoja de laurel,1,1.0,,,hoja,laurel,,,,,
86af723c-e16a-11ed-9468-a96d6180cd25,Picadillo Cubano,6,1 cebolla grande finamente picada,1,1.0,,,,cebolla grande finamente picada,,,,,
86af723c-e16a-11ed-9468-a96d6180cd25,Picadillo Cubano,7,1 pimentón verde finamente picado,1,1.0,,,,pimentón verde finamente picado,,,,,
86af723c-e16a-11ed-9468-a96d6180cd25,Picadillo Cubano,8,5 dientes de ajo triturados,5,5.0,,,dientes,ajo triturados,,,,,
86af723c-e16a-11ed-9468-a96d6180cd25,Picadillo Cubano,9,Sal y pimienta a su gusto,,,,,,Sal y pimienta a su gusto,,,,,
86af723c-e16a-11ed-9468-a96d6180cd25,Picadillo Cubano,10,1 taza de salsa de tomate,1,1.0,,,taza,salsa de tomate,,,,,
86af723c-e16a-11ed-9468-a96d6180cd25,Picadillo Cubano,11,1 cucharada de pasta de tomate,1,1.0,,,cucharada,pasta de tomate,,,,,
86af723c-e16a-11ed-9468-a96d6180cd25,Picadillo Cubano,12,1 taza de vino blanco,1,1.0,,,taza,vino blanco,,,,,
86af723c-e16a-11ed-9468-a96d6180cd25,Picadillo Cubano,13,½ taza de aceitunas rellenas espauñolas cortadas a la mitad,½,0.5,,,taza,aceitunas rellenas espauñolas cortadas a la mitad,,,,,
86af723c-e16a-11ed-9468-a96d6180cd25,Picadillo Cubano,14,⅓ taza de pasas,⅓,0.3333333333,,,taza,pasas,,,,,
86af723d-e16a-11ed-aac9-a96d6180cd25,Plátanos Maduros Rellenos de Carne,1,4 plátanos maduros,4,4.0,,,,plátanos maduros,,,,,
86af723d-e16a-11ed-aac9-a96d6180cd25,Plátanos Maduros Rellenos de Carne,2,2 cucharadas de mantequilla derretida,2,2.0,,,cucharadas,mantequilla derretida,,,,,
86af723d-e16a-11ed-aac9-a96d6180cd25,Plátanos Maduros Rellenos de Carne,3,4 rebanadas de queso mozzarella opcional,4,4.0,,,rebanadas,queso mozzarella opcional,,,,,
86af723d-e16a-11ed-aac9-a96d6180cd25,Plátanos Maduros Rellenos de Carne,4,Cilantro fresco,,,,,,Cilantro fresco,,,,,
86af723d-e16a-11ed-aac9-a96d6180cd25,Plátanos Maduros Rellenos de Carne,5,½ libra de carne de res molida,½,0.5,,,libra,carne de res molida,,,,,
86af723d-e16a-11ed-aac9-a96d6180cd25,Plátanos Maduros Rellenos de Carne,6,1 cucharada sopera de aceite de oliva,1,1.0,,,cucharada,sopera de aceite de oliva,,,,,
86af723d-e16a-11ed-aac9-a96d6180cd25,Plátanos Maduros Rellenos de Carne,7,½ taza de cebolla finamente picada,½,0.5,,,taza,cebolla finamente picada,,,,,
86af723d-e16a-11ed-aac9-a96d6180cd25,Plátanos Maduros Rellenos de Carne,8,3 dientes de ajo finamente picado,3,3.0,,,dientes,ajo finamente picado,,,,,
86af723d-e16a-11ed-aac9-a96d6180cd25,Plátanos Maduros Rellenos de Carne,9,1 cucharada de comino molido,1,1.0,,,cucharada,comino molido,,,,,
86af723d-e16a-11ed-aac9-a96d6180cd25,Plátanos Maduros Rellenos de Carne,10,1 taza de salsa de tomate,1,1.0,,,taza,salsa de tomate,,,,,
86af723d-e16a-11ed-aac9-a96d6180cd25,Plátanos Maduros Rellenos de Carne,11,½ taza de caldo de carne,½,0.5,,,taza,caldo de carne,,,,,
86af723d-e16a-11ed-aac9-a96d6180cd25,Plátanos Maduros Rellenos de Carne,12,Sal y pimienta al gusto,,,,,,Sal y pimienta al gusto,,,,,
86af723e-e16a-11ed-8dbf-a96d6180cd25,Caldo Basico de Pollo,1,1 pollo entero,1,1.0,,,,pollo entero,,,,,
86af723e-e16a-11ed-8dbf-a96d6180cd25,Caldo Basico de Pollo,2,2 cebollas grandes cuarteadas,2,2.0,,,,cebollas grandes cuarteadas,,,,,
86af723e-e16a-11ed-8dbf-a96d6180cd25,Caldo Basico de Pollo,3,4 zanahorias peladas y cortadas en trozos,4,4.0,,,,zanahorias peladas y cortadas en trozos,,,,,
86af723e-e16a-11ed-8dbf-a96d6180cd25,Caldo Basico de Pollo,4,5 cebollas largas sólo parte blanca,5,5.0,,,,cebollas largas sólo parte blanca,,,,,
86af723e-e16a-11ed-8dbf-a96d6180cd25,Caldo Basico de Pollo,5,1 manojo de perejil fresco con tallos,1,1.0,,,manojo,perejil fresco con tallos,,,,,
86af723e-e16a-11ed-8dbf-a96d6180cd25,Caldo Basico de Pollo,6,1 manojo de cilantro fresco con tallos,1,1.0,,,manojo,cilantro fresco con tallos,,,,,
86af723e-e16a-11ed-8dbf-a96d6180cd25,Caldo Basico de Pollo,7,3 ramitas de tomillo fresco,3,3.0,,,ramitas,tomillo fresco,,,,,
86af723e-e16a-11ed-8dbf-a96d6180cd25,Caldo Basico de Pollo,8,2 hojas de laurel,2,2.0,,,hojas,laurel,,,,,
86af723e-e16a-11ed-8dbf-a96d6180cd25,Caldo Basico de Pollo,9,3 dientes de ajo pelados,3,3.0,,,dientes,ajo pelados,,,,,
86af723e-e16a-11ed-8dbf-a96d6180cd25,Caldo Basico de Pollo,10,Sal y pimienta,,,,,,Sal y pimienta,,,,,
86af723e-e16a-11ed-8dbf-a96d6180cd25,Caldo Basico de Pollo,11,1 cucharada de comino molido,1,1.0,,,cucharada,comino molido,,,,,
86af723f-e16a-11ed-8d5f-a96d6180cd25,Caldo Batido o Caldo de Enfermo,1,1 libra de carne de res molida,1,1.0,,,libra,carne de res molida,,,,,
86af723f-e16a-11ed-8d5f-a96d6180cd25,Caldo Batido o Caldo de Enfermo,2,6 tazas de agua,6,6.0,,,tazas,agua,,,,,
86af723f-e16a-11ed-8d5f-a96d6180cd25,Caldo Batido o Caldo de Enfermo,3,1 taza de hogao,1,1.0,,,taza,hogao,,,,,
86af723f-e16a-11ed-8d5f-a96d6180cd25,Caldo Batido o Caldo de Enfermo,4,1 papa grande pelada y cortada en cubitos,1,1.0,,,,papa grande pelada y cortada en cubitos,,,,,
86af723f-e16a-11ed-8d5f-a96d6180cd25,Caldo Batido o Caldo de Enfermo,5,¼ cucharadita de comino molido,¼,0.25,,,cucharadita,comino molido,,,,,
86af723f-e16a-11ed-8d5f-a96d6180cd25,Caldo Batido o Caldo de Enfermo,6,Sal y pimienta al gusto,,,,,,Sal y pimienta al gusto,,,,,
86af723f-e16a-11ed-8d5f-a96d6180cd25,Caldo Batido o Caldo de Enfermo,7,4 cucharadas de perejil fresco picado,4,4.0,,,cucharadas,perejil fresco picado,,,,,
86af7240-e16a-11ed-ae14-a96d6180cd25,Caldo de Papas con Espinazo,1,1 cebolla cortada en cubitos,1,1.0,,,,cebolla cortada en cubitos,,,,,
86af7240-e16a-11ed-ae14-a96d6180cd25,Caldo de Papas con Espinazo,2,3 dientes de ajo picados,3,3.0,,,dientes,ajo picados,,,,,
86af7240-e16a-11ed-ae14-a96d6180cd25,Caldo de Papas con Espinazo,3,1 pimentón rojo cortado en cubitos,1,1.0,,,,pimentón rojo cortado en cubitos,,,,,
86af7240-e16a-11ed-ae14-a96d6180cd25,Caldo de Papas con Espinazo,4,2 cebollas largas picadas,2,2.0,,,,cebollas largas picadas,,,,,
86af7240-e16a-11ed-ae14-a96d6180cd25,Caldo de Papas con Espinazo,5,1 cucharadita de comino molido,1,1.0,,,cucharadita,comino molido,,,,,
86af7240-e16a-11ed-ae14-a96d6180cd25,Caldo de Papas con Espinazo,6,½ cucharadita de achiote o color,½,0.5,,,cucharadita,achiote o color,,,,,
86af7240-e16a-11ed-ae14-a96d6180cd25,Caldo de Papas con Espinazo,7,2 libras de espinazo de cerdo o costillas de cerdo cortados en pedazos,2,2.0,,,libras,espinazo de cerdo o costillas de cerdo cortados en pedazos,,,,,
86af7240-e16a-11ed-ae14-a96d6180cd25,Caldo de Papas con Espinazo,8,8 papas medianas peladas,8,8.0,,,,papas medianas peladas,,,,,
86af7240-e16a-11ed-ae14-a96d6180cd25,Caldo de Papas con Espinazo,9,8 tazas de agua,8,8.0,,,tazas,agua,,,,,
86af7240-e16a-11ed-ae14-a96d6180cd25,Caldo de Papas con Espinazo,10,1 taza de cilantro picado,1,1.0,,,taza,cilantro picado,,,,,
86af7240-e16a-11ed-ae14-a96d6180cd25,Caldo de Papas con Espinazo,11,Sal y pimienta al gusto,,,,,,Sal y pimienta al gusto,,,,,
86af7240-e16a-11ed-ae14-a96d6180cd25,Caldo de Papas con Espinazo,12,Aguacate y salsa picante para servir,,,,,,Aguacate y salsa picante para servir,,,,,
86af7241-e16a-11ed-902a-a96d6180cd25,Cuchuco de Cebada,1,1 ½ libras de costillas de cerdo o espinazo de cerdo,1 ½,1.5,,,libras,costillas de cerdo o espinazo de cerdo,,,,,
86af7241-e16a-11ed-902a-a96d6180cd25,Cuchuco de Cebada,2,10 tazas de agua,10,10.0,,,tazas,agua,,,,,
86af7241-e16a-11ed-902a-a96d6180cd25,Cuchuco de Cebada,3,Media taza de cebada lavada y remojada,,,,,,Media taza de cebada lavada y remojada,,,,,
86af7241-e16a-11ed-902a-a96d6180cd25,Cuchuco de Cebada,4,2 papas amarillas medianas peladas y cortadas en cubitos,2,2.0,,,,papas amarillas medianas peladas y cortadas en cubitos,,,,,
86af7241-e16a-11ed-902a-a96d6180cd25,Cuchuco de Cebada,5,2 papas rojas peladas y cortadas en cubitos,2,2.0,,,,papas rojas peladas y cortadas en cubitos,,,,,
86af7241-e16a-11ed-902a-a96d6180cd25,Cuchuco de Cebada,6,Media taza de cebolla picada,,,,,,Media taza de cebolla picada,,,,,
86af7241-e16a-11ed-902a-a96d6180cd25,Cuchuco de Cebada,7,3 dientes de ajo,3,3.0,,,dientes,ajo,,,,,
86af7241-e16a-11ed-902a-a96d6180cd25,Cuchuco de Cebada,8,2 cebollas largas picadas,2,2.0,,,,cebollas largas picadas,,,,,
86af7241-e16a-11ed-902a-a96d6180cd25,Cuchuco de Cebada,9,Un cuarto de taza de pimientón rojo cortado en cubitos,,,,,,Un cuarto de taza de pimientón rojo cortado en cubitos,,,,,
86af7241-e16a-11ed-902a-a96d6180cd25,Cuchuco de Cebada,10,1 cucharadita de comino molido,1,1.0,,,cucharadita,comino molido,,,,,
86af7241-e16a-11ed-902a-a96d6180cd25,Cuchuco de Cebada,11,½ taza de cilantro fresco picado,½,0.5,,,taza,cilantro fresco picado,,,,,
86af7241-e16a-11ed-902a-a96d6180cd25,Cuchuco de Cebada,12,Media cucharadita de Sazón con achiote,,,,,,Media cucharadita de Sazón con achiote,,,,,
86af7241-e16a-11ed-902a-a96d6180cd25,Cuchuco de Cebada,13,1 tableta de caldo de carne,1,1.0,,,,tableta de caldo de carne,,,,,
86af7241-e16a-11ed-902a-a96d6180cd25,Cuchuco de Cebada,14,2 tazas de repollo picado,2,2.0,,,tazas,repollo picado,,,,,
86af7241-e16a-11ed-902a-a96d6180cd25,Cuchuco de Cebada,15,Media taza de arvejas,,,,,,Media taza de arvejas,,,,,
86af7241-e16a-11ed-902a-a96d6180cd25,Cuchuco de Cebada,16,Media taza de zanahorias cortadas en cubitos,,,,,,Media taza de zanahorias cortadas en cubitos,,,,,
86af7241-e16a-11ed-902a-a96d6180cd25,Cuchuco de Cebada,17,Sal y pimienta,,,,,,Sal y pimienta,,,,,
86af7242-e16a-11ed-830d-a96d6180cd25,Tamales Tolimenses,1,2 libras de costillas de cerdo cortada en trozos pequeños,2,2.0,,,libras,costillas de cerdo cortada en trozos pequeños,,,,,
86af7242-e16a-11ed-830d-a96d6180cd25,Tamales Tolimenses,2,12 piezas de pollo,12,12.0,,,,piezas de pollo,,,,,
86af7242-e16a-11ed-830d-a96d6180cd25,Tamales Tolimenses,3,1 libra de tocino de cerdo cortado en trozos pequeños,1,1.0,,,libra,tocino de cerdo cortado en trozos pequeños,,,,,
86af7242-e16a-11ed-830d-a96d6180cd25,Tamales Tolimenses,4,4 papas medianas peladas y en rodajas,4,4.0,,,,papas medianas peladas y en rodajas,,,,,
86af7242-e16a-11ed-830d-a96d6180cd25,Tamales Tolimenses,5,2 zanahorias grandes peladas y en rodajas,2,2.0,,,,zanahorias grandes peladas y en rodajas,,,,,
86af7242-e16a-11ed-830d-a96d6180cd25,Tamales Tolimenses,6,6 huevos cocidos en rodajas,6,6.0,,,,huevos cocidos en rodajas,,,,,
86af7242-e16a-11ed-830d-a96d6180cd25,Tamales Tolimenses,7,1 taza de arvejas,1,1.0,,,taza,arvejas,,,,,
86af7242-e16a-11ed-830d-a96d6180cd25,Tamales Tolimenses,8,3 tazas de arroz cocinado,3,3.0,,,tazas,arroz cocinado,,,,,
86af7243-e16a-11ed-8ecd-a96d6180cd25,Gazpacho de Aguacate,1,2 aguacates pequeños pelados y cortados en cubitos,2,2.0,,,,aguacates pequeños pelados y cortados en cubitos,,,,,
86af7243-e16a-11ed-8ecd-a96d6180cd25,Gazpacho de Aguacate,2,⅓ taza de pimentón verde cortado en cubitos,⅓,0.3333333333,,,taza,pimentón verde cortado en cubitos,,,,,
86af7243-e16a-11ed-8ecd-a96d6180cd25,Gazpacho de Aguacate,3,3 tazas de pepino pelado y cortado en cubitos,3,3.0,,,tazas,pepino pelado y cortado en cubitos,,,,,
86af7243-e16a-11ed-8ecd-a96d6180cd25,Gazpacho de Aguacate,4,Sal y pimienta al gusto,,,,,,Sal y pimienta al gusto,,,,,
86af7243-e16a-11ed-8ecd-a96d6180cd25,Gazpacho de Aguacate,5,2 cucharaditas de jugo de limón,2,2.0,,,cucharaditas,jugo de limón,,,,,
86af7243-e16a-11ed-8ecd-a96d6180cd25,Gazpacho de Aguacate,6,2 cucharadas de cilantro fresco,2,2.0,,,cucharadas,cilantro fresco,,,,,
86af7243-e16a-11ed-8ecd-a96d6180cd25,Gazpacho de Aguacate,7,1 taza de agua,1,1.0,,,taza,agua,,,,,
86af7243-e16a-11ed-8ecd-a96d6180cd25,Gazpacho de Aguacate,8,¼ taza de vinagre blanco,¼,0.25,,,taza,vinagre blanco,,,,,
86af7244-e16a-11ed-802b-a96d6180cd25,Arepas de Chócolo Colombianas,1,5 tazas de granos de maíz dulce,5,5.0,,,tazas,granos de maíz dulce,,,,,
86af7244-e16a-11ed-802b-a96d6180cd25,Arepas de Chócolo Colombianas,2,½ cucharadita de azúcar,½,0.5,,,cucharadita,azúcar,,,,,
86af7244-e16a-11ed-802b-a96d6180cd25,Arepas de Chócolo Colombianas,3,Sal al gusto,,,,,,Sal al gusto,,,,,
86af7244-e16a-11ed-802b-a96d6180cd25,Arepas de Chócolo Colombianas,4,3 cucharadas de mantequilla sin sal o más según sea necesario,3,3.0,,,cucharadas,mantequilla sin sal o más según sea necesario,,,,,
86af7244-e16a-11ed-802b-a96d6180cd25,Arepas de Chócolo Colombianas,5,Queso fresco o queso blanco para servir,,,,,,Queso fresco o queso blanco para servir,,,,,
86af7245-e16a-11ed-a938-a96d6180cd25,Lechona Tolimense,1,2 libras de piel de cerdo pieles,2,2.0,,,libras,piel de cerdo pieles,,,,,
86af7245-e16a-11ed-a938-a96d6180cd25,Lechona Tolimense,2,Relleno,,,,,,Relleno,,,,,
86af7245-e16a-11ed-a938-a96d6180cd25,Lechona Tolimense,3,¼ taza de manteca de cerdo,¼,0.25,,,taza,manteca de cerdo,,,,,
86af7245-e16a-11ed-a938-a96d6180cd25,Lechona Tolimense,4,4 cebollas largas picadas,4,4.0,,,,cebollas largas picadas,,,,,
86af7245-e16a-11ed-a938-a96d6180cd25,Lechona Tolimense,5,4 dientes de ajo finamente picados,4,4.0,,,dientes,ajo finamente picados,,,,,
86af7245-e16a-11ed-a938-a96d6180cd25,Lechona Tolimense,6,1 cucharadita de comino molido,1,1.0,,,cucharadita,comino molido,,,,,
86af7245-e16a-11ed-a938-a96d6180cd25,Lechona Tolimense,7,1 cucharadita de sazón con azafran o color,1,1.0,,,cucharadita,sazón con azafran o color,,,,,
86af7245-e16a-11ed-a938-a96d6180cd25,Lechona Tolimense,8,¾ taza de arvejas amarillas o verdes,¾,0.75,,,taza,arvejas amarillas o verdes,,,,,
86af7245-e16a-11ed-a938-a96d6180cd25,Lechona Tolimense,9,1 ¼ tazas de arroz cocido,1 ¼,1.25,,,tazas,arroz cocido,,,,,
86af7245-e16a-11ed-a938-a96d6180cd25,Lechona Tolimense,10,Sal y pimienta,,,,,,Sal y pimienta,,,,,
86af7245-e16a-11ed-a938-a96d6180cd25,Lechona Tolimense,11,2 libras de carne de cerdo cortado en trozos pequeños,2,2.0,,,libras,carne de cerdo cortado en trozos pequeños,,,,,
86af7246-e16a-11ed-942f-a96d6180cd25,Arepa con Carne Desmechada,1,4 arepas cocinadas,4,4.0,,,,arepas cocinadas,,,,,
86af7246-e16a-11ed-942f-a96d6180cd25,Arepa con Carne Desmechada,2,Carne desmechada ver receta de carne desmechada aquí,,,,,,Carne desmechada ver receta de carne desmechada aquí,,,,,
86af7246-e16a-11ed-942f-a96d6180cd25,Arepa con Carne Desmechada,3,1 cucharada de mantequilla,1,1.0,,,cucharada,mantequilla,,,,,
86af7246-e16a-11ed-942f-a96d6180cd25,Arepa con Carne Desmechada,4,1 plátano maduro pelado y cortado en cubitos,1,1.0,,,,plátano maduro pelado y cortado en cubitos,,,,,
86af7246-e16a-11ed-942f-a96d6180cd25,Arepa con Carne Desmechada,5,1 aguacate cortado en cubitos,1,1.0,,,,aguacate cortado en cubitos,,,,,
86af7246-e16a-11ed-942f-a96d6180cd25,Arepa con Carne Desmechada,6,Cilantro fresco picado para servir,,,,,,Cilantro fresco picado para servir,,,,,
86af7247-e16a-11ed-a16f-a96d6180cd25,Arepuela o Anisita,1,1 taza Masarepa,1,1.0,,,taza,Masarepa,,,,,
86af7247-e16a-11ed-a16f-a96d6180cd25,Arepuela o Anisita,2,1 taza de agua tibia,1,1.0,,,taza,agua tibia,,,,,
86af7247-e16a-11ed-a16f-a96d6180cd25,Arepuela o Anisita,3,2 cucharadas de azúcar,2,2.0,,,cucharadas,azúcar,,,,,
86af7247-e16a-11ed-a16f-a96d6180cd25,Arepuela o Anisita,4,1 cucharadita de semillas de anís,1,1.0,,,cucharadita,semillas de anís,,,,,
86af7247-e16a-11ed-a16f-a96d6180cd25,Arepuela o Anisita,5,Aceite vegetal para freír,,,,,,Aceite vegetal para freír,,,,,
86af7248-e16a-11ed-a89e-a96d6180cd25,Crema de Champiñones,1,1 diente de ajo picado,1,1.0,,,diente,ajo picado,,,,,
86af7248-e16a-11ed-a89e-a96d6180cd25,Crema de Champiñones,2,½ taza de cebolla picada,½,0.5,,,taza,cebolla picada,,,,,
86af7248-e16a-11ed-a89e-a96d6180cd25,Crema de Champiñones,3,3 cucharadas de mantequilla,3,3.0,,,cucharadas,mantequilla,,,,,
86af7248-e16a-11ed-a89e-a96d6180cd25,Crema de Champiñones,4,2 cucharadas de aceite de oliva,2,2.0,,,cucharadas,aceite de oliva,,,,,
86af7248-e16a-11ed-a89e-a96d6180cd25,Crema de Champiñones,5,1 libra de champiñones portobello en rodajas,1,1.0,,,libra,champiñones portobello en rodajas,,,,,
86af7248-e16a-11ed-a89e-a96d6180cd25,Crema de Champiñones,6,1 ½ cucharadas de harina,1 ½,1.5,,,cucharadas,harina,,,,,
86af7248-e16a-11ed-a89e-a96d6180cd25,Crema de Champiñones,7,½ cucharadita de tomillo fresco,½,0.5,,,cucharadita,tomillo fresco,,,,,
86af7248-e16a-11ed-a89e-a96d6180cd25,Crema de Champiñones,8,Sal y pimienta,,,,,,Sal y pimienta,,,,,
86af7248-e16a-11ed-a89e-a96d6180cd25,Crema de Champiñones,9,3 cucharadas de queso parmesano,3,3.0,,,cucharadas,queso parmesano,,,,,
86af7248-e16a-11ed-a89e-a96d6180cd25,Crema de Champiñones,10,1 ½ tazas de crema espesa y un poco más para decorar,1 ½,1.5,,,tazas,crema espesa y un poco más para decorar,,,,,
86af7248-e16a-11ed-a89e-a96d6180cd25,Crema de Champiñones,11,4 tazas de caldo de pollo o vegetal,4,4.0,,,tazas,caldo de pollo o vegetal,,,,,
86af7248-e16a-11ed-a89e-a96d6180cd25,Crema de Champiñones,12,Cebolla larga picada para adornar,,,,,,Cebolla larga picada para adornar,,,,,
86af7249-e16a-11ed-9004-a96d6180cd25,Crema de Brócoli,1,2 cucharadas de mantequilla,2,2.0,,,cucharadas,mantequilla,,,,,
86af7249-e16a-11ed-9004-a96d6180cd25,Crema de Brócoli,2,½ taza de cebolla picada,½,0.5,,,taza,cebolla picada,,,,,
86af7249-e16a-11ed-9004-a96d6180cd25,Crema de Brócoli,3,1 libra de brócoli,1,1.0,,,libra,brócoli,,,,,
86af7249-e16a-11ed-9004-a96d6180cd25,Crema de Brócoli,4,4 tazas de caldo de pollo o vegetales,4,4.0,,,tazas,caldo de pollo o vegetales,,,,,
86af7249-e16a-11ed-9004-a96d6180cd25,Crema de Brócoli,5,1 taza de crema espesa,1,1.0,,,taza,crema espesa,,,,,
86af7249-e16a-11ed-9004-a96d6180cd25,Crema de Brócoli,6,Sal y pimienta,,,,,,Sal y pimienta,,,,,
86af7249-e16a-11ed-9004-a96d6180cd25,Crema de Brócoli,7,¼ cucharadita de comino molido,¼,0.25,,,cucharadita,comino molido,,,,,
86af7249-e16a-11ed-9004-a96d6180cd25,Crema de Brócoli,8,¼ cucharadita de pimentón molido,¼,0.25,,,cucharadita,pimentón molido,,,,,
86af7249-e16a-11ed-9004-a96d6180cd25,Crema de Brócoli,9,1 taza de queso cheddar rallado,1,1.0,,,taza,queso cheddar rallado,,,,,
86af724a-e16a-11ed-a4ac-a96d6180cd25,Sopa de Plátano,1,3 plátanos verdes pelados y cortados en trozos pequeños,3,3.0,,,,plátanos verdes pelados y cortados en trozos pequeños,,,,,
86af724a-e16a-11ed-a4ac-a96d6180cd25,Sopa de Plátano,2,8 tazas de caldo de res o pollo,8,8.0,,,tazas,caldo de res o pollo,,,,,
86af724a-e16a-11ed-a4ac-a96d6180cd25,Sopa de Plátano,3,½ taza de cebolla picada,½,0.5,,,taza,cebolla picada,,,,,
86af724a-e16a-11ed-a4ac-a96d6180cd25,Sopa de Plátano,4,2 dientes de ajo picados,2,2.0,,,dientes,ajo picados,,,,,
86af724a-e16a-11ed-a4ac-a96d6180cd25,Sopa de Plátano,5,¼ de taza de cebolla de verde picada,¼,0.25,,,,de taza de cebolla de verde picada,,,,,
86af724a-e16a-11ed-a4ac-a96d6180cd25,Sopa de Plátano,6,¼ de cucharadita de sal,¼,0.25,,,,de cucharadita de sal,,,,,
86af724a-e16a-11ed-a4ac-a96d6180cd25,Sopa de Plátano,7,¼ de cucharadita de pimienta molida fresca,¼,0.25,,,,de cucharadita de pimienta molida fresca,,,,,
86af724a-e16a-11ed-a4ac-a96d6180cd25,Sopa de Plátano,8,¼ de cucharadita de polvo de comino molido,¼,0.25,,,,de cucharadita de polvo de comino molido,,,,,
86af724a-e16a-11ed-a4ac-a96d6180cd25,Sopa de Plátano,9,2 cucharadas de cilantro para adornar,2,2.0,,,cucharadas,cilantro para adornar,,,,,
86af724b-e16a-11ed-a32a-a96d6180cd25,Tacos de Pescado,1,1 libra de pescado blanco,1,1.0,,,libra,pescado blanco,,,,,
86af724b-e16a-11ed-a32a-a96d6180cd25,Tacos de Pescado,2,½ cucharadita de comino molido,½,0.5,,,cucharadita,comino molido,,,,,
86af724b-e16a-11ed-a32a-a96d6180cd25,Tacos de Pescado,3,¼ de cucharadita de chile en polvo opcional,¼,0.25,,,,de cucharadita de chile en polvo opcional,,,,,
86af724b-e16a-11ed-a32a-a96d6180cd25,Tacos de Pescado,4,El jugo de 2 limones dividido,,,,,,El jugo de 2 limones dividido,,,,,
86af724b-e16a-11ed-a32a-a96d6180cd25,Tacos de Pescado,5,Sal y pimienta,,,,,,Sal y pimienta,,,,,
86af724b-e16a-11ed-a32a-a96d6180cd25,Tacos de Pescado,6,8 to rtillas de maíz,8,8.0,,,,to rtillas de maíz,,,,,
86af724b-e16a-11ed-a32a-a96d6180cd25,Tacos de Pescado,7,2 cucharadas de cilantro fresco picado,2,2.0,,,cucharadas,cilantro fresco picado,,,,,
86af724b-e16a-11ed-a32a-a96d6180cd25,Tacos de Pescado,8,2 cucharadas de cebolla picada,2,2.0,,,cucharadas,cebolla picada,,,,,
86af724b-e16a-11ed-a32a-a96d6180cd25,Tacos de Pescado,9,1 aguacate pequeño cortado en cubitos,1,1.0,,,,aguacate pequeño cortado en cubitos,,,,,
86af724b-e16a-11ed-a32a-a96d6180cd25,Tacos de Pescado,10,1 taza de lechuga picada,1,1.0,,,taza,lechuga picada,,,,,
86af724b-e16a-11ed-a32a-a96d6180cd25,Tacos de Pescado,11,1 cucharada de aceite de oliva,1,1.0,,,cucharada,aceite de oliva,,,,,
86af724c-e16a-11ed-aa78-a96d6180cd25,Envueltos de Plátano Maduro,1,4 plátanos muy maduros pelados,4,4.0,,,,plátanos muy maduros pelados,,,,,
86af724c-e16a-11ed-aa78-a96d6180cd25,Envueltos de Plátano Maduro,2,½ taza de harina para arepas,½,0.5,,,taza,harina para arepas,,,,,
86af724c-e16a-11ed-aa78-a96d6180cd25,Envueltos de Plátano Maduro,3,6 cucharadas de agua tibia,6,6.0,,,cucharadas,agua tibia,,,,,
86af724c-e16a-11ed-aa78-a96d6180cd25,Envueltos de Plátano Maduro,4,⅓ taza de panela rallada o azúcar morena,⅓,0.3333333333,,,taza,panela rallada o azúcar morena,,,,,
86af724c-e16a-11ed-aa78-a96d6180cd25,Envueltos de Plátano Maduro,5,½ taza de mantequilla derretida,½,0.5,,,taza,mantequilla derretida,,,,,
86af724c-e16a-11ed-aa78-a96d6180cd25,Envueltos de Plátano Maduro,6,½ taza de queso mozzarella rallado opcional,½,0.5,,,taza,queso mozzarella rallado opcional,,,,,
86af724c-e16a-11ed-aa78-a96d6180cd25,Envueltos de Plátano Maduro,7,Hojas de plátano cortadas en trozos de aproximadamente de 12 pulgadas de largo o papel de aluminio,,,,,,Hojas de plátano cortadas en trozos de aproximadamente de 12 pulgadas de largo o papel de aluminio,,,,,
86af724d-e16a-11ed-b080-a96d6180cd25,Arroz con Coco Blanco,1,2 tazas de arroz de grano largo,2,2.0,,,tazas,arroz de grano largo,,,,,
86af724d-e16a-11ed-b080-a96d6180cd25,Arroz con Coco Blanco,2,4 tazas de leche de coco,4,4.0,,,tazas,leche de coco,,,,,
86af724d-e16a-11ed-b080-a96d6180cd25,Arroz con Coco Blanco,3,2 cucharadas de azuúcar,2,2.0,,,cucharadas,azuúcar,,,,,
86af724d-e16a-11ed-b080-a96d6180cd25,Arroz con Coco Blanco,4,1 cucharadita de sal,1,1.0,,,cucharadita,sal,,,,,
86af724e-e16a-11ed-af3b-a96d6180cd25,Aborrajados de Platáno Maduro,1,2 plátanos grandes muy maduros,2,2.0,,,,plátanos grandes muy maduros,,,,,
86af724e-e16a-11ed-af3b-a96d6180cd25,Aborrajados de Platáno Maduro,2,Aceite vegetal para freír,,,,,,Aceite vegetal para freír,,,,,
86af724e-e16a-11ed-af3b-a96d6180cd25,Aborrajados de Platáno Maduro,3,8 rebanadas de queso mozzarella 2 pulgadas de espesor,8,8.0,,,rebanadas,queso mozzarella 2 pulgadas de espesor,,,,,
86af724e-e16a-11ed-af3b-a96d6180cd25,Aborrajados de Platáno Maduro,4,2 huevos,2,2.0,,,,huevos,,,,,
86af724e-e16a-11ed-af3b-a96d6180cd25,Aborrajados de Platáno Maduro,5,4 cucharadas de harina para todo uso,4,4.0,,,cucharadas,harina para todo uso,,,,,
86af724e-e16a-11ed-af3b-a96d6180cd25,Aborrajados de Platáno Maduro,6,2 cucharada de azúcar,2,2.0,,,cucharada,azúcar,,,,,
86af724e-e16a-11ed-af3b-a96d6180cd25,Aborrajados de Platáno Maduro,7,2 cucharadas de leche,2,2.0,,,cucharadas,leche,,,,,
86af724e-e16a-11ed-af3b-a96d6180cd25,Aborrajados de Platáno Maduro,8,Una pizca de sal,,,,,,Una pizca de sal,,,,,
86af724f-e16a-11ed-87ec-a96d6180cd25,Arroz con Coca-Cola,1,1 taza de arroz blanco,1,1.0,,,taza,arroz blanco,,,,,
86af724f-e16a-11ed-87ec-a96d6180cd25,Arroz con Coca-Cola,2,1 ½ taza de coca-cola,1 ½,1.5,,,taza,coca-cola,,,,,
86af724f-e16a-11ed-87ec-a96d6180cd25,Arroz con Coca-Cola,3,1 taza de agua,1,1.0,,,taza,agua,,,,,
86af724f-e16a-11ed-87ec-a96d6180cd25,Arroz con Coca-Cola,4,1 pastilla de caldo de pollo,1,1.0,,,,pastilla de caldo de pollo,,,,,
86af724f-e16a-11ed-87ec-a96d6180cd25,Arroz con Coca-Cola,5,2 cucharada de mantequilla o aceite,2,2.0,,,cucharada,mantequilla o aceite,,,,,
86af724f-e16a-11ed-87ec-a96d6180cd25,Arroz con Coca-Cola,6,4 cucharadas de cebolla larga picada,4,4.0,,,cucharadas,cebolla larga picada,,,,,
86af7250-e16a-11ed-b144-a96d6180cd25,Papa Salada Colombiana,1,12 papas rojas pequeñas lavadas y sin pelar,12,12.0,,,,papas rojas pequeñas lavadas y sin pelar,,,,,
86af7250-e16a-11ed-b144-a96d6180cd25,Papa Salada Colombiana,2,2 ½ tazas de agua,2 ½,2.5,,,tazas,agua,,,,,
86af7250-e16a-11ed-b144-a96d6180cd25,Papa Salada Colombiana,3,2 cucharadas de sal,2,2.0,,,cucharadas,sal,,,,,
86af7251-e16a-11ed-81b2-a96d6180cd25,Plátanos Calados o Plátanos en Tentacíon,1,2 plátanos bien maduros pelados y cortados en 4 trozos cada uno,2,2.0,,,,plátanos bien maduros pelados y cortados en 4 trozos cada uno,,,,,
86af7251-e16a-11ed-81b2-a96d6180cd25,Plátanos Calados o Plátanos en Tentacíon,2,½ taza de azúcar morena o panela rallada,½,0.5,,,taza,azúcar morena o panela rallada,,,,,
86af7251-e16a-11ed-81b2-a96d6180cd25,Plátanos Calados o Plátanos en Tentacíon,3,1 taza de agua,1,1.0,,,taza,agua,,,,,
86af7251-e16a-11ed-81b2-a96d6180cd25,Plátanos Calados o Plátanos en Tentacíon,4,2 astillas de canela,2,2.0,,,,astillas de canela,,,,,
86af7251-e16a-11ed-81b2-a96d6180cd25,Plátanos Calados o Plátanos en Tentacíon,5,½ cucharada de mantequilla,½,0.5,,,cucharada,mantequilla,,,,,
86af7252-e16a-11ed-82c9-a96d6180cd25,Torta de Plátano Maduro con Bocadillo y Queso,1,4 plátanos muy maduros,4,4.0,,,,plátanos muy maduros,,,,,
86af7252-e16a-11ed-82c9-a96d6180cd25,Torta de Plátano Maduro con Bocadillo y Queso,2,1 ½ tazas de aceite vegetal para freír,1 ½,1.5,,,tazas,aceite vegetal para freír,,,,,
86af7252-e16a-11ed-82c9-a96d6180cd25,Torta de Plátano Maduro con Bocadillo y Queso,3,3 huevos batidos,3,3.0,,,,huevos batidos,,,,,
86af7252-e16a-11ed-82c9-a96d6180cd25,Torta de Plátano Maduro con Bocadillo y Queso,4,½ cucharadita de canela molida,½,0.5,,,cucharadita,canela molida,,,,,
86af7252-e16a-11ed-82c9-a96d6180cd25,Torta de Plátano Maduro con Bocadillo y Queso,5,½ taza de leche,½,0.5,,,taza,leche,,,,,
86af7252-e16a-11ed-82c9-a96d6180cd25,Torta de Plátano Maduro con Bocadillo y Queso,6,1 cucharadita de azúcar,1,1.0,,,cucharadita,azúcar,,,,,
86af7252-e16a-11ed-82c9-a96d6180cd25,Torta de Plátano Maduro con Bocadillo y Queso,7,2 tazas de bocadilllo de guayaba,2,2.0,,,tazas,bocadilllo de guayaba,,,,,
86af7252-e16a-11ed-82c9-a96d6180cd25,Torta de Plátano Maduro con Bocadillo y Queso,8,2 tazas de queso mozzarella cortado en cubos,2,2.0,,,tazas,queso mozzarella cortado en cubos,,,,,
86af7252-e16a-11ed-82c9-a96d6180cd25,Torta de Plátano Maduro con Bocadillo y Queso,9,½ taza de queso mozzarella rallado,½,0.5,,,taza,queso mozzarella rallado,,,,,
86af7253-e16a-11ed-a986-a96d6180cd25,Arroz con Fideos,1,3 cucharadas de aceite vegetal o de oliva,3,3.0,,,cucharadas,aceite vegetal o de oliva,,,,,
86af7253-e16a-11ed-a986-a96d6180cd25,Arroz con Fideos,2,⅔ taza de pasta de cabello de ángel en pedazos de 1 ½ pulgadas,⅔,0.6666666667,,,taza,pasta de cabello de ángel en pedazos de 1 ½ pulgadas,,,,,
86af7253-e16a-11ed-a986-a96d6180cd25,Arroz con Fideos,3,1 taza de arroz blanco de grano largo,1,1.0,,,taza,arroz blanco de grano largo,,,,,
86af7253-e16a-11ed-a986-a96d6180cd25,Arroz con Fideos,4,2 tazas de agua o 2 tazas de pollo o caldo de verduras,2,2.0,,,tazas,agua o 2 tazas de pollo o caldo de verduras,,,,,
86af7253-e16a-11ed-a986-a96d6180cd25,Arroz con Fideos,5,½ cucharadita de sal,½,0.5,,,cucharadita,sal,,,,,
86af7254-e16a-11ed-9454-a96d6180cd25,Arroz con Coco y Lentejas,1,½ taza de lentejas,½,0.5,,,taza,lentejas,,,,,
86af7254-e16a-11ed-9454-a96d6180cd25,Arroz con Coco y Lentejas,2,1 taza de arroz,1,1.0,,,taza,arroz,,,,,
86af7254-e16a-11ed-9454-a96d6180cd25,Arroz con Coco y Lentejas,3,1 cucharada de aceite de oliva,1,1.0,,,cucharada,aceite de oliva,,,,,
86af7254-e16a-11ed-9454-a96d6180cd25,Arroz con Coco y Lentejas,4,¼ de taza de cebolla picada,¼,0.25,,,,de taza de cebolla picada,,,,,
86af7254-e16a-11ed-9454-a96d6180cd25,Arroz con Coco y Lentejas,5,1 diente de ajo triturado,1,1.0,,,diente,ajo triturado,,,,,
86af7254-e16a-11ed-9454-a96d6180cd25,Arroz con Coco y Lentejas,6,1 hoja de laurel,1,1.0,,,hoja,laurel,,,,,
86af7254-e16a-11ed-9454-a96d6180cd25,Arroz con Coco y Lentejas,7,2 tazas de leche de coco,2,2.0,,,tazas,leche de coco,,,,,
86af7254-e16a-11ed-9454-a96d6180cd25,Arroz con Coco y Lentejas,8,2 tazas de agua,2,2.0,,,tazas,agua,,,,,
86af7254-e16a-11ed-9454-a96d6180cd25,Arroz con Coco y Lentejas,9,Sal al gusto,,,,,,Sal al gusto,,,,,
86af7254-e16a-11ed-9454-a96d6180cd25,Arroz con Coco y Lentejas,10,Cilantro fresco para servir,,,,,,Cilantro fresco para servir,,,,,
86af7255-e16a-11ed-8134-a96d6180cd25,Ensalada de Remolacha y Zanahoria,1,3 zanahorias peladas y partidas en rodajas,3,3.0,,,,zanahorias peladas y partidas en rodajas,,,,,
86af7255-e16a-11ed-8134-a96d6180cd25,Ensalada de Remolacha y Zanahoria,2,3 remolachas,3,3.0,,,,remolachas,,,,,
86af7255-e16a-11ed-8134-a96d6180cd25,Ensalada de Remolacha y Zanahoria,3,½ cebolla blanca pequeña cortada en rebanadas finas,½,0.5,,,,cebolla blanca pequeña cortada en rebanadas finas,,,,,
86af7255-e16a-11ed-8134-a96d6180cd25,Ensalada de Remolacha y Zanahoria,4,3 cucharadas de cilantro picado,3,3.0,,,cucharadas,cilantro picado,,,,,
86af7255-e16a-11ed-8134-a96d6180cd25,Ensalada de Remolacha y Zanahoria,5,4 cucharadas de aceite de oliva,4,4.0,,,cucharadas,aceite de oliva,,,,,
86af7255-e16a-11ed-8134-a96d6180cd25,Ensalada de Remolacha y Zanahoria,6,2 cucharadas de vinagre blanco,2,2.0,,,cucharadas,vinagre blanco,,,,,
86af7255-e16a-11ed-8134-a96d6180cd25,Ensalada de Remolacha y Zanahoria,7,El jugo de 1 limón,,,,,,El jugo de 1 limón,,,,,
86af7255-e16a-11ed-8134-a96d6180cd25,Ensalada de Remolacha y Zanahoria,8,¼ cucharadita de comino molido,¼,0.25,,,cucharadita,comino molido,,,,,
86af7255-e16a-11ed-8134-a96d6180cd25,Ensalada de Remolacha y Zanahoria,9,Sal y pimienta al gusto,,,,,,Sal y pimienta al gusto,,,,,
86af7256-e16a-11ed-b8e7-a96d6180cd25,Chicharrón Colombiano,1,3 libras de tocino de cerdo carnudos lavados y cortados en trozos,3,3.0,,,libras,tocino de cerdo carnudos lavados y cortados en trozos,,,,,
86af7256-e16a-11ed-b8e7-a96d6180cd25,Chicharrón Colombiano,2,1 cucharadita de polvo de hornear,1,1.0,,,cucharadita,polvo de hornear,,,,,
86af7256-e16a-11ed-b8e7-a96d6180cd25,Chicharrón Colombiano,3,¼ de cucharadita de bicarbonato de soda,¼,0.25,,,,de cucharadita de bicarbonato de soda,,,,,
86af7256-e16a-11ed-b8e7-a96d6180cd25,Chicharrón Colombiano,4,½ cucharadita de sal,½,0.5,,,cucharadita,sal,,,,,
86af7256-e16a-11ed-b8e7-a96d6180cd25,Chicharrón Colombiano,5,2 tazas de agua,2,2.0,,,tazas,agua,,,,,
86af7257-e16a-11ed-b66b-a96d6180cd25,Plátanos Asados con Bocadillo y Queso,1,4 plátanos bien maduros,4,4.0,,,,plátanos bien maduros,,,,,
86af7257-e16a-11ed-b66b-a96d6180cd25,Plátanos Asados con Bocadillo y Queso,2,1 cucharada de mantequilla derretida,1,1.0,,,cucharada,mantequilla derretida,,,,,
86af7257-e16a-11ed-b66b-a96d6180cd25,Plátanos Asados con Bocadillo y Queso,3,4 rebanadas de bocadillo de guayaba,4,4.0,,,rebanadas,bocadillo de guayaba,,,,,
86af7257-e16a-11ed-b66b-a96d6180cd25,Plátanos Asados con Bocadillo y Queso,4,4 rebanadas de queso mozzarella o queso blanco,4,4.0,,,rebanadas,queso mozzarella o queso blanco,,,,,
86af7258-e16a-11ed-ad35-a96d6180cd25,Ensalada Simple,1,1 cabeza de lechuga romana picada,1,1.0,,,,cabeza de lechuga romana picada,,,,,
86af7258-e16a-11ed-ad35-a96d6180cd25,Ensalada Simple,2,2 tomates maduros en rodajas,2,2.0,,,,tomates maduros en rodajas,,,,,
86af7258-e16a-11ed-ad35-a96d6180cd25,Ensalada Simple,3,1 aguacate pelado y en rodajas,1,1.0,,,,aguacate pelado y en rodajas,,,,,
86af7258-e16a-11ed-ad35-a96d6180cd25,Ensalada Simple,4,Media cebolla roja cortada en tajadas delgadas,,,,,,Media cebolla roja cortada en tajadas delgadas,,,,,
86af7258-e16a-11ed-ad35-a96d6180cd25,Ensalada Simple,5,¼ taza de cilantro fresco picado,¼,0.25,,,taza,cilantro fresco picado,,,,,
86af7258-e16a-11ed-ad35-a96d6180cd25,Ensalada Simple,6,1 pepino en rodajas,1,1.0,,,,pepino en rodajas,,,,,
86af7258-e16a-11ed-ad35-a96d6180cd25,Ensalada Simple,7,3 cucharadas de vinagre blanco,3,3.0,,,cucharadas,vinagre blanco,,,,,
86af7258-e16a-11ed-ad35-a96d6180cd25,Ensalada Simple,8,El jugo de 4 limones,,,,,,El jugo de 4 limones,,,,,
86af7258-e16a-11ed-ad35-a96d6180cd25,Ensalada Simple,9,Sal y pimienta al gusto,,,,,,Sal y pimienta al gusto,,,,,
86af7259-e16a-11ed-8379-a96d6180cd25,Ensalada de Aguacate y Tomate,1,"2 tomates maduros grandes, cortado en rodajas",2,2.0,,,,"tomates maduros grandes, cortado en rodajas",,,,,
86af7259-e16a-11ed-8379-a96d6180cd25,Ensalada de Aguacate y Tomate,2,"½ cebolla roja pequeña, cortada en rodajas finas",½,0.5,,,,"cebolla roja pequeña, cortada en rodajas finas",,,,,
86af7259-e16a-11ed-8379-a96d6180cd25,Ensalada de Aguacate y Tomate,3,"1 pepino, cortado en rodajas",1,1.0,,,,"pepino, cortado en rodajas",,,,,
86af7259-e16a-11ed-8379-a96d6180cd25,Ensalada de Aguacate y Tomate,4,"2 aguacates pequeños, cortado en cubos",2,2.0,,,,"aguacates pequeños, cortado en cubos",,,,,
86af7259-e16a-11ed-8379-a96d6180cd25,Ensalada de Aguacate y Tomate,5,2 limones,2,2.0,,,,limones,,,,,
86af7259-e16a-11ed-8379-a96d6180cd25,Ensalada de Aguacate y Tomate,6,3 cucharadas de vinagre blanco,3,3.0,,,cucharadas,vinagre blanco,,,,,
86af7259-e16a-11ed-8379-a96d6180cd25,Ensalada de Aguacate y Tomate,7,1 cucharada de aceite de oliva,1,1.0,,,cucharada,aceite de oliva,,,,,
86af7259-e16a-11ed-8379-a96d6180cd25,Ensalada de Aguacate y Tomate,8,¼ de cucharadita de sal,¼,0.25,,,,de cucharadita de sal,,,,,
86af7259-e16a-11ed-8379-a96d6180cd25,Ensalada de Aguacate y Tomate,9,¼ cucharadita de pimienta molida,¼,0.25,,,cucharadita,pimienta molida,,,,,
86af7259-e16a-11ed-8379-a96d6180cd25,Ensalada de Aguacate y Tomate,10,2 cucharadas de cilantro fresco picado,2,2.0,,,cucharadas,cilantro fresco picado,,,,,
86af725a-e16a-11ed-859c-a96d6180cd25,Papas Chorreadas Colombianas,1,8 papas rojas medianas peladas parcialmente,8,8.0,,,,papas rojas medianas peladas parcialmente,,,,,
86af725a-e16a-11ed-859c-a96d6180cd25,Papas Chorreadas Colombianas,2,1 pastilla de caldo de pollo,1,1.0,,,,pastilla de caldo de pollo,,,,,
86af725a-e16a-11ed-859c-a96d6180cd25,Papas Chorreadas Colombianas,3,agua,,,,,,agua,,,,,
86af725a-e16a-11ed-859c-a96d6180cd25,Papas Chorreadas Colombianas,4,1 cucharada de mantequilla,1,1.0,,,cucharada,mantequilla,,,,,
86af725a-e16a-11ed-859c-a96d6180cd25,Papas Chorreadas Colombianas,5,1 cucharada de aceite vegetal,1,1.0,,,cucharada,aceite vegetal,,,,,
86af725a-e16a-11ed-859c-a96d6180cd25,Papas Chorreadas Colombianas,6,1 ½ tazas de tomates pelados y picados,1 ½,1.5,,,tazas,tomates pelados y picados,,,,,
86af725a-e16a-11ed-859c-a96d6180cd25,Papas Chorreadas Colombianas,7,3 cebollas largas cortadas en 2 pulgadas de largo,3,3.0,,,,cebollas largas cortadas en 2 pulgadas de largo,,,,,
86af725a-e16a-11ed-859c-a96d6180cd25,Papas Chorreadas Colombianas,8,½ cucharadita de polvo de ajo,½,0.5,,,cucharadita,polvo de ajo,,,,,
86af725a-e16a-11ed-859c-a96d6180cd25,Papas Chorreadas Colombianas,9,½ cucharadita de comino,½,0.5,,,cucharadita,comino,,,,,
86af725a-e16a-11ed-859c-a96d6180cd25,Papas Chorreadas Colombianas,10,½ de cucharadita de sal,½,0.5,,,,de cucharadita de sal,,,,,
86af725a-e16a-11ed-859c-a96d6180cd25,Papas Chorreadas Colombianas,11,Pimienta al gusto,,,,,,Pimienta al gusto,,,,,
86af725a-e16a-11ed-859c-a96d6180cd25,Papas Chorreadas Colombianas,12,1 taza de crema de leche,1,1.0,,,taza,crema de leche,,,,,
86af725a-e16a-11ed-859c-a96d6180cd25,Papas Chorreadas Colombianas,13,1 cucharada de cilantro fresco picado,1,1.0,,,cucharada,cilantro fresco picado,,,,,
86af725a-e16a-11ed-859c-a96d6180cd25,Papas Chorreadas Colombianas,14,1 taza de queso mozzarella o queso blanco rallado,1,1.0,,,taza,queso mozzarella o queso blanco rallado,,,,,
86af725b-e16a-11ed-acb6-a96d6180cd25,Ensalada Rusa,1,6 papas grandes peladas cocidas y cortadas en cubitos,6,6.0,,,,papas grandes peladas cocidas y cortadas en cubitos,,,,,
86af725b-e16a-11ed-acb6-a96d6180cd25,Ensalada Rusa,2,1 taza de mayonesa,1,1.0,,,taza,mayonesa,,,,,
86af725b-e16a-11ed-acb6-a96d6180cd25,Ensalada Rusa,3,1 taza de zanahorias cocinadas en cubitos,1,1.0,,,taza,zanahorias cocinadas en cubitos,,,,,
86af725b-e16a-11ed-acb6-a96d6180cd25,Ensalada Rusa,4,1 taza de arvejas cocinadas,1,1.0,,,taza,arvejas cocinadas,,,,,
86af725b-e16a-11ed-acb6-a96d6180cd25,Ensalada Rusa,5,¼ taza de crema de leche,¼,0.25,,,taza,crema de leche,,,,,
86af725b-e16a-11ed-acb6-a96d6180cd25,Ensalada Rusa,6,Sal y pimienta al gusto,,,,,,Sal y pimienta al gusto,,,,,
86af725b-e16a-11ed-acb6-a96d6180cd25,Ensalada Rusa,7,½ taza de cebolla rallada,½,0.5,,,taza,cebolla rallada,,,,,
86af725b-e16a-11ed-acb6-a96d6180cd25,Ensalada Rusa,8,¼ taza de cilantro fresco picado o perejil,¼,0.25,,,taza,cilantro fresco picado o perejil,,,,,
86af725b-e16a-11ed-acb6-a96d6180cd25,Ensalada Rusa,9,½ cucharadita de comino molido,½,0.5,,,cucharadita,comino molido,,,,,
86af725b-e16a-11ed-acb6-a96d6180cd25,Ensalada Rusa,10,¼ cucharadita de pimentón molido,¼,0.25,,,cucharadita,pimentón molido,,,,,
86af725b-e16a-11ed-acb6-a96d6180cd25,Ensalada Rusa,11,El jugo de ½ limón,,,,,,El jugo de ½ limón,,,,,
86af725c-e16a-11ed-9b46-a96d6180cd25,Patacones o Tostones,1,2 plátanos verdes,2,2.0,,,,plátanos verdes,,,,,
86af725c-e16a-11ed-9b46-a96d6180cd25,Patacones o Tostones,2,Aceite vegetal para freír,,,,,,Aceite vegetal para freír,,,,,
86af725c-e16a-11ed-9b46-a96d6180cd25,Patacones o Tostones,3,Sal al gusto,,,,,,Sal al gusto,,,,,
86af99fd-e16a-11ed-acb9-a96d6180cd25,Yuca Frita,1,2 libras yuca fresca o congelada,2,2.0,,,libras,yuca fresca o congelada,,,,,
86af99fd-e16a-11ed-acb9-a96d6180cd25,Yuca Frita,2,Aceite para freir,,,,,,Aceite para freir,,,,,
86af99fd-e16a-11ed-acb9-a96d6180cd25,Yuca Frita,3,½ cucharada de sal,½,0.5,,,cucharada,sal,,,,,
86af99fe-e16a-11ed-9fd3-a96d6180cd25,Buñuelos de Plátano Maduro,1,3 plátanos grandes maduros,3,3.0,,,,plátanos grandes maduros,,,,,
86af99fe-e16a-11ed-9fd3-a96d6180cd25,Buñuelos de Plátano Maduro,2,⅓ taza de queso mozarella o blanco cortado en cubitos,⅓,0.3333333333,,,taza,queso mozarella o blanco cortado en cubitos,,,,,
86af99fe-e16a-11ed-9fd3-a96d6180cd25,Buñuelos de Plátano Maduro,3,⅓ de taza de pasta de guayaba cortada en cubitos,⅓,0.3333333333,,,,de taza de pasta de guayaba cortada en cubitos,,,,,
86af99fe-e16a-11ed-9fd3-a96d6180cd25,Buñuelos de Plátano Maduro,4,Aceite vegetal para freír,,,,,,Aceite vegetal para freír,,,,,
86af99fe-e16a-11ed-9fd3-a96d6180cd25,Buñuelos de Plátano Maduro,5,Azúcar para decorar opcional,,,,,,Azúcar para decorar opcional,,,,,
86af99ff-e16a-11ed-a79a-a96d6180cd25,Quesito Colombiano,1,1 galón de leche entera,1,1.0,,,,galón de leche entera,,,,,
86af99ff-e16a-11ed-a79a-a96d6180cd25,Quesito Colombiano,2,½ taza de vinagre blanco,½,0.5,,,taza,vinagre blanco,,,,,
86af99ff-e16a-11ed-a79a-a96d6180cd25,Quesito Colombiano,3,Sal a su gusto,,,,,,Sal a su gusto,,,,,
86af99ff-e16a-11ed-a79a-a96d6180cd25,Quesito Colombiano,4,Pin,,,,,,Pin,,,,,
86af9a00-e16a-11ed-a5cc-a96d6180cd25,Arroz con Coco Titoté,1,2 tazas de leche de coco fresca o enlatada,2,2.0,,,tazas,leche de coco fresca o enlatada,,,,,
86af9a00-e16a-11ed-a5cc-a96d6180cd25,Arroz con Coco Titoté,2,1 taza de arroz de grano largo,1,1.0,,,taza,arroz de grano largo,,,,,
86af9a00-e16a-11ed-a5cc-a96d6180cd25,Arroz con Coco Titoté,3,1 cucharadita de sal,1,1.0,,,cucharadita,sal,,,,,
86af9a00-e16a-11ed-a5cc-a96d6180cd25,Arroz con Coco Titoté,4,2 tazas de agua,2,2.0,,,tazas,agua,,,,,
86af9a00-e16a-11ed-a5cc-a96d6180cd25,Arroz con Coco Titoté,5,2 cucharadas de azuúcar,2,2.0,,,cucharadas,azuúcar,,,,,
86af9a00-e16a-11ed-a5cc-a96d6180cd25,Arroz con Coco Titoté,6,⅓ de taza de pasas,⅓,0.3333333333,,,,de taza de pasas,,,,,
86af9a01-e16a-11ed-a4ac-a96d6180cd25,Patacones con Camarón y Aguacate,1,1 libra de camarones grandes pelados y limpios,1,1.0,,,libra,camarones grandes pelados y limpios,,,,,
86af9a01-e16a-11ed-a4ac-a96d6180cd25,Patacones con Camarón y Aguacate,2,1 aguacate pequeño maduro cortado en trozos de ½ pulgada,1,1.0,,,,aguacate pequeño maduro cortado en trozos de ½ pulgada,,,,,
86af9a01-e16a-11ed-a4ac-a96d6180cd25,Patacones con Camarón y Aguacate,3,⅓ de taza de salsa rosada,⅓,0.3333333333,,,,de taza de salsa rosada,,,,,
86af9a01-e16a-11ed-a4ac-a96d6180cd25,Patacones con Camarón y Aguacate,4,¼ de taza tomate picado,¼,0.25,,,,de taza tomate picado,,,,,
86af9a01-e16a-11ed-a4ac-a96d6180cd25,Patacones con Camarón y Aguacate,5,4 cucharadas de jugo de limón,4,4.0,,,cucharadas,jugo de limón,,,,,
86af9a01-e16a-11ed-a4ac-a96d6180cd25,Patacones con Camarón y Aguacate,6,2 cucharadas de cebolla roja picada,2,2.0,,,cucharadas,cebolla roja picada,,,,,
86af9a01-e16a-11ed-a4ac-a96d6180cd25,Patacones con Camarón y Aguacate,7,¼ de cucharadita de sal,¼,0.25,,,,de cucharadita de sal,,,,,
86af9a01-e16a-11ed-a4ac-a96d6180cd25,Patacones con Camarón y Aguacate,8,¼ de cucharadita de pimienta,¼,0.25,,,,de cucharadita de pimienta,,,,,
86af9a01-e16a-11ed-a4ac-a96d6180cd25,Patacones con Camarón y Aguacate,9,1 cucharada de cilantro fresco picado,1,1.0,,,cucharada,cilantro fresco picado,,,,,
86af9a01-e16a-11ed-a4ac-a96d6180cd25,Patacones con Camarón y Aguacate,10,Patacones para servir,,,,,,Patacones para servir,,,,,
86af9a02-e16a-11ed-bcab-a96d6180cd25,Plátanitos,1,2 plátanos verdes,2,2.0,,,,plátanos verdes,,,,,
86af9a02-e16a-11ed-bcab-a96d6180cd25,Plátanitos,2,Aceite vegetal para freír,,,,,,Aceite vegetal para freír,,,,,
86af9a02-e16a-11ed-bcab-a96d6180cd25,Plátanitos,3,Sal,,,,,,Sal,,,,,
86af9a03-e16a-11ed-9de1-a96d6180cd25,Carne en Polvo Colombiana,1,1 libra de carne tabla o falda,1,1.0,,,libra,carne tabla o falda,,,,,
86af9a03-e16a-11ed-9de1-a96d6180cd25,Carne en Polvo Colombiana,2,5 tazas de agua,5,5.0,,,tazas,agua,,,,,
86af9a03-e16a-11ed-9de1-a96d6180cd25,Carne en Polvo Colombiana,3,2 dientes de ajo machacados,2,2.0,,,dientes,ajo machacados,,,,,
86af9a03-e16a-11ed-9de1-a96d6180cd25,Carne en Polvo Colombiana,4,2 cebollas largas picadas,2,2.0,,,,cebollas largas picadas,,,,,
86af9a03-e16a-11ed-9de1-a96d6180cd25,Carne en Polvo Colombiana,5,½ taza de cebolla picada,½,0.5,,,taza,cebolla picada,,,,,
86af9a03-e16a-11ed-9de1-a96d6180cd25,Carne en Polvo Colombiana,6,½ cucharadita de comino molido,½,0.5,,,cucharadita,comino molido,,,,,
86af9a03-e16a-11ed-9de1-a96d6180cd25,Carne en Polvo Colombiana,7,Sal y pimienta,,,,,,Sal y pimienta,,,,,
86af9a04-e16a-11ed-9010-a96d6180cd25,Arroz con Coca-Cola y Pasas,1,1 taza de arroz blanco de grano largo,1,1.0,,,taza,arroz blanco de grano largo,,,,,
86af9a04-e16a-11ed-9010-a96d6180cd25,Arroz con Coca-Cola y Pasas,2,2 tazas de Coca-Cola,2,2.0,,,tazas,Coca-Cola,,,,,
86af9a04-e16a-11ed-9010-a96d6180cd25,Arroz con Coca-Cola y Pasas,3,¼ de taza de agua,¼,0.25,,,,de taza de agua,,,,,
86af9a04-e16a-11ed-9010-a96d6180cd25,Arroz con Coca-Cola y Pasas,4,1 tableta de caldo de verduras o pollo,1,1.0,,,,tableta de caldo de verduras o pollo,,,,,
86af9a04-e16a-11ed-9010-a96d6180cd25,Arroz con Coca-Cola y Pasas,5,2 cucharada de mantequilla o aceite,2,2.0,,,cucharada,mantequilla o aceite,,,,,
86af9a04-e16a-11ed-9010-a96d6180cd25,Arroz con Coca-Cola y Pasas,6,3 cucharada de cebolla larga picada y más para adornar,3,3.0,,,cucharada,cebolla larga picada y más para adornar,,,,,
86af9a04-e16a-11ed-9010-a96d6180cd25,Arroz con Coca-Cola y Pasas,7,½ taza de pasas,½,0.5,,,taza,pasas,,,,,
86af9a05-e16a-11ed-a89a-a96d6180cd25,Arroz con Zanahoria,1,2 tazas de arroz blanco de grano largo,2,2.0,,,tazas,arroz blanco de grano largo,,,,,
86af9a05-e16a-11ed-a89a-a96d6180cd25,Arroz con Zanahoria,2,4 tazas de caldo de verduras o de pollo,4,4.0,,,tazas,caldo de verduras o de pollo,,,,,
86af9a05-e16a-11ed-a89a-a96d6180cd25,Arroz con Zanahoria,3,2 cucharadas de aceite vegetal,2,2.0,,,cucharadas,aceite vegetal,,,,,
86af9a05-e16a-11ed-a89a-a96d6180cd25,Arroz con Zanahoria,4,Sal al gusto,,,,,,Sal al gusto,,,,,
86af9a05-e16a-11ed-a89a-a96d6180cd25,Arroz con Zanahoria,5,1 taza de zanahorias ralladas,1,1.0,,,taza,zanahorias ralladas,,,,,
86af9a06-e16a-11ed-8ab5-a96d6180cd25,Brócoli con Pimentón Rojo Asado y Cebolla,1,5 tazas de brócoli cocinado,5,5.0,,,tazas,brócoli cocinado,,,,,
86af9a06-e16a-11ed-8ab5-a96d6180cd25,Brócoli con Pimentón Rojo Asado y Cebolla,2,⅓ taza de piñones,⅓,0.3333333333,,,taza,piñones,,,,,
86af9a06-e16a-11ed-8ab5-a96d6180cd25,Brócoli con Pimentón Rojo Asado y Cebolla,3,1 frasco de dip Roasted Red Pepper and Onion Dip Robert Rothschild Farms,1,1.0,,,,frasco de dip Roasted Red Pepper and Onion Dip Robert Rothschild Farms,,,,,
86af9a06-e16a-11ed-8ab5-a96d6180cd25,Brócoli con Pimentón Rojo Asado y Cebolla,4,2 cucharadas de aceite,2,2.0,,,cucharadas,aceite,,,,,
86af9a07-e16a-11ed-a692-a96d6180cd25,Boronía Colombiana,1,3 plátanos bien maduros pelados y cortados en cubitos,3,3.0,,,,plátanos bien maduros pelados y cortados en cubitos,,,,,
86af9a07-e16a-11ed-a692-a96d6180cd25,Boronía Colombiana,2,1 berenjena grande peladas y en cubitos,1,1.0,,,,berenjena grande peladas y en cubitos,,,,,
86af9a07-e16a-11ed-a692-a96d6180cd25,Boronía Colombiana,3,2 cucharadas de aceite de oliva,2,2.0,,,cucharadas,aceite de oliva,,,,,
86af9a07-e16a-11ed-a692-a96d6180cd25,Boronía Colombiana,4,Saly pimienta recién molida,,,,,,Saly pimienta recién molida,,,,,
86af9a07-e16a-11ed-a692-a96d6180cd25,Boronía Colombiana,5,3 cucharadas de queso mozzarella rallado,3,3.0,,,cucharadas,queso mozzarella rallado,,,,,
86af9a07-e16a-11ed-a692-a96d6180cd25,Boronía Colombiana,6,1 taza de tomate picado,1,1.0,,,taza,tomate picado,,,,,
86af9a07-e16a-11ed-a692-a96d6180cd25,Boronía Colombiana,7,2 dientes de ajo picados,2,2.0,,,dientes,ajo picados,,,,,
86af9a07-e16a-11ed-a692-a96d6180cd25,Boronía Colombiana,8,3 tallos de cebolla verde picada,3,3.0,,,,tallos de cebolla verde picada,,,,,
86af9a07-e16a-11ed-a692-a96d6180cd25,Boronía Colombiana,9,½ cucharada de aceite vegetal,½,0.5,,,cucharada,aceite vegetal,,,,,
86af9a08-e16a-11ed-bb91-a96d6180cd25,Poteca de Ahuyama,1,"2 ahuyamas o calabazas medianas peladas, sin semillas y cortadas en trozos",2,2.0,,,,"ahuyamas o calabazas medianas peladas, sin semillas y cortadas en trozos",,,,,
86af9a08-e16a-11ed-bb91-a96d6180cd25,Poteca de Ahuyama,2,Sal y pimienta,,,,,,Sal y pimienta,,,,,
86af9a08-e16a-11ed-bb91-a96d6180cd25,Poteca de Ahuyama,3,3 cucharadas de mantequilla,3,3.0,,,cucharadas,mantequilla,,,,,
86af9a08-e16a-11ed-bb91-a96d6180cd25,Poteca de Ahuyama,4,Media taza de caldo de pollo verduras o de carne,,,,,,Media taza de caldo de pollo verduras o de carne,,,,,
86af9a08-e16a-11ed-bb91-a96d6180cd25,Poteca de Ahuyama,5,Un cuarto de taza de leche,,,,,,Un cuarto de taza de leche,,,,,
86af9a08-e16a-11ed-bb91-a96d6180cd25,Poteca de Ahuyama,6,¾ taza de hogao Ver la receta aquí,¾,0.75,,,taza,hogao Ver la receta aquí,,,,,
86af9a09-e16a-11ed-b016-a96d6180cd25,Arroz con Palmitos,1,2 cucharadas de aceite,2,2.0,,,cucharadas,aceite,,,,,
86af9a09-e16a-11ed-b016-a96d6180cd25,Arroz con Palmitos,2,1 taza de cebolla finamente picada,1,1.0,,,taza,cebolla finamente picada,,,,,
86af9a09-e16a-11ed-b016-a96d6180cd25,Arroz con Palmitos,3,½ cucharadita de comino,½,0.5,,,cucharadita,comino,,,,,
86af9a09-e16a-11ed-b016-a96d6180cd25,Arroz con Palmitos,4,2 dientes de ajo picados,2,2.0,,,dientes,ajo picados,,,,,
86af9a09-e16a-11ed-b016-a96d6180cd25,Arroz con Palmitos,5,1 taza de arroz,1,1.0,,,taza,arroz,,,,,
86af9a09-e16a-11ed-b016-a96d6180cd25,Arroz con Palmitos,6,1 ¾ tazas de caldo de verduras,1 ¾,1.75,,,tazas,caldo de verduras,,,,,
86af9a09-e16a-11ed-b016-a96d6180cd25,Arroz con Palmitos,7,1 cucharada de mantequilla,1,1.0,,,cucharada,mantequilla,,,,,
86af9a09-e16a-11ed-b016-a96d6180cd25,Arroz con Palmitos,8,1 pimentón rojo cortado,1,1.0,,,,pimentón rojo cortado,,,,,
86af9a09-e16a-11ed-b016-a96d6180cd25,Arroz con Palmitos,9,1 pimentón amarillo rodajas,1,1.0,,,,pimentón amarillo rodajas,,,,,
86af9a09-e16a-11ed-b016-a96d6180cd25,Arroz con Palmitos,10,1 pimentón verde en rodajas,1,1.0,,,,pimentón verde en rodajas,,,,,
86af9a09-e16a-11ed-b016-a96d6180cd25,Arroz con Palmitos,11,Sal y pimienta,,,,,,Sal y pimienta,,,,,
86af9a09-e16a-11ed-b016-a96d6180cd25,Arroz con Palmitos,12,"1 14 onzas lata de corazones de palmas, en rodajas",1,1.0,,,,"14 onzas lata de corazones de palmas, en rodajas",,,,,
86af9a0a-e16a-11ed-8e4c-a96d6180cd25,Chuyaco,1,12 naranjas peladas,12,12.0,,,,naranjas peladas,,,,,
86af9a0a-e16a-11ed-8e4c-a96d6180cd25,Chuyaco,2,3 cucharadas de panela rallada o azúcar morena,3,3.0,,,cucharadas,panela rallada o azúcar morena,,,,,
86af9a0a-e16a-11ed-8e4c-a96d6180cd25,Chuyaco,3,2 cucharadas de agua,2,2.0,,,cucharadas,agua,,,,,
86af9a0a-e16a-11ed-8e4c-a96d6180cd25,Chuyaco,4,2 tazas de jugo de naranja,2,2.0,,,tazas,jugo de naranja,,,,,
86af9a0a-e16a-11ed-8e4c-a96d6180cd25,Chuyaco,5,½ taza de cebolla larga picada parte verde solamente,½,0.5,,,taza,cebolla larga picada parte verde solamente,,,,,
86af9a0a-e16a-11ed-8e4c-a96d6180cd25,Chuyaco,6,¼ cucharadita de ají picante,¼,0.25,,,cucharadita,ají picante,,,,,
86af9a0a-e16a-11ed-8e4c-a96d6180cd25,Chuyaco,7,Sal y pimienta al gusto,,,,,,Sal y pimienta al gusto,,,,,
86af9a0b-e16a-11ed-82b2-a96d6180cd25,Bollos de Mazorca,1,10 mazorcas frescas de maíz con hojas,10,10.0,,,,mazorcas frescas de maíz con hojas,,,,,
86af9a0b-e16a-11ed-82b2-a96d6180cd25,Bollos de Mazorca,2,3 cucharadas de harina de maíz,3,3.0,,,cucharadas,harina de maíz,,,,,
86af9a0b-e16a-11ed-82b2-a96d6180cd25,Bollos de Mazorca,3,2 cucharadas de azúcar,2,2.0,,,cucharadas,azúcar,,,,,
86af9a0b-e16a-11ed-82b2-a96d6180cd25,Bollos de Mazorca,4,½ cucharadita de sal,½,0.5,,,cucharadita,sal,,,,,
86af9a0b-e16a-11ed-82b2-a96d6180cd25,Bollos de Mazorca,5,Pita de cocina,,,,,,Pita de cocina,,,,,
86af9a0b-e16a-11ed-82b2-a96d6180cd25,Bollos de Mazorca,6,Queso y mantequilla para servir,,,,,,Queso y mantequilla para servir,,,,,
86af9a0c-e16a-11ed-92c7-a96d6180cd25,Cayeye y Cabeza de Gato,1,4 plátanos verdes pelados y cortados en trozos (6 guineos),4,4.0,,,,plátanos verdes pelados y cortados en trozos (6 guineos),,,,,
86af9a0c-e16a-11ed-92c7-a96d6180cd25,Cayeye y Cabeza de Gato,2,2 cucharadas de mantequilla,2,2.0,,,cucharadas,mantequilla,,,,,
86af9a0c-e16a-11ed-92c7-a96d6180cd25,Cayeye y Cabeza de Gato,3,1 cucharada de aceite,1,1.0,,,cucharada,aceite,,,,,
86af9a0c-e16a-11ed-92c7-a96d6180cd25,Cayeye y Cabeza de Gato,4,1 taza de cebolla finamente picada,1,1.0,,,taza,cebolla finamente picada,,,,,
86af9a0c-e16a-11ed-92c7-a96d6180cd25,Cayeye y Cabeza de Gato,5,2 cebollas largas cortadas en trozos pequeños,2,2.0,,,,cebollas largas cortadas en trozos pequeños,,,,,
86af9a0c-e16a-11ed-92c7-a96d6180cd25,Cayeye y Cabeza de Gato,6,2 tomates cortados en cubitos,2,2.0,,,,tomates cortados en cubitos,,,,,
86af9a0c-e16a-11ed-92c7-a96d6180cd25,Cayeye y Cabeza de Gato,7,3 dientes de ajo picados,3,3.0,,,dientes,ajo picados,,,,,
86af9a0c-e16a-11ed-92c7-a96d6180cd25,Cayeye y Cabeza de Gato,8,½ cucharadita de achiote molido,½,0.5,,,cucharadita,achiote molido,,,,,
86af9a0c-e16a-11ed-92c7-a96d6180cd25,Cayeye y Cabeza de Gato,9,Sal y pimienta para probar,,,,,,Sal y pimienta para probar,,,,,
86af9a0c-e16a-11ed-92c7-a96d6180cd25,Cayeye y Cabeza de Gato,10,Aguacate para servir,,,,,,Aguacate para servir,,,,,
86af9a0c-e16a-11ed-92c7-a96d6180cd25,Cayeye y Cabeza de Gato,11,queso costeño rallado para servir,,,,,,queso costeño rallado para servir,,,,,
86af9a0c-e16a-11ed-92c7-a96d6180cd25,Cayeye y Cabeza de Gato,12,huevos fritos o revueltos para servir,,,,,,huevos fritos o revueltos para servir,,,,,
86af9a0d-e16a-11ed-97e6-a96d6180cd25,Buñuelos de Fríjol de Cabecita Negra,1,1 ½ tazas de frijoles de cabecita negra remojados en agua.,1 ½,1.5,,,tazas,frijoles de cabecita negra remojados en agua.,,,,,
86af9a0d-e16a-11ed-97e6-a96d6180cd25,Buñuelos de Fríjol de Cabecita Negra,2,1 huevo grande,1,1.0,,,,huevo grande,,,,,
86af9a0d-e16a-11ed-97e6-a96d6180cd25,Buñuelos de Fríjol de Cabecita Negra,3,2 cucharadas de fécula de maíz,2,2.0,,,cucharadas,fécula de maíz,,,,,
86af9a0d-e16a-11ed-97e6-a96d6180cd25,Buñuelos de Fríjol de Cabecita Negra,4,Sal y pimienta al gusto,,,,,,Sal y pimienta al gusto,,,,,
86af9a0d-e16a-11ed-97e6-a96d6180cd25,Buñuelos de Fríjol de Cabecita Negra,5,2 cucharadas de azúcar,2,2.0,,,cucharadas,azúcar,,,,,
86af9a0d-e16a-11ed-97e6-a96d6180cd25,Buñuelos de Fríjol de Cabecita Negra,6,½ cucharadita de ajo en polvo,½,0.5,,,cucharadita,ajo en polvo,,,,,
86af9a0d-e16a-11ed-97e6-a96d6180cd25,Buñuelos de Fríjol de Cabecita Negra,7,Aceite de canola o vegetal para freír,,,,,,Aceite de canola o vegetal para freír,,,,,
86af9a0e-e16a-11ed-be9c-a96d6180cd25,Bollo Limpio,1,5 tazas de maíz blanco cocido,5,5.0,,,tazas,maíz blanco cocido,,,,,
86af9a0e-e16a-11ed-be9c-a96d6180cd25,Bollo Limpio,2,2 tazas de queso fresco rallado o desmenuzado,2,2.0,,,tazas,queso fresco rallado o desmenuzado,,,,,
86af9a0e-e16a-11ed-be9c-a96d6180cd25,Bollo Limpio,3,6 cucharadas de mantequilla derretida,6,6.0,,,cucharadas,mantequilla derretida,,,,,
86af9a0e-e16a-11ed-be9c-a96d6180cd25,Bollo Limpio,4,Sal a su gusto,,,,,,Sal a su gusto,,,,,
86af9a0e-e16a-11ed-be9c-a96d6180cd25,Bollo Limpio,5,Hojas de maíz para envolver,,,,,,Hojas de maíz para envolver,,,,,
86af9a0f-e16a-11ed-8e77-a96d6180cd25,Regañonas o Torticas de Maiz,1,4 mazorcas,4,4.0,,,,mazorcas,,,,,
86af9a0f-e16a-11ed-8e77-a96d6180cd25,Regañonas o Torticas de Maiz,2,3 huevos batidos,3,3.0,,,,huevos batidos,,,,,
86af9a0f-e16a-11ed-8e77-a96d6180cd25,Regañonas o Torticas de Maiz,3,1 cucharadita de azúcar,1,1.0,,,cucharadita,azúcar,,,,,
86af9a0f-e16a-11ed-8e77-a96d6180cd25,Regañonas o Torticas de Maiz,4,1 cucharadita de polvo para hornear,1,1.0,,,cucharadita,polvo para hornear,,,,,
86af9a0f-e16a-11ed-8e77-a96d6180cd25,Regañonas o Torticas de Maiz,5,Sal y pimienta,,,,,,Sal y pimienta,,,,,
86af9a0f-e16a-11ed-8e77-a96d6180cd25,Regañonas o Torticas de Maiz,6,Aceite vegetal para freír,,,,,,Aceite vegetal para freír,,,,,
86af9a10-e16a-11ed-abd2-a96d6180cd25,Arepas de Maiz Peto,1,1 libra de granos de maíz seco,1,1.0,,,libra,granos de maíz seco,,,,,
86af9a10-e16a-11ed-abd2-a96d6180cd25,Arepas de Maiz Peto,2,Sal,,,,,,Sal,,,,,
86af9a10-e16a-11ed-abd2-a96d6180cd25,Arepas de Maiz Peto,3,Agua,,,,,,Agua,,,,,
86af9a10-e16a-11ed-abd2-a96d6180cd25,Arepas de Maiz Peto,4,¼ taza de mantequilla derretida,¼,0.25,,,taza,mantequilla derretida,,,,,
86af9a11-e16a-11ed-b4ef-a96d6180cd25,Plátanos Maduros Rellenos de Carne,1,4 plátanos maduros,4,4.0,,,,plátanos maduros,,,,,
86af9a11-e16a-11ed-b4ef-a96d6180cd25,Plátanos Maduros Rellenos de Carne,2,2 cucharadas de mantequilla derretida,2,2.0,,,cucharadas,mantequilla derretida,,,,,
86af9a11-e16a-11ed-b4ef-a96d6180cd25,Plátanos Maduros Rellenos de Carne,3,4 rebanadas de queso mozzarella opcional,4,4.0,,,rebanadas,queso mozzarella opcional,,,,,
86af9a11-e16a-11ed-b4ef-a96d6180cd25,Plátanos Maduros Rellenos de Carne,4,Cilantro fresco,,,,,,Cilantro fresco,,,,,
86af9a11-e16a-11ed-b4ef-a96d6180cd25,Plátanos Maduros Rellenos de Carne,5,½ libra de carne de res molida,½,0.5,,,libra,carne de res molida,,,,,
86af9a11-e16a-11ed-b4ef-a96d6180cd25,Plátanos Maduros Rellenos de Carne,6,1 cucharada sopera de aceite de oliva,1,1.0,,,cucharada,sopera de aceite de oliva,,,,,
86af9a11-e16a-11ed-b4ef-a96d6180cd25,Plátanos Maduros Rellenos de Carne,7,½ taza de cebolla finamente picada,½,0.5,,,taza,cebolla finamente picada,,,,,
86af9a11-e16a-11ed-b4ef-a96d6180cd25,Plátanos Maduros Rellenos de Carne,8,3 dientes de ajo finamente picado,3,3.0,,,dientes,ajo finamente picado,,,,,
86af9a11-e16a-11ed-b4ef-a96d6180cd25,Plátanos Maduros Rellenos de Carne,9,1 cucharada de comino molido,1,1.0,,,cucharada,comino molido,,,,,
86af9a11-e16a-11ed-b4ef-a96d6180cd25,Plátanos Maduros Rellenos de Carne,10,1 taza de salsa de tomate,1,1.0,,,taza,salsa de tomate,,,,,
86af9a11-e16a-11ed-b4ef-a96d6180cd25,Plátanos Maduros Rellenos de Carne,11,½ taza de caldo de carne,½,0.5,,,taza,caldo de carne,,,,,
86af9a11-e16a-11ed-b4ef-a96d6180cd25,Plátanos Maduros Rellenos de Carne,12,Sal y pimienta al gusto,,,,,,Sal y pimienta al gusto,,,,,
86af9a12-e16a-11ed-b0eb-a96d6180cd25,Bollo de Yuca,1,2 libras de yuca,2,2.0,,,libras,yuca,,,,,
86af9a12-e16a-11ed-b0eb-a96d6180cd25,Bollo de Yuca,2,Sal al gusto,,,,,,Sal al gusto,,,,,
86af9a12-e16a-11ed-b0eb-a96d6180cd25,Bollo de Yuca,3,Hojas de maíz o papel de aluminio para envolver,,,,,,Hojas de maíz o papel de aluminio para envolver,,,,,
86af9a13-e16a-11ed-a0f6-a96d6180cd25,Marranitas o Puerquitas,1,Aceite vegetal para freír,,,,,,Aceite vegetal para freír,,,,,
86af9a13-e16a-11ed-a0f6-a96d6180cd25,Marranitas o Puerquitas,2,2 plátanos verdes pelados y cortados en trozos,2,2.0,,,,plátanos verdes pelados y cortados en trozos,,,,,
86af9a13-e16a-11ed-a0f6-a96d6180cd25,Marranitas o Puerquitas,3,2 dientes de ajo machacados,2,2.0,,,dientes,ajo machacados,,,,,
86af9a13-e16a-11ed-a0f6-a96d6180cd25,Marranitas o Puerquitas,4,½ taza de agua,½,0.5,,,taza,agua,,,,,
86af9a13-e16a-11ed-a0f6-a96d6180cd25,Marranitas o Puerquitas,5,1 taza de chicharrones cocinados finamente picados,1,1.0,,,taza,chicharrones cocinados finamente picados,,,,,
86af9a13-e16a-11ed-a0f6-a96d6180cd25,Marranitas o Puerquitas,6,Sal,,,,,,Sal,,,,,
86af9a14-e16a-11ed-862a-a96d6180cd25,Enyucado Colombiano,1,3 tazas de yuca rallada,3,3.0,,,tazas,yuca rallada,,,,,
86af9a14-e16a-11ed-862a-a96d6180cd25,Enyucado Colombiano,2,1 y ½ tazas de queso rallado,1,1.0,,,,y ½ tazas de queso rallado,,,,,
86af9a14-e16a-11ed-862a-a96d6180cd25,Enyucado Colombiano,3,1 taza de azuúcar,1,1.0,,,taza,azuúcar,,,,,
86af9a14-e16a-11ed-862a-a96d6180cd25,Enyucado Colombiano,4,1 cucharada de mantequilla derretida,1,1.0,,,cucharada,mantequilla derretida,,,,,
86af9a14-e16a-11ed-862a-a96d6180cd25,Enyucado Colombiano,5,¾ de taza de coco rallado,¾,0.75,,,,de taza de coco rallado,,,,,
86af9a14-e16a-11ed-862a-a96d6180cd25,Enyucado Colombiano,6,1 taza de Leche de coco,1,1.0,,,taza,Leche de coco,,,,,
86af9a14-e16a-11ed-862a-a96d6180cd25,Enyucado Colombiano,7,1 cucharadita de anís molido,1,1.0,,,cucharadita,anís molido,,,,,
86af9a15-e16a-11ed-820d-a96d6180cd25,Tostadas de Plátano Verde o Patacón Grande,1,4 plátanos verdes pelados,4,4.0,,,,plátanos verdes pelados,,,,,
86af9a15-e16a-11ed-820d-a96d6180cd25,Tostadas de Plátano Verde o Patacón Grande,2,Aceite vegetal para freír,,,,,,Aceite vegetal para freír,,,,,
86af9a15-e16a-11ed-820d-a96d6180cd25,Tostadas de Plátano Verde o Patacón Grande,3,Sal,,,,,,Sal,,,,,
86af9a15-e16a-11ed-820d-a96d6180cd25,Tostadas de Plátano Verde o Patacón Grande,4,Hogao Guacamole o Ají para servir,,,,,,Hogao Guacamole o Ají para servir,,,,,
86af9a17-e16a-11ed-9d0e-a96d6180cd25,Papa Criolla Asada,1,2 libras de papa criolla,2,2.0,,,libras,papa criolla,,,,,
86af9a17-e16a-11ed-9d0e-a96d6180cd25,Papa Criolla Asada,2,½ cucharadita de sal,½,0.5,,,cucharadita,sal,,,,,
86af9a17-e16a-11ed-9d0e-a96d6180cd25,Papa Criolla Asada,3,4 cucharadas de aceite de oliva,4,4.0,,,cucharadas,aceite de oliva,,,,,
86af9a17-e16a-11ed-9d0e-a96d6180cd25,Papa Criolla Asada,4,½ cucharadita de pimienta negra,½,0.5,,,cucharadita,pimienta negra,,,,,
86af9a18-e16a-11ed-a7ed-a96d6180cd25,Salchipapas,1,8 salchichas,8,8.0,,,,salchichas,,,,,
86af9a18-e16a-11ed-a7ed-a96d6180cd25,Salchipapas,2,4 papas grandes peladas,4,4.0,,,,papas grandes peladas,,,,,
86af9a18-e16a-11ed-a7ed-a96d6180cd25,Salchipapas,3,Aceite vegetal para freír,,,,,,Aceite vegetal para freír,,,,,
86af9a18-e16a-11ed-a7ed-a96d6180cd25,Salchipapas,4,Sal al gusto,,,,,,Sal al gusto,,,,,
86af9a18-e16a-11ed-a7ed-a96d6180cd25,Salchipapas,5,1 taza de salsa rosada,1,1.0,,,taza,salsa rosada,,,,,
86af9a19-e16a-11ed-ad2a-a96d6180cd25,Arroz con Cebolla al Caramelo,1,2 cucharadas de aceite de oliva,2,2.0,,,cucharadas,aceite de oliva,,,,,
86af9a19-e16a-11ed-ad2a-a96d6180cd25,Arroz con Cebolla al Caramelo,2,1 taza de cebolla cortada en rodajas finas,1,1.0,,,taza,cebolla cortada en rodajas finas,,,,,
86af9a19-e16a-11ed-ad2a-a96d6180cd25,Arroz con Cebolla al Caramelo,3,1 diente de ajo finamente picado,1,1.0,,,diente,ajo finamente picado,,,,,
86af9a19-e16a-11ed-ad2a-a96d6180cd25,Arroz con Cebolla al Caramelo,4,2 tazas de arroz blanco de grano largo,2,2.0,,,tazas,arroz blanco de grano largo,,,,,
86af9a19-e16a-11ed-ad2a-a96d6180cd25,Arroz con Cebolla al Caramelo,5,3 tazas de caldo de pollo o de verduras,3,3.0,,,tazas,caldo de pollo o de verduras,,,,,
86af9a19-e16a-11ed-ad2a-a96d6180cd25,Arroz con Cebolla al Caramelo,6,1 cucharadita de azúcar,1,1.0,,,cucharadita,azúcar,,,,,
86af9a19-e16a-11ed-ad2a-a96d6180cd25,Arroz con Cebolla al Caramelo,7,1 cucharadita de sal,1,1.0,,,cucharadita,sal,,,,,
86af9a1b-e16a-11ed-8b17-a96d6180cd25,Arroz Blanco Colombiano,1,2 tazas de arroz blanco de grano largo lavado,2,2.0,,,tazas,arroz blanco de grano largo lavado,,,,,
86af9a1b-e16a-11ed-8b17-a96d6180cd25,Arroz Blanco Colombiano,2,3 y ½ tazas de agua,3,3.0,,,,y ½ tazas de agua,,,,,
86af9a1b-e16a-11ed-8b17-a96d6180cd25,Arroz Blanco Colombiano,3,1 cucharadita de sal,1,1.0,,,cucharadita,sal,,,,,
86af9a1b-e16a-11ed-8b17-a96d6180cd25,Arroz Blanco Colombiano,4,1 cucharada de aceite,1,1.0,,,cucharada,aceite,,,,,
86af9a1c-e16a-11ed-ae0d-a96d6180cd25,Envueltos de Plátano Maduro,1,4 plátanos muy maduros pelados,4,4.0,,,,plátanos muy maduros pelados,,,,,
86af9a1c-e16a-11ed-ae0d-a96d6180cd25,Envueltos de Plátano Maduro,2,½ taza de harina para arepas,½,0.5,,,taza,harina para arepas,,,,,
86af9a1c-e16a-11ed-ae0d-a96d6180cd25,Envueltos de Plátano Maduro,3,6 cucharadas de agua tibia,6,6.0,,,cucharadas,agua tibia,,,,,
86af9a1c-e16a-11ed-ae0d-a96d6180cd25,Envueltos de Plátano Maduro,4,⅓ taza de panela rallada o azúcar morena,⅓,0.3333333333,,,taza,panela rallada o azúcar morena,,,,,
86af9a1c-e16a-11ed-ae0d-a96d6180cd25,Envueltos de Plátano Maduro,5,½ taza de mantequilla derretida,½,0.5,,,taza,mantequilla derretida,,,,,
86af9a1c-e16a-11ed-ae0d-a96d6180cd25,Envueltos de Plátano Maduro,6,½ taza de queso mozzarella rallado opcional,½,0.5,,,taza,queso mozzarella rallado opcional,,,,,
86af9a1c-e16a-11ed-ae0d-a96d6180cd25,Envueltos de Plátano Maduro,7,Hojas de plátano cortadas en trozos de aproximadamente de 12 pulgadas de largo o papel de aluminio,,,,,,Hojas de plátano cortadas en trozos de aproximadamente de 12 pulgadas de largo o papel de aluminio,,,,,
86af9a1d-e16a-11ed-8ca2-a96d6180cd25,Ceviche de Camarones,1,2 libras de camarones grandes pelados y limpios,2,2.0,,,libras,camarones grandes pelados y limpios,,,,,
86af9a1d-e16a-11ed-8ca2-a96d6180cd25,Ceviche de Camarones,2,½ taza de cebolla picada,½,0.5,,,taza,cebolla picada,,,,,
86af9a1d-e16a-11ed-8ca2-a96d6180cd25,Ceviche de Camarones,3,½ de taza de cilantro fresco picado,½,0.5,,,,de taza de cilantro fresco picado,,,,,
86af9a1d-e16a-11ed-8ca2-a96d6180cd25,Ceviche de Camarones,4,½ de taza de perejil fresco picado,½,0.5,,,,de taza de perejil fresco picado,,,,,
86af9a1d-e16a-11ed-8ca2-a96d6180cd25,Ceviche de Camarones,5,1 diente de ajo picado,1,1.0,,,diente,ajo picado,,,,,
86af9a1d-e16a-11ed-8ca2-a96d6180cd25,Ceviche de Camarones,6,½ taza de jugo de limón fresco,½,0.5,,,taza,jugo de limón fresco,,,,,
86af9a1d-e16a-11ed-8ca2-a96d6180cd25,Ceviche de Camarones,7,1 taza de salsa de tomate,1,1.0,,,taza,salsa de tomate,,,,,
86af9a1d-e16a-11ed-8ca2-a96d6180cd25,Ceviche de Camarones,8,½ cucharadita de salsa Tabasco,½,0.5,,,cucharadita,salsa Tabasco,,,,,
86af9a1d-e16a-11ed-8ca2-a96d6180cd25,Ceviche de Camarones,9,1 cucharada de aceite de oliva,1,1.0,,,cucharada,aceite de oliva,,,,,
86af9a1d-e16a-11ed-8ca2-a96d6180cd25,Ceviche de Camarones,10,Sal y pimienta al gusto,,,,,,Sal y pimienta al gusto,,,,,
86af9a1d-e16a-11ed-8ca2-a96d6180cd25,Ceviche de Camarones,11,Hojas de lechuga y galletas saladas para servir,,,,,,Hojas de lechuga y galletas saladas para servir,,,,,
86af9a1e-e16a-11ed-8b8c-a96d6180cd25,Arepas de Yuca,1,1 libra de yuca cocida,1,1.0,,,libra,yuca cocida,,,,,
86af9a1e-e16a-11ed-8b8c-a96d6180cd25,Arepas de Yuca,2,Media taza de Masarepa,,,,,,Media taza de Masarepa,,,,,
86af9a1e-e16a-11ed-8b8c-a96d6180cd25,Arepas de Yuca,3,2 cucharadas de leche,2,2.0,,,cucharadas,leche,,,,,
86af9a1e-e16a-11ed-8b8c-a96d6180cd25,Arepas de Yuca,4,2 cucharadas de mantequilla derretida,2,2.0,,,cucharadas,mantequilla derretida,,,,,
86af9a1e-e16a-11ed-8b8c-a96d6180cd25,Arepas de Yuca,5,Un cuarto de taza de queso mozzarella rallado o queso blanco,,,,,,Un cuarto de taza de queso mozzarella rallado o queso blanco,,,,,
86af9a1e-e16a-11ed-8b8c-a96d6180cd25,Arepas de Yuca,6,Sal al gusto,,,,,,Sal al gusto,,,,,
86af9a1e-e16a-11ed-8b8c-a96d6180cd25,Arepas de Yuca,7,Mantequilla para cocinar las arepas,,,,,,Mantequilla para cocinar las arepas,,,,,
86af9a1f-e16a-11ed-9fe6-a96d6180cd25,Arepa de Huevo,1,1 taza de harina de maíz Masarepa,1,1.0,,,taza,harina de maíz Masarepa,,,,,
86af9a1f-e16a-11ed-9fe6-a96d6180cd25,Arepa de Huevo,2,½ cucharadita de sal,½,0.5,,,cucharadita,sal,,,,,
86af9a1f-e16a-11ed-9fe6-a96d6180cd25,Arepa de Huevo,3,½ cucharadita de azúcar,½,0.5,,,cucharadita,azúcar,,,,,
86af9a1f-e16a-11ed-9fe6-a96d6180cd25,Arepa de Huevo,4,1 taza de agua tibia,1,1.0,,,taza,agua tibia,,,,,
86af9a1f-e16a-11ed-9fe6-a96d6180cd25,Arepa de Huevo,5,Aceite vegetal para freír,,,,,,Aceite vegetal para freír,,,,,
86af9a1f-e16a-11ed-9fe6-a96d6180cd25,Arepa de Huevo,6,4 huevos,4,4.0,,,,huevos,,,,,
86af9a20-e16a-11ed-b661-a96d6180cd25,Aborrajados de Platáno Maduro,1,2 plátanos grandes muy maduros,2,2.0,,,,plátanos grandes muy maduros,,,,,
86af9a20-e16a-11ed-b661-a96d6180cd25,Aborrajados de Platáno Maduro,2,Aceite vegetal para freír,,,,,,Aceite vegetal para freír,,,,,
86af9a20-e16a-11ed-b661-a96d6180cd25,Aborrajados de Platáno Maduro,3,8 rebanadas de queso mozzarella 2 pulgadas de espesor,8,8.0,,,rebanadas,queso mozzarella 2 pulgadas de espesor,,,,,
86af9a20-e16a-11ed-b661-a96d6180cd25,Aborrajados de Platáno Maduro,4,2 huevos,2,2.0,,,,huevos,,,,,
86af9a20-e16a-11ed-b661-a96d6180cd25,Aborrajados de Platáno Maduro,5,4 cucharadas de harina para todo uso,4,4.0,,,cucharadas,harina para todo uso,,,,,
86af9a20-e16a-11ed-b661-a96d6180cd25,Aborrajados de Platáno Maduro,6,2 cucharada de azúcar,2,2.0,,,cucharada,azúcar,,,,,
86af9a20-e16a-11ed-b661-a96d6180cd25,Aborrajados de Platáno Maduro,7,2 cucharadas de leche,2,2.0,,,cucharadas,leche,,,,,
86af9a20-e16a-11ed-b661-a96d6180cd25,Aborrajados de Platáno Maduro,8,Una pizca de sal,,,,,,Una pizca de sal,,,,,
86af9a21-e16a-11ed-8ac8-a96d6180cd25,Colada de Maizena,1,¼ taza de maizena almidón de maíz,¼,0.25,,,taza,maizena almidón de maíz,,,,,
86af9a21-e16a-11ed-8ac8-a96d6180cd25,Colada de Maizena,2,5 tazas de leche entera,5,5.0,,,tazas,leche entera,,,,,
86af9a21-e16a-11ed-8ac8-a96d6180cd25,Colada de Maizena,3,⅓ taza de azúcar,⅓,0.3333333333,,,taza,azúcar,,,,,
86af9a21-e16a-11ed-8ac8-a96d6180cd25,Colada de Maizena,4,1 ramita de canela,1,1.0,,,ramita,canela,,,,,
86af9a21-e16a-11ed-8ac8-a96d6180cd25,Colada de Maizena,5,Semillas de vainilla o esencia,,,,,,Semillas de vainilla o esencia,,,,,
86af9a22-e16a-11ed-ab6f-a96d6180cd25,Tomates Rellenos de Atún,1,3 latas 6 oz de atún,3,3.0,,,latas,6 oz de atún,,,,,
86af9a22-e16a-11ed-ab6f-a96d6180cd25,Tomates Rellenos de Atún,2,½ taza de cebolla picada,½,0.5,,,taza,cebolla picada,,,,,
86af9a22-e16a-11ed-ab6f-a96d6180cd25,Tomates Rellenos de Atún,3,¼ taza de pimentón rojo picado,¼,0.25,,,taza,pimentón rojo picado,,,,,
86af9a22-e16a-11ed-ab6f-a96d6180cd25,Tomates Rellenos de Atún,4,"½ taza de verduras mixtas arvejas, zanahoria y maíz cocinadas",½,0.5,,,taza,"verduras mixtas arvejas, zanahoria y maíz cocinadas",,,,,
86af9a22-e16a-11ed-ab6f-a96d6180cd25,Tomates Rellenos de Atún,5,½ cucharada de aceite de oliva,½,0.5,,,cucharada,aceite de oliva,,,,,
86af9a22-e16a-11ed-ab6f-a96d6180cd25,Tomates Rellenos de Atún,6,½ de cucharadita de sal,½,0.5,,,,de cucharadita de sal,,,,,
86af9a22-e16a-11ed-ab6f-a96d6180cd25,Tomates Rellenos de Atún,7,½ cucharadita de pimienta molida,½,0.5,,,cucharadita,pimienta molida,,,,,
86af9a22-e16a-11ed-ab6f-a96d6180cd25,Tomates Rellenos de Atún,8,½ cucharada de jugo de limón,½,0.5,,,cucharada,jugo de limón,,,,,
86af9a22-e16a-11ed-ab6f-a96d6180cd25,Tomates Rellenos de Atún,9,½ taza de mayonesa,½,0.5,,,taza,mayonesa,,,,,
86af9a22-e16a-11ed-ab6f-a96d6180cd25,Tomates Rellenos de Atún,10,2 cucharadas de perejil picado un poco más para adornar,2,2.0,,,cucharadas,perejil picado un poco más para adornar,,,,,
86af9a22-e16a-11ed-ab6f-a96d6180cd25,Tomates Rellenos de Atún,11,Hojas de lechuga,,,,,,Hojas de lechuga,,,,,
86af9a22-e16a-11ed-ab6f-a96d6180cd25,Tomates Rellenos de Atún,12,6 tomates medianos sin semillas,6,6.0,,,,tomates medianos sin semillas,,,,,
86af9a23-e16a-11ed-bf6d-a96d6180cd25,Papas Rellenas Colombianas,1,Aceite vegetal para freír,,,,,,Aceite vegetal para freír,,,,,
86af9a23-e16a-11ed-bf6d-a96d6180cd25,Papas Rellenas Colombianas,2,5 papas medianas,5,5.0,,,,papas medianas,,,,,
86af9a23-e16a-11ed-bf6d-a96d6180cd25,Papas Rellenas Colombianas,3,½ de cucharadita de sal,½,0.5,,,,de cucharadita de sal,,,,,
86af9a23-e16a-11ed-bf6d-a96d6180cd25,Papas Rellenas Colombianas,4,1 cucharada de aceite de oliva,1,1.0,,,cucharada,aceite de oliva,,,,,
86af9a23-e16a-11ed-bf6d-a96d6180cd25,Papas Rellenas Colombianas,5,1 taza de tomate picado,1,1.0,,,taza,tomate picado,,,,,
86af9a23-e16a-11ed-bf6d-a96d6180cd25,Papas Rellenas Colombianas,6,⅓ taza de cebolla picada,⅓,0.3333333333,,,taza,cebolla picada,,,,,
86af9a23-e16a-11ed-bf6d-a96d6180cd25,Papas Rellenas Colombianas,7,⅓ taza de cebolla larga picada,⅓,0.3333333333,,,taza,cebolla larga picada,,,,,
86af9a23-e16a-11ed-bf6d-a96d6180cd25,Papas Rellenas Colombianas,8,1 diente de ajo picado,1,1.0,,,diente,ajo picado,,,,,
86af9a23-e16a-11ed-bf6d-a96d6180cd25,Papas Rellenas Colombianas,9,½ cucharadita de comino molido,½,0.5,,,cucharadita,comino molido,,,,,
86af9a23-e16a-11ed-bf6d-a96d6180cd25,Papas Rellenas Colombianas,10,½ cucharadita de Sazón con azafran,½,0.5,,,cucharadita,Sazón con azafran,,,,,
86af9a23-e16a-11ed-bf6d-a96d6180cd25,Papas Rellenas Colombianas,11,¼ de cucharadita de sal,¼,0.25,,,,de cucharadita de sal,,,,,
86af9a23-e16a-11ed-bf6d-a96d6180cd25,Papas Rellenas Colombianas,12,¼ cucharadita de pimienta molida,¼,0.25,,,cucharadita,pimienta molida,,,,,
86af9a23-e16a-11ed-bf6d-a96d6180cd25,Papas Rellenas Colombianas,13,½ libra de carne molida,½,0.5,,,libra,carne molida,,,,,
86af9a23-e16a-11ed-bf6d-a96d6180cd25,Papas Rellenas Colombianas,14,1 huevo,1,1.0,,,,huevo,,,,,
86af9a23-e16a-11ed-bf6d-a96d6180cd25,Papas Rellenas Colombianas,15,¼ taza de harina,¼,0.25,,,taza,harina,,,,,
86af9a23-e16a-11ed-bf6d-a96d6180cd25,Papas Rellenas Colombianas,16,Una pizca de sal,,,,,,Una pizca de sal,,,,,
86af9a23-e16a-11ed-bf6d-a96d6180cd25,Papas Rellenas Colombianas,17,½ cucharada de Sazón con azafran,½,0.5,,,cucharada,Sazón con azafran,,,,,
86af9a23-e16a-11ed-bf6d-a96d6180cd25,Papas Rellenas Colombianas,18,¼ de taza de leche,¼,0.25,,,,de taza de leche,,,,,
86af9a24-e16a-11ed-a745-a96d6180cd25,Hojuelas o Hojaldras Colombianas,1,1 taza de harina de todo uso,1,1.0,,,taza,harina de todo uso,,,,,
86af9a24-e16a-11ed-a745-a96d6180cd25,Hojuelas o Hojaldras Colombianas,2,1 cucharada de mantequilla blanda,1,1.0,,,cucharada,mantequilla blanda,,,,,
86af9a24-e16a-11ed-a745-a96d6180cd25,Hojuelas o Hojaldras Colombianas,3,2 cucharadas de azúcar y más para decorar,2,2.0,,,cucharadas,azúcar y más para decorar,,,,,
86af9a24-e16a-11ed-a745-a96d6180cd25,Hojuelas o Hojaldras Colombianas,4,½ taza de jugo de naranja,½,0.5,,,taza,jugo de naranja,,,,,
86af9a24-e16a-11ed-a745-a96d6180cd25,Hojuelas o Hojaldras Colombianas,5,1 cucharadita de cáscara de naranja,1,1.0,,,cucharadita,cáscara de naranja,,,,,
86af9a24-e16a-11ed-a745-a96d6180cd25,Hojuelas o Hojaldras Colombianas,6,Aceite vegetal para freír,,,,,,Aceite vegetal para freír,,,,,
86af9a25-e16a-11ed-a8cc-a96d6180cd25,Buñuelos Colombianos,1,Aceite vegetal para freír,,,,,,Aceite vegetal para freír,,,,,
86af9a25-e16a-11ed-a8cc-a96d6180cd25,Buñuelos Colombianos,2,¾ de taza de fécula de maíz,¾,0.75,,,,de taza de fécula de maíz,,,,,
86af9a25-e16a-11ed-a8cc-a96d6180cd25,Buñuelos Colombianos,3,¼ de taza de harina de yuca,¼,0.25,,,,de taza de harina de yuca,,,,,
86af9a25-e16a-11ed-a8cc-a96d6180cd25,Buñuelos Colombianos,4,1 taza de queso costeño o feta rallado,1,1.0,,,taza,queso costeño o feta rallado,,,,,
86af9a25-e16a-11ed-a8cc-a96d6180cd25,Buñuelos Colombianos,5,½ taza de queso fresco,½,0.5,,,taza,queso fresco,,,,,
86af9a25-e16a-11ed-a8cc-a96d6180cd25,Buñuelos Colombianos,6,2 huevos,2,2.0,,,,huevos,,,,,
86af9a25-e16a-11ed-a8cc-a96d6180cd25,Buñuelos Colombianos,7,¼ de cucharadita de polvo de hornear,¼,0.25,,,,de cucharadita de polvo de hornear,,,,,
86af9a25-e16a-11ed-a8cc-a96d6180cd25,Buñuelos Colombianos,8,2 cucharadas de azúcar,2,2.0,,,cucharadas,azúcar,,,,,
86af9a25-e16a-11ed-a8cc-a96d6180cd25,Buñuelos Colombianos,9,Una pizca de sal,,,,,,Una pizca de sal,,,,,
86af9a25-e16a-11ed-a8cc-a96d6180cd25,Buñuelos Colombianos,10,1 cucharada de leche,1,1.0,,,cucharada,leche,,,,,
86af9a26-e16a-11ed-9b17-a96d6180cd25,Carimañolas,1,1 ½ libra de yuca congelada o fresca,1 ½,1.5,,,libra,yuca congelada o fresca,,,,,
86af9a26-e16a-11ed-9b17-a96d6180cd25,Carimañolas,2,Sal,,,,,,Sal,,,,,
86af9a26-e16a-11ed-9b17-a96d6180cd25,Carimañolas,3,Aceite vegetal para freír,,,,,,Aceite vegetal para freír,,,,,
86af9a26-e16a-11ed-9b17-a96d6180cd25,Carimañolas,4,1 taza de queso mozzarella cortado en cubitos,1,1.0,,,taza,queso mozzarella cortado en cubitos,,,,,
86af9a26-e16a-11ed-9b17-a96d6180cd25,Carimañolas,5,2 cucharadas de aceite vegetal,2,2.0,,,cucharadas,aceite vegetal,,,,,
86af9a26-e16a-11ed-9b17-a96d6180cd25,Carimañolas,6,1 diente de ajo picado,1,1.0,,,diente,ajo picado,,,,,
86af9a26-e16a-11ed-9b17-a96d6180cd25,Carimañolas,7,¼ de taza de pimentón rojo picado,¼,0.25,,,,de taza de pimentón rojo picado,,,,,
86af9a26-e16a-11ed-9b17-a96d6180cd25,Carimañolas,8,½ taza de cebolla picada,½,0.5,,,taza,cebolla picada,,,,,
86af9a26-e16a-11ed-9b17-a96d6180cd25,Carimañolas,9,1 cebolla verde picada,1,1.0,,,,cebolla verde picada,,,,,
86af9a26-e16a-11ed-9b17-a96d6180cd25,Carimañolas,10,Sal y pimienta al gusto,,,,,,Sal y pimienta al gusto,,,,,
86af9a26-e16a-11ed-9b17-a96d6180cd25,Carimañolas,11,½ cucharadita de comino molido,½,0.5,,,cucharadita,comino molido,,,,,
86af9a26-e16a-11ed-9b17-a96d6180cd25,Carimañolas,12,1 cucharada de pasta de tomate,1,1.0,,,cucharada,pasta de tomate,,,,,
86af9a26-e16a-11ed-9b17-a96d6180cd25,Carimañolas,13,½ libra de carne de res molida,½,0.5,,,libra,carne de res molida,,,,,
86af9a27-e16a-11ed-8c05-a96d6180cd25,Bolitas de Yuca y Queso,1,1 libra de yuca congelada o fresca pelada,1,1.0,,,libra,yuca congelada o fresca pelada,,,,,
86af9a27-e16a-11ed-8c05-a96d6180cd25,Bolitas de Yuca y Queso,2,2 huevos batidos,2,2.0,,,,huevos batidos,,,,,
86af9a27-e16a-11ed-8c05-a96d6180cd25,Bolitas de Yuca y Queso,3,½ taza de pan rallado,½,0.5,,,taza,pan rallado,,,,,
86af9a27-e16a-11ed-8c05-a96d6180cd25,Bolitas de Yuca y Queso,4,½ libra de queso mozzarella cortado en cubos,½,0.5,,,libra,queso mozzarella cortado en cubos,,,,,
86af9a27-e16a-11ed-8c05-a96d6180cd25,Bolitas de Yuca y Queso,5,Aceite vegetal para freír,,,,,,Aceite vegetal para freír,,,,,
86af9a27-e16a-11ed-8c05-a96d6180cd25,Bolitas de Yuca y Queso,6,Guacamole para servir,,,,,,Guacamole para servir,,,,,
86af9a28-e16a-11ed-b78f-a96d6180cd25,Plátanos Calados o Plátanos en Tentacíon,1,2 plátanos bien maduros pelados y cortados en 4 trozos cada uno,2,2.0,,,,plátanos bien maduros pelados y cortados en 4 trozos cada uno,,,,,
86af9a28-e16a-11ed-b78f-a96d6180cd25,Plátanos Calados o Plátanos en Tentacíon,2,½ taza de azúcar morena o panela rallada,½,0.5,,,taza,azúcar morena o panela rallada,,,,,
86af9a28-e16a-11ed-b78f-a96d6180cd25,Plátanos Calados o Plátanos en Tentacíon,3,1 taza de agua,1,1.0,,,taza,agua,,,,,
86af9a28-e16a-11ed-b78f-a96d6180cd25,Plátanos Calados o Plátanos en Tentacíon,4,2 astillas de canela,2,2.0,,,,astillas de canela,,,,,
86af9a28-e16a-11ed-b78f-a96d6180cd25,Plátanos Calados o Plátanos en Tentacíon,5,½ cucharada de mantequilla,½,0.5,,,cucharada,mantequilla,,,,,
86af9a29-e16a-11ed-b610-a96d6180cd25,Pastel Gloria,1,1 paquete de masa de hojaldre descongelada,1,1.0,,,paquete,masa de hojaldre descongelada,,,,,
86af9a29-e16a-11ed-b610-a96d6180cd25,Pastel Gloria,2,1 huevo ligeramente batido,1,1.0,,,,huevo ligeramente batido,,,,,
86af9a29-e16a-11ed-b610-a96d6180cd25,Pastel Gloria,3,2 cucharadas de azúcar para adornar,2,2.0,,,cucharadas,azúcar para adornar,,,,,
86af9a29-e16a-11ed-b610-a96d6180cd25,Pastel Gloria,4,"4 oz de pasta de guayaba bocadillo, en rodajas",4,4.0,,,,"oz de pasta de guayaba bocadillo, en rodajas",,,,,
86af9a29-e16a-11ed-b610-a96d6180cd25,Pastel Gloria,5,4 oz blanco o queso mozarella rebanadas,4,4.0,,,,oz blanco o queso mozarella rebanadas,,,,,
86af9a29-e16a-11ed-b610-a96d6180cd25,Pastel Gloria,6,4 oz dulce de leche,4,4.0,,,,oz dulce de leche,,,,,
86af9a2a-e16a-11ed-993f-a96d6180cd25,Salpicón de Frutas Colombiano,1,"6 tazas de de fruta fresca surtida como piña, papaya, sandía, mango, manzana, banano, fresas y las uvas rojas sin semillas, cortadas en trozos pequeños.",6,6.0,,,tazas,"de fruta fresca surtida como piña, papaya, sandía, mango, manzana, banano, fresas y las uvas rojas sin semillas, cortadas en trozos pequeños.",,,,,
86af9a2a-e16a-11ed-993f-a96d6180cd25,Salpicón de Frutas Colombiano,2,4 tazas de jugo de sandía o Colombiana.,4,4.0,,,tazas,jugo de sandía o Colombiana.,,,,,
86af9a2a-e16a-11ed-993f-a96d6180cd25,Salpicón de Frutas Colombiano,3,Helado de vainilla para servir opcional,,,,,,Helado de vainilla para servir opcional,,,,,
86af9a2b-e16a-11ed-931a-a96d6180cd25,Bananos Calados,1,4 bananos firmes y pelados,4,4.0,,,,bananos firmes y pelados,,,,,
86af9a2b-e16a-11ed-931a-a96d6180cd25,Bananos Calados,2,1 cucharada de mantequilla,1,1.0,,,cucharada,mantequilla,,,,,
86af9a2b-e16a-11ed-931a-a96d6180cd25,Bananos Calados,3,4 cucharadas de azuúcar morena o panela,4,4.0,,,cucharadas,azuúcar morena o panela,,,,,
86af9a2b-e16a-11ed-931a-a96d6180cd25,Bananos Calados,4,1 cucharada de ralladura de naranja,1,1.0,,,cucharada,ralladura de naranja,,,,,
86af9a2b-e16a-11ed-931a-a96d6180cd25,Bananos Calados,5,½ taza de jugo de naranja natural,½,0.5,,,taza,jugo de naranja natural,,,,,
86af9a2b-e16a-11ed-931a-a96d6180cd25,Bananos Calados,6,2 cucharadas de agua,2,2.0,,,cucharadas,agua,,,,,
86af9a2b-e16a-11ed-931a-a96d6180cd25,Bananos Calados,7,1 astilla de canela,1,1.0,,,,astilla de canela,,,,,
86af9a2b-e16a-11ed-931a-a96d6180cd25,Bananos Calados,8,Helado de vainilla para servir,,,,,,Helado de vainilla para servir,,,,,
86af9a2c-e16a-11ed-870a-a96d6180cd25,Chicharrón Colombiano,1,3 libras de tocino de cerdo carnudos lavados y cortados en trozos,3,3.0,,,libras,tocino de cerdo carnudos lavados y cortados en trozos,,,,,
86af9a2c-e16a-11ed-870a-a96d6180cd25,Chicharrón Colombiano,2,1 cucharadita de polvo de hornear,1,1.0,,,cucharadita,polvo de hornear,,,,,
86af9a2c-e16a-11ed-870a-a96d6180cd25,Chicharrón Colombiano,3,¼ de cucharadita de bicarbonato de soda,¼,0.25,,,,de cucharadita de bicarbonato de soda,,,,,
86af9a2c-e16a-11ed-870a-a96d6180cd25,Chicharrón Colombiano,4,½ cucharadita de sal,½,0.5,,,cucharadita,sal,,,,,
86af9a2c-e16a-11ed-870a-a96d6180cd25,Chicharrón Colombiano,5,2 tazas de agua,2,2.0,,,tazas,agua,,,,,
86af9a2d-e16a-11ed-8eb0-a96d6180cd25,Plátanos Asados con Bocadillo y Queso,1,4 plátanos bien maduros,4,4.0,,,,plátanos bien maduros,,,,,
86af9a2d-e16a-11ed-8eb0-a96d6180cd25,Plátanos Asados con Bocadillo y Queso,2,1 cucharada de mantequilla derretida,1,1.0,,,cucharada,mantequilla derretida,,,,,
86af9a2d-e16a-11ed-8eb0-a96d6180cd25,Plátanos Asados con Bocadillo y Queso,3,4 rebanadas de bocadillo de guayaba,4,4.0,,,rebanadas,bocadillo de guayaba,,,,,
86af9a2d-e16a-11ed-8eb0-a96d6180cd25,Plátanos Asados con Bocadillo y Queso,4,4 rebanadas de queso mozzarella o queso blanco,4,4.0,,,rebanadas,queso mozzarella o queso blanco,,,,,
86af9a2e-e16a-11ed-af70-a96d6180cd25,Patacones o Tostones,1,2 plátanos verdes,2,2.0,,,,plátanos verdes,,,,,
86af9a2e-e16a-11ed-af70-a96d6180cd25,Patacones o Tostones,2,Aceite vegetal para freír,,,,,,Aceite vegetal para freír,,,,,
86af9a2e-e16a-11ed-af70-a96d6180cd25,Patacones o Tostones,3,Sal al gusto,,,,,,Sal al gusto,,,,,
86af9a2f-e16a-11ed-988a-a96d6180cd25,Yuca Frita,1,2 libras yuca fresca o congelada,2,2.0,,,libras,yuca fresca o congelada,,,,,
86af9a2f-e16a-11ed-988a-a96d6180cd25,Yuca Frita,2,Aceite para freir,,,,,,Aceite para freir,,,,,
86af9a2f-e16a-11ed-988a-a96d6180cd25,Yuca Frita,3,½ cucharada de sal,½,0.5,,,cucharada,sal,,,,,
86af9a30-e16a-11ed-8a3a-a96d6180cd25,Buñuelos de Plátano Maduro,1,3 plátanos grandes maduros,3,3.0,,,,plátanos grandes maduros,,,,,
86af9a30-e16a-11ed-8a3a-a96d6180cd25,Buñuelos de Plátano Maduro,2,⅓ taza de queso mozarella o blanco cortado en cubitos,⅓,0.3333333333,,,taza,queso mozarella o blanco cortado en cubitos,,,,,
86af9a30-e16a-11ed-8a3a-a96d6180cd25,Buñuelos de Plátano Maduro,3,⅓ de taza de pasta de guayaba cortada en cubitos,⅓,0.3333333333,,,,de taza de pasta de guayaba cortada en cubitos,,,,,
86af9a30-e16a-11ed-8a3a-a96d6180cd25,Buñuelos de Plátano Maduro,4,Aceite vegetal para freír,,,,,,Aceite vegetal para freír,,,,,
86af9a30-e16a-11ed-8a3a-a96d6180cd25,Buñuelos de Plátano Maduro,5,Azúcar para decorar opcional,,,,,,Azúcar para decorar opcional,,,,,
86af9a31-e16a-11ed-aca6-a96d6180cd25,Patacones con Camarón y Aguacate,1,1 libra de camarones grandes pelados y limpios,1,1.0,,,libra,camarones grandes pelados y limpios,,,,,
86af9a31-e16a-11ed-aca6-a96d6180cd25,Patacones con Camarón y Aguacate,2,1 aguacate pequeño maduro cortado en trozos de ½ pulgada,1,1.0,,,,aguacate pequeño maduro cortado en trozos de ½ pulgada,,,,,
86af9a31-e16a-11ed-aca6-a96d6180cd25,Patacones con Camarón y Aguacate,3,⅓ de taza de salsa rosada,⅓,0.3333333333,,,,de taza de salsa rosada,,,,,
86af9a31-e16a-11ed-aca6-a96d6180cd25,Patacones con Camarón y Aguacate,4,¼ de taza tomate picado,¼,0.25,,,,de taza tomate picado,,,,,
86af9a31-e16a-11ed-aca6-a96d6180cd25,Patacones con Camarón y Aguacate,5,4 cucharadas de jugo de limón,4,4.0,,,cucharadas,jugo de limón,,,,,
86af9a31-e16a-11ed-aca6-a96d6180cd25,Patacones con Camarón y Aguacate,6,2 cucharadas de cebolla roja picada,2,2.0,,,cucharadas,cebolla roja picada,,,,,
86af9a31-e16a-11ed-aca6-a96d6180cd25,Patacones con Camarón y Aguacate,7,¼ de cucharadita de sal,¼,0.25,,,,de cucharadita de sal,,,,,
86af9a31-e16a-11ed-aca6-a96d6180cd25,Patacones con Camarón y Aguacate,8,¼ de cucharadita de pimienta,¼,0.25,,,,de cucharadita de pimienta,,,,,
86af9a31-e16a-11ed-aca6-a96d6180cd25,Patacones con Camarón y Aguacate,9,1 cucharada de cilantro fresco picado,1,1.0,,,cucharada,cilantro fresco picado,,,,,
86af9a31-e16a-11ed-aca6-a96d6180cd25,Patacones con Camarón y Aguacate,10,Patacones para servir,,,,,,Patacones para servir,,,,,
86af9a32-e16a-11ed-b406-a96d6180cd25,Plátanitos,1,2 plátanos verdes,2,2.0,,,,plátanos verdes,,,,,
86af9a32-e16a-11ed-b406-a96d6180cd25,Plátanitos,2,Aceite vegetal para freír,,,,,,Aceite vegetal para freír,,,,,
86af9a32-e16a-11ed-b406-a96d6180cd25,Plátanitos,3,Sal,,,,,,Sal,,,,,
86af9a33-e16a-11ed-8b48-a96d6180cd25,Arequipe Colombiano,1,96 oz de leche,96,96.0,,,,oz de leche,,,,,
86af9a33-e16a-11ed-8b48-a96d6180cd25,Arequipe Colombiano,2,1 ½ libras de azúcar,1 ½,1.5,,,libras,azúcar,,,,,
86af9a33-e16a-11ed-8b48-a96d6180cd25,Arequipe Colombiano,3,½ cucharadita de bicarbonato de soda,½,0.5,,,cucharadita,bicarbonato de soda,,,,,
86af9a33-e16a-11ed-8b48-a96d6180cd25,Arequipe Colombiano,4,½ de cucharadita de sal,½,0.5,,,,de cucharadita de sal,,,,,
86af9a33-e16a-11ed-8b48-a96d6180cd25,Arequipe Colombiano,5,1 astilla de canela,1,1.0,,,,astilla de canela,,,,,
86af9a34-e16a-11ed-a654-a96d6180cd25,Salsa de Ajo,1,1 taza de mayonesa,1,1.0,,,taza,mayonesa,,,,,
86af9a34-e16a-11ed-a654-a96d6180cd25,Salsa de Ajo,2,5 dientes de ajo,5,5.0,,,dientes,ajo,,,,,
86af9a34-e16a-11ed-a654-a96d6180cd25,Salsa de Ajo,3,¼ taza de cilantro fresco,¼,0.25,,,taza,cilantro fresco,,,,,
86af9a34-e16a-11ed-a654-a96d6180cd25,Salsa de Ajo,4,Sal al gusto,,,,,,Sal al gusto,,,,,
86af9a34-e16a-11ed-a654-a96d6180cd25,Salsa de Ajo,5,2 cucharadas de jugo de limón fresco,2,2.0,,,cucharadas,jugo de limón fresco,,,,,
86af9a35-e16a-11ed-b288-a96d6180cd25,Empanadas Colombianas,1,1 ½ tazas de harina de maíz precocida amarilla (Masarepa),1 ½,1.5,,,tazas,harina de maíz precocida amarilla (Masarepa),,,,,
86af9a35-e16a-11ed-b288-a96d6180cd25,Empanadas Colombianas,2,2 tazas de agua,2,2.0,,,tazas,agua,,,,,
86af9a35-e16a-11ed-b288-a96d6180cd25,Empanadas Colombianas,3,1 cucharada de aceite vegetal,1,1.0,,,cucharada,aceite vegetal,,,,,
86af9a35-e16a-11ed-b288-a96d6180cd25,Empanadas Colombianas,4,½ cucharada de sazón con azafran,½,0.5,,,cucharada,sazón con azafran,,,,,
86af9a35-e16a-11ed-b288-a96d6180cd25,Empanadas Colombianas,5,½ cucharadita sal,½,0.5,,,cucharadita,sal,,,,,
86af9a35-e16a-11ed-b288-a96d6180cd25,Empanadas Colombianas,6,2 tazas de papas blancas peladas y partidas en cubos,2,2.0,,,tazas,papas blancas peladas y partidas en cubos,,,,,
86af9a35-e16a-11ed-b288-a96d6180cd25,Empanadas Colombianas,7,1 tableta de caldo pollo o vegetales,1,1.0,,,,tableta de caldo pollo o vegetales,,,,,
86af9a35-e16a-11ed-b288-a96d6180cd25,Empanadas Colombianas,8,1 cucharada de aceite de oliva,1,1.0,,,cucharada,aceite de oliva,,,,,
86af9a35-e16a-11ed-b288-a96d6180cd25,Empanadas Colombianas,9,¼ taza de cebolla blanca picada,¼,0.25,,,taza,cebolla blanca picada,,,,,
86af9a35-e16a-11ed-b288-a96d6180cd25,Empanadas Colombianas,10,1 taza de tomate picado,1,1.0,,,taza,tomate picado,,,,,
86af9a35-e16a-11ed-b288-a96d6180cd25,Empanadas Colombianas,11,½ cucharadita de sal,½,0.5,,,cucharadita,sal,,,,,
86af9a35-e16a-11ed-b288-a96d6180cd25,Empanadas Colombianas,12,¼ taza de cebolla larga picada,¼,0.25,,,taza,cebolla larga picada,,,,,
86af9a35-e16a-11ed-b288-a96d6180cd25,Empanadas Colombianas,13,1 diente de ajo picado,1,1.0,,,diente,ajo picado,,,,,
86af9a35-e16a-11ed-b288-a96d6180cd25,Empanadas Colombianas,14,2 cucharadas de cilantro fresco picado,2,2.0,,,cucharadas,cilantro fresco picado,,,,,
86af9a35-e16a-11ed-b288-a96d6180cd25,Empanadas Colombianas,15,2 cucharadas de pimenton rojo picado,2,2.0,,,cucharadas,pimenton rojo picado,,,,,
86af9a35-e16a-11ed-b288-a96d6180cd25,Empanadas Colombianas,16,½ libra de carne molida de cerdo y carne de res,½,0.5,,,libra,carne molida de cerdo y carne de res,,,,,
86af9a35-e16a-11ed-b288-a96d6180cd25,Empanadas Colombianas,17,¼ cucharadita pimienta negra,¼,0.25,,,cucharadita,pimienta negra,,,,,
86af9a35-e16a-11ed-b288-a96d6180cd25,Empanadas Colombianas,18,Aceite vegetal para freír,,,,,,Aceite vegetal para freír,,,,,
86af9a35-e16a-11ed-b288-a96d6180cd25,Empanadas Colombianas,19,Limón y ají para servir,,,,,,Limón y ají para servir,,,,,
86af9a36-e16a-11ed-9d6f-a96d6180cd25,Coctel de Camarones,1,1 ½ libras de camarones grandes pelados y limpios,1 ½,1.5,,,libras,camarones grandes pelados y limpios,,,,,
86af9a36-e16a-11ed-9d6f-a96d6180cd25,Coctel de Camarones,2,½ taza de jugo de limón dividido,½,0.5,,,taza,jugo de limón dividido,,,,,
86af9a36-e16a-11ed-9d6f-a96d6180cd25,Coctel de Camarones,3,¼ taza de cebolla finamente picada,¼,0.25,,,taza,cebolla finamente picada,,,,,
86af9a36-e16a-11ed-9d6f-a96d6180cd25,Coctel de Camarones,4,¼ taza de perejil fresco picado un poco más para adornar,¼,0.25,,,taza,perejil fresco picado un poco más para adornar,,,,,
86af9a36-e16a-11ed-9d6f-a96d6180cd25,Coctel de Camarones,5,½ de cucharadita de sal,½,0.5,,,,de cucharadita de sal,,,,,
86af9a36-e16a-11ed-9d6f-a96d6180cd25,Coctel de Camarones,6,Pimienta recién molida al gusto,,,,,,Pimienta recién molida al gusto,,,,,
86af9a36-e16a-11ed-9d6f-a96d6180cd25,Coctel de Camarones,7,½ taza de mayonesa,½,0.5,,,taza,mayonesa,,,,,
86af9a36-e16a-11ed-9d6f-a96d6180cd25,Coctel de Camarones,8,½ taza de salsa de tomate,½,0.5,,,taza,salsa de tomate,,,,,
86af9a36-e16a-11ed-9d6f-a96d6180cd25,Coctel de Camarones,9,½ cucharadita de salsa picante opcional,½,0.5,,,cucharadita,salsa picante opcional,,,,,
86af9a36-e16a-11ed-9d6f-a96d6180cd25,Coctel de Camarones,10,Aceite de oliva para decorar,,,,,,Aceite de oliva para decorar,,,,,
86af9a37-e16a-11ed-b454-a96d6180cd25,Aguacate Relleno de Atún,1,2 latas de atún de buena calidad,2,2.0,,,latas,atún de buena calidad,,,,,
86af9a37-e16a-11ed-b454-a96d6180cd25,Aguacate Relleno de Atún,2,¼ taza de cebolla blanca rallada,¼,0.25,,,taza,cebolla blanca rallada,,,,,
86af9a37-e16a-11ed-b454-a96d6180cd25,Aguacate Relleno de Atún,3,2 cucharadas de cebolla roja finamente picada,2,2.0,,,cucharadas,cebolla roja finamente picada,,,,,
86af9a37-e16a-11ed-b454-a96d6180cd25,Aguacate Relleno de Atún,4,¼ taza de arvejas cocidas,¼,0.25,,,taza,arvejas cocidas,,,,,
86af9a37-e16a-11ed-b454-a96d6180cd25,Aguacate Relleno de Atún,5,¼ taza de zanahorias cocinadas y cortadas en cubitos,¼,0.25,,,taza,zanahorias cocinadas y cortadas en cubitos,,,,,
86af9a37-e16a-11ed-b454-a96d6180cd25,Aguacate Relleno de Atún,6,Medio tomate cortado en cubitos,,,,,,Medio tomate cortado en cubitos,,,,,
86af9a37-e16a-11ed-b454-a96d6180cd25,Aguacate Relleno de Atún,7,¼ taza de salsa de tomate,¼,0.25,,,taza,salsa de tomate,,,,,
86af9a37-e16a-11ed-b454-a96d6180cd25,Aguacate Relleno de Atún,8,¼ taza de mayonesa,¼,0.25,,,taza,mayonesa,,,,,
86af9a37-e16a-11ed-b454-a96d6180cd25,Aguacate Relleno de Atún,9,½ cucharadita de salsa picante,½,0.5,,,cucharadita,salsa picante,,,,,
86af9a37-e16a-11ed-b454-a96d6180cd25,Aguacate Relleno de Atún,10,2 cucharadas de perejil picado,2,2.0,,,cucharadas,perejil picado,,,,,
86af9a37-e16a-11ed-b454-a96d6180cd25,Aguacate Relleno de Atún,11,2 cucharadas de cilantro picado,2,2.0,,,cucharadas,cilantro picado,,,,,
86af9a37-e16a-11ed-b454-a96d6180cd25,Aguacate Relleno de Atún,12,6 aguacates maduros pero firmes,6,6.0,,,,aguacates maduros pero firmes,,,,,
86af9a37-e16a-11ed-b454-a96d6180cd25,Aguacate Relleno de Atún,13,El jugo de 2 limones,,,,,,El jugo de 2 limones,,,,,
86af9a37-e16a-11ed-b454-a96d6180cd25,Aguacate Relleno de Atún,14,Sal y pimienta al gusto,,,,,,Sal y pimienta al gusto,,,,,
86af9a38-e16a-11ed-808c-a96d6180cd25,Pasteles de Pollo con Verduras,1,1 paquete de hojas de hojaldre congelado descongeladas,1,1.0,,,paquete,hojas de hojaldre congelado descongeladas,,,,,
86af9a38-e16a-11ed-808c-a96d6180cd25,Pasteles de Pollo con Verduras,2,2 cucharadas de mantequilla,2,2.0,,,cucharadas,mantequilla,,,,,
86af9a38-e16a-11ed-808c-a96d6180cd25,Pasteles de Pollo con Verduras,3,½ taza de cebolla finamente picada,½,0.5,,,taza,cebolla finamente picada,,,,,
86af9a38-e16a-11ed-808c-a96d6180cd25,Pasteles de Pollo con Verduras,4,½ taza de pimentón rojo finamente picado,½,0.5,,,taza,pimentón rojo finamente picado,,,,,
86af9a38-e16a-11ed-808c-a96d6180cd25,Pasteles de Pollo con Verduras,5,3 dientes de ajo machacados,3,3.0,,,dientes,ajo machacados,,,,,
86af9a38-e16a-11ed-808c-a96d6180cd25,Pasteles de Pollo con Verduras,6,1 zanahoria grande pelada y rallada,1,1.0,,,,zanahoria grande pelada y rallada,,,,,
86af9a38-e16a-11ed-808c-a96d6180cd25,Pasteles de Pollo con Verduras,7,½ cucharadita de comino molido,½,0.5,,,cucharadita,comino molido,,,,,
86af9a38-e16a-11ed-808c-a96d6180cd25,Pasteles de Pollo con Verduras,8,2 pechugas de pollo cocinado y desmenuzado,2,2.0,,,,pechugas de pollo cocinado y desmenuzado,,,,,
86af9a38-e16a-11ed-808c-a96d6180cd25,Pasteles de Pollo con Verduras,9,½ taza de arvejas,½,0.5,,,taza,arvejas,,,,,
86af9a38-e16a-11ed-808c-a96d6180cd25,Pasteles de Pollo con Verduras,10,¼ de taza de caldo de pollo,¼,0.25,,,,de taza de caldo de pollo,,,,,
86af9a38-e16a-11ed-808c-a96d6180cd25,Pasteles de Pollo con Verduras,11,Sal y pimienta al gusto,,,,,,Sal y pimienta al gusto,,,,,
86af9a38-e16a-11ed-808c-a96d6180cd25,Pasteles de Pollo con Verduras,12,1 huevo batido con 1 cucharada de agua,1,1.0,,,,huevo batido con 1 cucharada de agua,,,,,
86af9a39-e16a-11ed-958e-a96d6180cd25,Empanadas de Plátano Maduro,1,4 plátanos muy maduros,4,4.0,,,,plátanos muy maduros,,,,,
86af9a39-e16a-11ed-958e-a96d6180cd25,Empanadas de Plátano Maduro,2,1 huevo,1,1.0,,,,huevo,,,,,
86af9a39-e16a-11ed-958e-a96d6180cd25,Empanadas de Plátano Maduro,3,2 cucharadas de mantequilla a temperatura ambiente,2,2.0,,,cucharadas,mantequilla a temperatura ambiente,,,,,
86af9a39-e16a-11ed-958e-a96d6180cd25,Empanadas de Plátano Maduro,4,3 cucharadas de harina para todo uso,3,3.0,,,cucharadas,harina para todo uso,,,,,
86af9a39-e16a-11ed-958e-a96d6180cd25,Empanadas de Plátano Maduro,5,½ cucharadita de extracto de vainilla,½,0.5,,,cucharadita,extracto de vainilla,,,,,
86af9a39-e16a-11ed-958e-a96d6180cd25,Empanadas de Plátano Maduro,6,1 cucharada de azúcar,1,1.0,,,cucharada,azúcar,,,,,
86af9a39-e16a-11ed-958e-a96d6180cd25,Empanadas de Plátano Maduro,7,1 taza de queso mozzarella rallado,1,1.0,,,taza,queso mozzarella rallado,,,,,
86af9a39-e16a-11ed-958e-a96d6180cd25,Empanadas de Plátano Maduro,8,Aceite en spray para cocinar,,,,,,Aceite en spray para cocinar,,,,,
86af9a3a-e16a-11ed-98c1-a96d6180cd25,Aguacates Rellenos de Camarones,1,3 aguacates maduros,3,3.0,,,,aguacates maduros,,,,,
86af9a3a-e16a-11ed-98c1-a96d6180cd25,Aguacates Rellenos de Camarones,2,24 camarones pelados y desvenados,24,24.0,,,,camarones pelados y desvenados,,,,,
86af9a3a-e16a-11ed-98c1-a96d6180cd25,Aguacates Rellenos de Camarones,3,¼ de taza de cebolla finamente picada,¼,0.25,,,,de taza de cebolla finamente picada,,,,,
86af9a3a-e16a-11ed-98c1-a96d6180cd25,Aguacates Rellenos de Camarones,4,Jugo de 2 limones,,,,,,Jugo de 2 limones,,,,,
86af9a3a-e16a-11ed-98c1-a96d6180cd25,Aguacates Rellenos de Camarones,5,¾ taza de salsa rosada,¾,0.75,,,taza,salsa rosada,,,,,
86af9a3a-e16a-11ed-98c1-a96d6180cd25,Aguacates Rellenos de Camarones,6,3 cucharadas de cilantro fresco y más para decorar,3,3.0,,,cucharadas,cilantro fresco y más para decorar,,,,,
86af9a3a-e16a-11ed-98c1-a96d6180cd25,Aguacates Rellenos de Camarones,7,3 cucharadas de perejil fresco,3,3.0,,,cucharadas,perejil fresco,,,,,
86af9a3a-e16a-11ed-98c1-a96d6180cd25,Aguacates Rellenos de Camarones,8,Sal y pimienta,,,,,,Sal y pimienta,,,,,
86af9a3a-e16a-11ed-98c1-a96d6180cd25,Aguacates Rellenos de Camarones,9,Lechuga para servir,,,,,,Lechuga para servir,,,,,
86af9a3b-e16a-11ed-a106-a96d6180cd25,Plátano Relleno de Carne Desmechada,1,6 plátanos maduros pelados enteros,6,6.0,,,,plátanos maduros pelados enteros,,,,,
86af9a3b-e16a-11ed-a106-a96d6180cd25,Plátano Relleno de Carne Desmechada,2,2 cucharadas de mantequilla derretida o aceite,2,2.0,,,cucharadas,mantequilla derretida o aceite,,,,,
86af9a3b-e16a-11ed-a106-a96d6180cd25,Plátano Relleno de Carne Desmechada,3,1 receta de carne desmechada o ropa vieja ver la receta aquí,1,1.0,,,,receta de carne desmechada o ropa vieja ver la receta aquí,,,,,
86af9a3b-e16a-11ed-a106-a96d6180cd25,Plátano Relleno de Carne Desmechada,4,1 taza de queso mozzarella rallado,1,1.0,,,taza,queso mozzarella rallado,,,,,
86af9a3b-e16a-11ed-a106-a96d6180cd25,Plátano Relleno de Carne Desmechada,5,Cilantro fresco picado,,,,,,Cilantro fresco picado,,,,,
86af9a3c-e16a-11ed-ae9d-a96d6180cd25,Arepas de Plátano Verde,1,3 plátanos verdes pelados y cortados en cubitos,3,3.0,,,,plátanos verdes pelados y cortados en cubitos,,,,,
86af9a3c-e16a-11ed-ae9d-a96d6180cd25,Arepas de Plátano Verde,2,½ taza de masarepa,½,0.5,,,taza,masarepa,,,,,
86af9a3c-e16a-11ed-ae9d-a96d6180cd25,Arepas de Plátano Verde,3,4 cucharadas de agua,4,4.0,,,cucharadas,agua,,,,,
86af9a3c-e16a-11ed-ae9d-a96d6180cd25,Arepas de Plátano Verde,4,5 cucharadas de mantequilla derretida,5,5.0,,,cucharadas,mantequilla derretida,,,,,
86af9a3c-e16a-11ed-ae9d-a96d6180cd25,Arepas de Plátano Verde,5,½ taza de queso mozzarella rallado o queso blanco,½,0.5,,,taza,queso mozzarella rallado o queso blanco,,,,,
86af9a3c-e16a-11ed-ae9d-a96d6180cd25,Arepas de Plátano Verde,6,Sal al gusto,,,,,,Sal al gusto,,,,,
86af9a3c-e16a-11ed-ae9d-a96d6180cd25,Arepas de Plátano Verde,7,Mantequilla o aceite en aerosol para cocinar las arepas,,,,,,Mantequilla o aceite en aerosol para cocinar las arepas,,,,,
86af9a3d-e16a-11ed-8dd4-a96d6180cd25,Boronía Colombiana,1,3 plátanos bien maduros pelados y cortados en cubitos,3,3.0,,,,plátanos bien maduros pelados y cortados en cubitos,,,,,
86af9a3d-e16a-11ed-8dd4-a96d6180cd25,Boronía Colombiana,2,1 berenjena grande peladas y en cubitos,1,1.0,,,,berenjena grande peladas y en cubitos,,,,,
86af9a3d-e16a-11ed-8dd4-a96d6180cd25,Boronía Colombiana,3,2 cucharadas de aceite de oliva,2,2.0,,,cucharadas,aceite de oliva,,,,,
86af9a3d-e16a-11ed-8dd4-a96d6180cd25,Boronía Colombiana,4,Saly pimienta recién molida,,,,,,Saly pimienta recién molida,,,,,
86af9a3d-e16a-11ed-8dd4-a96d6180cd25,Boronía Colombiana,5,3 cucharadas de queso mozzarella rallado,3,3.0,,,cucharadas,queso mozzarella rallado,,,,,
86af9a3d-e16a-11ed-8dd4-a96d6180cd25,Boronía Colombiana,6,1 taza de tomate picado,1,1.0,,,taza,tomate picado,,,,,
86af9a3d-e16a-11ed-8dd4-a96d6180cd25,Boronía Colombiana,7,2 dientes de ajo picados,2,2.0,,,dientes,ajo picados,,,,,
86af9a3d-e16a-11ed-8dd4-a96d6180cd25,Boronía Colombiana,8,3 tallos de cebolla verde picada,3,3.0,,,,tallos de cebolla verde picada,,,,,
86af9a3d-e16a-11ed-8dd4-a96d6180cd25,Boronía Colombiana,9,½ cucharada de aceite vegetal,½,0.5,,,cucharada,aceite vegetal,,,,,
86af9a3e-e16a-11ed-9863-a96d6180cd25,Camarones al Ajillo,1,2 cucharadas de mantequilla,2,2.0,,,cucharadas,mantequilla,,,,,
86af9a3e-e16a-11ed-9863-a96d6180cd25,Camarones al Ajillo,2,5 cucharadas de aceite de oliva,5,5.0,,,cucharadas,aceite de oliva,,,,,
86af9a3e-e16a-11ed-9863-a96d6180cd25,Camarones al Ajillo,3,8 dientes de ajo finamente rebanados,8,8.0,,,dientes,ajo finamente rebanados,,,,,
86af9a3e-e16a-11ed-9863-a96d6180cd25,Camarones al Ajillo,4,½ cucharadita de hojuelas de pimienta roja seca,½,0.5,,,cucharadita,hojuelas de pimienta roja seca,,,,,
86af9a3e-e16a-11ed-9863-a96d6180cd25,Camarones al Ajillo,5,Sal y pimienta negra al gusto,,,,,,Sal y pimienta negra al gusto,,,,,
86af9a3e-e16a-11ed-9863-a96d6180cd25,Camarones al Ajillo,6,2 cucharadas de perejil picado un poco más para adornar,2,2.0,,,cucharadas,perejil picado un poco más para adornar,,,,,
86af9a3e-e16a-11ed-9863-a96d6180cd25,Camarones al Ajillo,7,1 libra de camarones grandes pelados y limpios,1,1.0,,,libra,camarones grandes pelados y limpios,,,,,
86af9a3f-e16a-11ed-a6f3-a96d6180cd25,Mogolla Chicharrona,1,1 sobre de levadura,1,1.0,,,sobre,levadura,,,,,
86af9a3f-e16a-11ed-a6f3-a96d6180cd25,Mogolla Chicharrona,2,7 oz más 4 cucharadas de agua tibia,7,7.0,,,,oz más 4 cucharadas de agua tibia,,,,,
86af9a3f-e16a-11ed-a6f3-a96d6180cd25,Mogolla Chicharrona,3,4 tazas de harina para todo uso,4,4.0,,,tazas,harina para todo uso,,,,,
86af9a3f-e16a-11ed-a6f3-a96d6180cd25,Mogolla Chicharrona,4,1 cucharadita de sal,1,1.0,,,cucharadita,sal,,,,,
86af9a3f-e16a-11ed-a6f3-a96d6180cd25,Mogolla Chicharrona,5,6 cucharadas de azúcar,6,6.0,,,cucharadas,azúcar,,,,,
86af9a3f-e16a-11ed-a6f3-a96d6180cd25,Mogolla Chicharrona,6,½ taza de mantequilla sin sal derretida,½,0.5,,,taza,mantequilla sin sal derretida,,,,,
86af9a3f-e16a-11ed-a6f3-a96d6180cd25,Mogolla Chicharrona,7,2 huevos grandes a temperatura ambiente,2,2.0,,,,huevos grandes a temperatura ambiente,,,,,
86af9a3f-e16a-11ed-a6f3-a96d6180cd25,Mogolla Chicharrona,8,1 huevo batido para el glaseado,1,1.0,,,,huevo batido para el glaseado,,,,,
86af9a3f-e16a-11ed-a6f3-a96d6180cd25,Mogolla Chicharrona,9,2 cucharadas de mantequilla derretida para el glaseado,2,2.0,,,cucharadas,mantequilla derretida para el glaseado,,,,,
86af9a3f-e16a-11ed-a6f3-a96d6180cd25,Mogolla Chicharrona,10,2 tazas de pequeños trozos de chicharrón de cerdo,2,2.0,,,tazas,pequeños trozos de chicharrón de cerdo,,,,,
86af9a40-e16a-11ed-b991-a96d6180cd25,Garullas Colombianas,1,½ libra de mantequilla blanda,½,0.5,,,libra,mantequilla blanda,,,,,
86af9a40-e16a-11ed-b991-a96d6180cd25,Garullas Colombianas,2,1 taza de azúcar,1,1.0,,,taza,azúcar,,,,,
86af9a40-e16a-11ed-b991-a96d6180cd25,Garullas Colombianas,3,2 tazas de harina de maíz precocida Masarepa,2,2.0,,,tazas,harina de maíz precocida Masarepa,,,,,
86af9a40-e16a-11ed-b991-a96d6180cd25,Garullas Colombianas,4,2 huevos,2,2.0,,,,huevos,,,,,
86af9a40-e16a-11ed-b991-a96d6180cd25,Garullas Colombianas,5,½ taza de harina de trigo dividida,½,0.5,,,taza,harina de trigo dividida,,,,,
86af9a40-e16a-11ed-b991-a96d6180cd25,Garullas Colombianas,6,1 libra de queso fresco o cuajada,1,1.0,,,libra,queso fresco o cuajada,,,,,
86af9a41-e16a-11ed-b455-a96d6180cd25,Jujú Colombiano,1,4 plátanos verdes pelados y cortados en tercios,4,4.0,,,,plátanos verdes pelados y cortados en tercios,,,,,
86af9a41-e16a-11ed-b455-a96d6180cd25,Jujú Colombiano,2,2 cucharadas de mantequilla,2,2.0,,,cucharadas,mantequilla,,,,,
86af9a41-e16a-11ed-b455-a96d6180cd25,Jujú Colombiano,3,6 oz queso fresco o queso costeño desmenuzado,6,6.0,,,,oz queso fresco o queso costeño desmenuzado,,,,,
86af9a41-e16a-11ed-b455-a96d6180cd25,Jujú Colombiano,4,Sal al gusto,,,,,,Sal al gusto,,,,,
86af9a41-e16a-11ed-b455-a96d6180cd25,Jujú Colombiano,5,Aceite vegetal para freír,,,,,,Aceite vegetal para freír,,,,,
86af9a42-e16a-11ed-9cb2-a96d6180cd25,Chicharrones de Guayaba,1,12 chicharrones,12,12.0,,,,chicharrones,,,,,
86af9a42-e16a-11ed-9cb2-a96d6180cd25,Chicharrones de Guayaba,2,"2 hojas 1 libra de hojaldre, descongelado",2,2.0,,,hojas,"1 libra de hojaldre, descongelado",,,,,
86af9a42-e16a-11ed-9cb2-a96d6180cd25,Chicharrones de Guayaba,3,12 rebanadas de pasta de guayaba bocadillo,12,12.0,,,rebanadas,pasta de guayaba bocadillo,,,,,
86af9a42-e16a-11ed-9cb2-a96d6180cd25,Chicharrones de Guayaba,4,1 huevo batido,1,1.0,,,,huevo batido,,,,,
86af9a42-e16a-11ed-9cb2-a96d6180cd25,Chicharrones de Guayaba,5,Azúcar para adornar,,,,,,Azúcar para adornar,,,,,
86af9a43-e16a-11ed-918d-a96d6180cd25,Chicharrón de Pescado con Ají de Mango,1,1 ½ libra de pescado blanco cortado en trozos,1 ½,1.5,,,libra,pescado blanco cortado en trozos,,,,,
86af9a43-e16a-11ed-918d-a96d6180cd25,Chicharrón de Pescado con Ají de Mango,2,Sal y pimienta al gusto,,,,,,Sal y pimienta al gusto,,,,,
86af9a43-e16a-11ed-918d-a96d6180cd25,Chicharrón de Pescado con Ají de Mango,3,El jugo de 2 limones,,,,,,El jugo de 2 limones,,,,,
86af9a43-e16a-11ed-918d-a96d6180cd25,Chicharrón de Pescado con Ají de Mango,4,½ taza de harina de yuca,½,0.5,,,taza,harina de yuca,,,,,
86af9a43-e16a-11ed-918d-a96d6180cd25,Chicharrón de Pescado con Ají de Mango,5,Vegetal o aceite de canola para freír,,,,,,Vegetal o aceite de canola para freír,,,,,
86af9a43-e16a-11ed-918d-a96d6180cd25,Chicharrón de Pescado con Ají de Mango,6,1 ají amarillo peruano o medio habanero sin semillas,1,1.0,,,,ají amarillo peruano o medio habanero sin semillas,,,,,
86af9a43-e16a-11ed-918d-a96d6180cd25,Chicharrón de Pescado con Ají de Mango,7,2 tazas de jugo de mango,2,2.0,,,tazas,jugo de mango,,,,,
86af9a43-e16a-11ed-918d-a96d6180cd25,Chicharrón de Pescado con Ají de Mango,8,1 cucharadita de aceite de oliva,1,1.0,,,cucharadita,aceite de oliva,,,,,
86af9a43-e16a-11ed-918d-a96d6180cd25,Chicharrón de Pescado con Ají de Mango,9,2 cucharadas de jugo de limón,2,2.0,,,cucharadas,jugo de limón,,,,,
86af9a43-e16a-11ed-918d-a96d6180cd25,Chicharrón de Pescado con Ají de Mango,10,Sal y pimienta al gusto,,,,,,Sal y pimienta al gusto,,,,,
86af9a43-e16a-11ed-918d-a96d6180cd25,Chicharrón de Pescado con Ají de Mango,11,2 cucharadas de cilantro finamente picado,2,2.0,,,cucharadas,cilantro finamente picado,,,,,
86af9a44-e16a-11ed-8d20-a96d6180cd25,Masa Casera para Empanadas al Horno,1,2 ½ tazas de harina de trigo o para todo uso,2 ½,2.5,,,tazas,harina de trigo o para todo uso,,,,,
86af9a44-e16a-11ed-8d20-a96d6180cd25,Masa Casera para Empanadas al Horno,2,½ cucharadita de sal,½,0.5,,,cucharadita,sal,,,,,
86af9a44-e16a-11ed-8d20-a96d6180cd25,Masa Casera para Empanadas al Horno,3,"1 barra de mantequilla ¼, fría y cortada en trozos pequeños",1,1.0,,,,"barra de mantequilla ¼, fría y cortada en trozos pequeños",,,,,
86af9a44-e16a-11ed-8d20-a96d6180cd25,Masa Casera para Empanadas al Horno,4,1 huevo,1,1.0,,,,huevo,,,,,
86af9a44-e16a-11ed-8d20-a96d6180cd25,Masa Casera para Empanadas al Horno,5,¼ taza de agua fría helada,¼,0.25,,,taza,agua fría helada,,,,,
86af9a45-e16a-11ed-b020-a96d6180cd25,Huevitos de Codorniz con Salsa Rosada,1,3 docenas de huevos de codorniz,3,3.0,,,,docenas de huevos de codorniz,,,,,
86af9a45-e16a-11ed-b020-a96d6180cd25,Huevitos de Codorniz con Salsa Rosada,2,1 taza de salsa rosada receta aquí,1,1.0,,,taza,salsa rosada receta aquí,,,,,
86af9a45-e16a-11ed-b020-a96d6180cd25,Huevitos de Codorniz con Salsa Rosada,3,Papas fritas para servir,,,,,,Papas fritas para servir,,,,,
86af9a46-e16a-11ed-8151-a96d6180cd25,Pastel Hawaiano,1,1 paquete de hojas de hojaldre descongelado,1,1.0,,,paquete,hojas de hojaldre descongelado,,,,,
86af9a46-e16a-11ed-8151-a96d6180cd25,Pastel Hawaiano,2,1 taza de Jamón en cubitos,1,1.0,,,taza,Jamón en cubitos,,,,,
86af9a46-e16a-11ed-8151-a96d6180cd25,Pastel Hawaiano,3,1 taza de queso mozzarella en cubitos o rallado,1,1.0,,,taza,queso mozzarella en cubitos o rallado,,,,,
86af9a46-e16a-11ed-8151-a96d6180cd25,Pastel Hawaiano,4,1 taza de piña cortada en cubitos,1,1.0,,,taza,piña cortada en cubitos,,,,,
86af9a46-e16a-11ed-8151-a96d6180cd25,Pastel Hawaiano,5,2 huevos batidos con 1 cucharada de agua,2,2.0,,,,huevos batidos con 1 cucharada de agua,,,,,
86af9a47-e16a-11ed-b8f6-a96d6180cd25,Ceviche de Camarón con Coco,1,1 libra de camarones cocinados,1,1.0,,,libra,camarones cocinados,,,,,
86af9a47-e16a-11ed-b8f6-a96d6180cd25,Ceviche de Camarón con Coco,2,½ cebolla roja finamente picada,½,0.5,,,,cebolla roja finamente picada,,,,,
86af9a47-e16a-11ed-b8f6-a96d6180cd25,Ceviche de Camarón con Coco,3,2 cucharadas de cebolla larga picada,2,2.0,,,cucharadas,cebolla larga picada,,,,,
86af9a47-e16a-11ed-b8f6-a96d6180cd25,Ceviche de Camarón con Coco,4,⅓ de taza de pimientón rojo finamente picado,⅓,0.3333333333,,,,de taza de pimientón rojo finamente picado,,,,,
86af9a47-e16a-11ed-b8f6-a96d6180cd25,Ceviche de Camarón con Coco,5,¼ taza de jugo de limón fresco,¼,0.25,,,taza,jugo de limón fresco,,,,,
86af9a47-e16a-11ed-b8f6-a96d6180cd25,Ceviche de Camarón con Coco,6,½ taza de leche de coco espesa,½,0.5,,,taza,leche de coco espesa,,,,,
86af9a47-e16a-11ed-b8f6-a96d6180cd25,Ceviche de Camarón con Coco,7,½ de cilantro fresco finamente picado,½,0.5,,,,de cilantro fresco finamente picado,,,,,
86af9a47-e16a-11ed-b8f6-a96d6180cd25,Ceviche de Camarón con Coco,8,Sal y pimienta,,,,,,Sal y pimienta,,,,,
86af9a48-e16a-11ed-94b9-a96d6180cd25,Torta de Plátano Maduro,1,5 plátanos maduros pelados y en puré,5,5.0,,,,plátanos maduros pelados y en puré,,,,,
86af9a48-e16a-11ed-94b9-a96d6180cd25,Torta de Plátano Maduro,2,2 tazas de queso mozzarella rallado,2,2.0,,,tazas,queso mozzarella rallado,,,,,
86af9a48-e16a-11ed-94b9-a96d6180cd25,Torta de Plátano Maduro,3,3 huevos batidos,3,3.0,,,,huevos batidos,,,,,
86af9a48-e16a-11ed-94b9-a96d6180cd25,Torta de Plátano Maduro,4,¼ taza de leche,¼,0.25,,,taza,leche,,,,,
86af9a48-e16a-11ed-94b9-a96d6180cd25,Torta de Plátano Maduro,5,3 cucharadas de azúcar morena o panela rallada,3,3.0,,,cucharadas,azúcar morena o panela rallada,,,,,
86af9a48-e16a-11ed-94b9-a96d6180cd25,Torta de Plátano Maduro,6,3 cucharadas de mantequilla derretida,3,3.0,,,cucharadas,mantequilla derretida,,,,,
86af9a48-e16a-11ed-94b9-a96d6180cd25,Torta de Plátano Maduro,7,½ cucharadita cucharaditas de extracto,½,0.5,,,cucharadita,cucharaditas de extracto,,,,,
86af9a48-e16a-11ed-94b9-a96d6180cd25,Torta de Plátano Maduro,8,½ cucharadita de polvo de hornear,½,0.5,,,cucharadita,polvo de hornear,,,,,
86af9a48-e16a-11ed-94b9-a96d6180cd25,Torta de Plátano Maduro,9,½ cucharadita de canela molida,½,0.5,,,cucharadita,canela molida,,,,,
86af9a48-e16a-11ed-94b9-a96d6180cd25,Torta de Plátano Maduro,10,¼ cucharadita de sal,¼,0.25,,,cucharadita,sal,,,,,
86af9a49-e16a-11ed-970b-a96d6180cd25,Patacones con Carne Desmechada,1,8 patacones receta aquí,8,8.0,,,,patacones receta aquí,,,,,
86af9a49-e16a-11ed-970b-a96d6180cd25,Patacones con Carne Desmechada,2,Carne desmechada o ropa vieja receta aquí,,,,,,Carne desmechada o ropa vieja receta aquí,,,,,
86af9a49-e16a-11ed-970b-a96d6180cd25,Patacones con Carne Desmechada,3,2 tazas de guacamole receta aquí,2,2.0,,,tazas,guacamole receta aquí,,,,,
86af9a49-e16a-11ed-970b-a96d6180cd25,Patacones con Carne Desmechada,4,½ taza de queso mozzarella rallado,½,0.5,,,taza,queso mozzarella rallado,,,,,
86af9a49-e16a-11ed-970b-a96d6180cd25,Patacones con Carne Desmechada,5,¼ taza de cilantro fresco picado,¼,0.25,,,taza,cilantro fresco picado,,,,,
86af9a4a-e16a-11ed-a928-a96d6180cd25,Picada o Fritanga Colombiana,1,2 a 3 libras de costillas de cerdo o carne de cerdo cortada en trozos,2 a 3,,2.0,3.0,libras,costillas de cerdo o carne de cerdo cortada en trozos,,,,,
86af9a4a-e16a-11ed-a928-a96d6180cd25,Picada o Fritanga Colombiana,2,½ taza de salsa de aliños receta aquí,½,0.5,,,taza,salsa de aliños receta aquí,,,,,
86af9a4a-e16a-11ed-a928-a96d6180cd25,Picada o Fritanga Colombiana,3,1 taza de aceite para freír,1,1.0,,,taza,aceite para freír,,,,,
86af9a4a-e16a-11ed-a928-a96d6180cd25,Picada o Fritanga Colombiana,4,2 libras de chorizo cortado en trozos y cocinado,2,2.0,,,libras,chorizo cortado en trozos y cocinado,,,,,
86af9a4a-e16a-11ed-a928-a96d6180cd25,Picada o Fritanga Colombiana,5,Patacones receta aquí,,,,,,Patacones receta aquí,,,,,
86af9a4a-e16a-11ed-a928-a96d6180cd25,Picada o Fritanga Colombiana,6,Yuca frita Ver receta,,,,,,Yuca frita Ver receta,,,,,
86af9a4a-e16a-11ed-a928-a96d6180cd25,Picada o Fritanga Colombiana,7,Papa criolla,,,,,,Papa criolla,,,,,
86af9a4a-e16a-11ed-a928-a96d6180cd25,Picada o Fritanga Colombiana,8,1 to mate grande cortado en trozos,1,1.0,,,,to mate grande cortado en trozos,,,,,
86af9a4a-e16a-11ed-a928-a96d6180cd25,Picada o Fritanga Colombiana,9,Rodajas de limuón para servir,,,,,,Rodajas de limuón para servir,,,,,
86af9a4a-e16a-11ed-a928-a96d6180cd25,Picada o Fritanga Colombiana,10,Guacamole para servir receta aquí,,,,,,Guacamole para servir receta aquí,,,,,
86af9a4a-e16a-11ed-a928-a96d6180cd25,Picada o Fritanga Colombiana,11,Hogao para servir receta aquí,,,,,,Hogao para servir receta aquí,,,,,
86af9a4a-e16a-11ed-a928-a96d6180cd25,Picada o Fritanga Colombiana,12,Ají para servir receta aquí,,,,,,Ají para servir receta aquí,,,,,
86af9a4b-e16a-11ed-94ad-a96d6180cd25,Bollos de Mazorca,1,10 mazorcas frescas de maíz con hojas,10,10.0,,,,mazorcas frescas de maíz con hojas,,,,,
86af9a4b-e16a-11ed-94ad-a96d6180cd25,Bollos de Mazorca,2,3 cucharadas de harina de maíz,3,3.0,,,cucharadas,harina de maíz,,,,,
86af9a4b-e16a-11ed-94ad-a96d6180cd25,Bollos de Mazorca,3,2 cucharadas de azúcar,2,2.0,,,cucharadas,azúcar,,,,,
86af9a4b-e16a-11ed-94ad-a96d6180cd25,Bollos de Mazorca,4,½ cucharadita de sal,½,0.5,,,cucharadita,sal,,,,,
86af9a4b-e16a-11ed-94ad-a96d6180cd25,Bollos de Mazorca,5,Pita de cocina,,,,,,Pita de cocina,,,,,
86af9a4b-e16a-11ed-94ad-a96d6180cd25,Bollos de Mazorca,6,Queso y mantequilla para servir,,,,,,Queso y mantequilla para servir,,,,,
86af9a4c-e16a-11ed-9349-a96d6180cd25,Dulce de Papaya,1,1 papaya mediana,1,1.0,,,,papaya mediana,,,,,
86af9a4c-e16a-11ed-9349-a96d6180cd25,Dulce de Papaya,2,El jugo de 1 limón,,,,,,El jugo de 1 limón,,,,,
86af9a4c-e16a-11ed-9349-a96d6180cd25,Dulce de Papaya,3,2 tazas de azúcar,2,2.0,,,tazas,azúcar,,,,,
86af9a4c-e16a-11ed-9349-a96d6180cd25,Dulce de Papaya,4,3 tazas de agua,3,3.0,,,tazas,agua,,,,,
86af9a4d-e16a-11ed-9deb-a96d6180cd25,Panderos Colombianos,1,1 + ½ tazas almidón de yuca,1,1.0,,,,+ ½ tazas almidón de yuca,,,,,
86af9a4d-e16a-11ed-9deb-a96d6180cd25,Panderos Colombianos,2,6 cucharadas de azúcar,6,6.0,,,cucharadas,azúcar,,,,,
86af9a4d-e16a-11ed-9deb-a96d6180cd25,Panderos Colombianos,3,2 cucharadas de azúcar morena,2,2.0,,,cucharadas,azúcar morena,,,,,
86af9a4d-e16a-11ed-9deb-a96d6180cd25,Panderos Colombianos,4,1 cucharadita de polvo para hornear,1,1.0,,,cucharadita,polvo para hornear,,,,,
86af9a4d-e16a-11ed-9deb-a96d6180cd25,Panderos Colombianos,5,Una pizca de sal,,,,,,Una pizca de sal,,,,,
86af9a4d-e16a-11ed-9deb-a96d6180cd25,Panderos Colombianos,6,¼ taza de mantequilla a temperatura ambiente,¼,0.25,,,taza,mantequilla a temperatura ambiente,,,,,
86af9a4d-e16a-11ed-9deb-a96d6180cd25,Panderos Colombianos,7,1 huevo grande a temperatura ambiente,1,1.0,,,,huevo grande a temperatura ambiente,,,,,
86af9a4d-e16a-11ed-9deb-a96d6180cd25,Panderos Colombianos,8,1 cucharada de aguardiente o 1 cucharadita de extracto de anís,1,1.0,,,cucharada,aguardiente o 1 cucharadita de extracto de anís,,,,,
86af9a4e-e16a-11ed-a7ab-a96d6180cd25,Buñuelos de Fríjol de Cabecita Negra,1,1 ½ tazas de frijoles de cabecita negra remojados en agua.,1 ½,1.5,,,tazas,frijoles de cabecita negra remojados en agua.,,,,,
86af9a4e-e16a-11ed-a7ab-a96d6180cd25,Buñuelos de Fríjol de Cabecita Negra,2,1 huevo grande,1,1.0,,,,huevo grande,,,,,
86af9a4e-e16a-11ed-a7ab-a96d6180cd25,Buñuelos de Fríjol de Cabecita Negra,3,2 cucharadas de fécula de maíz,2,2.0,,,cucharadas,fécula de maíz,,,,,
86af9a4e-e16a-11ed-a7ab-a96d6180cd25,Buñuelos de Fríjol de Cabecita Negra,4,Sal y pimienta al gusto,,,,,,Sal y pimienta al gusto,,,,,
86af9a4e-e16a-11ed-a7ab-a96d6180cd25,Buñuelos de Fríjol de Cabecita Negra,5,2 cucharadas de azúcar,2,2.0,,,cucharadas,azúcar,,,,,
86af9a4e-e16a-11ed-a7ab-a96d6180cd25,Buñuelos de Fríjol de Cabecita Negra,6,½ cucharadita de ajo en polvo,½,0.5,,,cucharadita,ajo en polvo,,,,,
86af9a4e-e16a-11ed-a7ab-a96d6180cd25,Buñuelos de Fríjol de Cabecita Negra,7,Aceite de canola o vegetal para freír,,,,,,Aceite de canola o vegetal para freír,,,,,
86af9a4f-e16a-11ed-8fdc-a96d6180cd25,Bollo Limpio,1,5 tazas de maíz blanco cocido,5,5.0,,,tazas,maíz blanco cocido,,,,,
86af9a4f-e16a-11ed-8fdc-a96d6180cd25,Bollo Limpio,2,2 tazas de queso fresco rallado o desmenuzado,2,2.0,,,tazas,queso fresco rallado o desmenuzado,,,,,
86af9a4f-e16a-11ed-8fdc-a96d6180cd25,Bollo Limpio,3,6 cucharadas de mantequilla derretida,6,6.0,,,cucharadas,mantequilla derretida,,,,,
86af9a4f-e16a-11ed-8fdc-a96d6180cd25,Bollo Limpio,4,Sal a su gusto,,,,,,Sal a su gusto,,,,,
86af9a4f-e16a-11ed-8fdc-a96d6180cd25,Bollo Limpio,5,Hojas de maíz para envolver,,,,,,Hojas de maíz para envolver,,,,,
86af9a50-e16a-11ed-85c9-a96d6180cd25,Mojicones o Pan Mojicón,1,2 ¼ cucharaditas de levadura,2 ¼,2.25,,,cucharaditas,levadura,,,,,
86af9a50-e16a-11ed-85c9-a96d6180cd25,Mojicones o Pan Mojicón,2,7 oz + 4 cucharadas de agua tibia,7,7.0,,,,oz + 4 cucharadas de agua tibia,,,,,
86af9a50-e16a-11ed-85c9-a96d6180cd25,Mojicones o Pan Mojicón,3,4 tazas de harina para todo uso,4,4.0,,,tazas,harina para todo uso,,,,,
86af9a50-e16a-11ed-85c9-a96d6180cd25,Mojicones o Pan Mojicón,4,1 cucharadita de sal,1,1.0,,,cucharadita,sal,,,,,
86af9a50-e16a-11ed-85c9-a96d6180cd25,Mojicones o Pan Mojicón,5,½ taza de azúcar y un poco más para adornar,½,0.5,,,taza,azúcar y un poco más para adornar,,,,,
86af9a50-e16a-11ed-85c9-a96d6180cd25,Mojicones o Pan Mojicón,6,½ taza de mantequilla sin sal derretida,½,0.5,,,taza,mantequilla sin sal derretida,,,,,
86af9a50-e16a-11ed-85c9-a96d6180cd25,Mojicones o Pan Mojicón,7,1 cucharada de extracto de vainilla,1,1.0,,,cucharada,extracto de vainilla,,,,,
86af9a50-e16a-11ed-85c9-a96d6180cd25,Mojicones o Pan Mojicón,8,2 huevos grandes a temperatura ambiente,2,2.0,,,,huevos grandes a temperatura ambiente,,,,,
86af9a50-e16a-11ed-85c9-a96d6180cd25,Mojicones o Pan Mojicón,9,1 huevo batido para el glaseado,1,1.0,,,,huevo batido para el glaseado,,,,,
86af9a50-e16a-11ed-85c9-a96d6180cd25,Mojicones o Pan Mojicón,10,2 cucharadas de mantequilla derretida para el glaseado,2,2.0,,,cucharadas,mantequilla derretida para el glaseado,,,,,
86afb03c-e16a-11ed-bc7f-a96d6180cd25,Regañonas o Torticas de Maiz,1,4 mazorcas,4,4.0,,,,mazorcas,,,,,
86afb03c-e16a-11ed-bc7f-a96d6180cd25,Regañonas o Torticas de Maiz,2,3 huevos batidos,3,3.0,,,,huevos batidos,,,,,
86afb03c-e16a-11ed-bc7f-a96d6180cd25,Regañonas o Torticas de Maiz,3,1 cucharadita de azúcar,1,1.0,,,cucharadita,azúcar,,,,,
86afb03c-e16a-11ed-bc7f-a96d6180cd25,Regañonas o Torticas de Maiz,4,1 cucharadita de polvo para hornear,1,1.0,,,cucharadita,polvo para hornear,,,,,
86afb03c-e16a-11ed-bc7f-a96d6180cd25,Regañonas o Torticas de Maiz,5,Sal y pimienta,,,,,,Sal y pimienta,,,,,
86afb03c-e16a-11ed-bc7f-a96d6180cd25,Regañonas o Torticas de Maiz,6,Aceite vegetal para freír,,,,,,Aceite vegetal para freír,,,,,
86afb03d-e16a-11ed-9c6e-a96d6180cd25,Palitos o Deditos de Queso,1,Aceite para freír,,,,,,Aceite para freír,,,,,
86afb03d-e16a-11ed-9c6e-a96d6180cd25,Palitos o Deditos de Queso,2,8 onzas de queso blanco para freír cortado en 4 palos de ½ pulgada,8,8.0,,,onzas,queso blanco para freír cortado en 4 palos de ½ pulgada,,,,,
86afb03d-e16a-11ed-9c6e-a96d6180cd25,Palitos o Deditos de Queso,3,2 tazas de harina,2,2.0,,,tazas,harina,,,,,
86afb03d-e16a-11ed-9c6e-a96d6180cd25,Palitos o Deditos de Queso,4,1 cucharadita de sal,1,1.0,,,cucharadita,sal,,,,,
86afb03d-e16a-11ed-9c6e-a96d6180cd25,Palitos o Deditos de Queso,5,4 cucharaditas de azúcar,4,4.0,,,cucharaditas,azúcar,,,,,
86afb03d-e16a-11ed-9c6e-a96d6180cd25,Palitos o Deditos de Queso,6,1 cucharadita de polvo para hornear,1,1.0,,,cucharadita,polvo para hornear,,,,,
86afb03d-e16a-11ed-9c6e-a96d6180cd25,Palitos o Deditos de Queso,7,5 cucharadas de mantequilla,5,5.0,,,cucharadas,mantequilla,,,,,
86afb03d-e16a-11ed-9c6e-a96d6180cd25,Palitos o Deditos de Queso,8,6 cucharadas de agua con gas o agua helada,6,6.0,,,cucharadas,agua con gas o agua helada,,,,,
86afb03e-e16a-11ed-a2cc-a96d6180cd25,Empanaditas de Carne,1,2 cucharadas de aceite vegetal,2,2.0,,,cucharadas,aceite vegetal,,,,,
86afb03e-e16a-11ed-a2cc-a96d6180cd25,Empanaditas de Carne,2,½ taza de cebolla blanca destrozado,½,0.5,,,taza,cebolla blanca destrozado,,,,,
86afb03e-e16a-11ed-a2cc-a96d6180cd25,Empanaditas de Carne,3,½ pimientón cortado en cubitos,½,0.5,,,,pimientón cortado en cubitos,,,,,
86afb03e-e16a-11ed-a2cc-a96d6180cd25,Empanaditas de Carne,4,2 dientes de ajo picados,2,2.0,,,dientes,ajo picados,,,,,
86afb03e-e16a-11ed-a2cc-a96d6180cd25,Empanaditas de Carne,5,½ cucharadita de achiote molido,½,0.5,,,cucharadita,achiote molido,,,,,
86afb03e-e16a-11ed-a2cc-a96d6180cd25,Empanaditas de Carne,6,1 cucharadita de comino molido,1,1.0,,,cucharadita,comino molido,,,,,
86afb03e-e16a-11ed-a2cc-a96d6180cd25,Empanaditas de Carne,7,½ libra de carne molida,½,0.5,,,libra,carne molida,,,,,
86afb03e-e16a-11ed-a2cc-a96d6180cd25,Empanaditas de Carne,8,1 taza papas cocinadas y cortadas en cubitos,1,1.0,,,taza,papas cocinadas y cortadas en cubitos,,,,,
86afb03e-e16a-11ed-a2cc-a96d6180cd25,Empanaditas de Carne,9,½ taza de caldo de carne,½,0.5,,,taza,caldo de carne,,,,,
86afb03e-e16a-11ed-a2cc-a96d6180cd25,Empanaditas de Carne,10,Sal al gusto,,,,,,Sal al gusto,,,,,
86afb03e-e16a-11ed-a2cc-a96d6180cd25,Empanaditas de Carne,11,1 yema de huevo,1,1.0,,,,yema de huevo,,,,,
86afb03e-e16a-11ed-a2cc-a96d6180cd25,Empanaditas de Carne,12,2 tazas de harina,2,2.0,,,tazas,harina,,,,,
86afb03e-e16a-11ed-a2cc-a96d6180cd25,Empanaditas de Carne,13,½ cucharadita de sal,½,0.5,,,cucharadita,sal,,,,,
86afb03e-e16a-11ed-a2cc-a96d6180cd25,Empanaditas de Carne,14,½ cucharadita de polvo de hornear,½,0.5,,,cucharadita,polvo de hornear,,,,,
86afb03e-e16a-11ed-a2cc-a96d6180cd25,Empanaditas de Carne,15,4 cucharadas de mantequilla,4,4.0,,,cucharadas,mantequilla,,,,,
86afb03e-e16a-11ed-a2cc-a96d6180cd25,Empanaditas de Carne,16,¼ de taza de agua helada,¼,0.25,,,,de taza de agua helada,,,,,
86afb03f-e16a-11ed-9261-a96d6180cd25,Cholado Colombiano,1,Hielo,,,,,,Hielo,,,,,
86afb03f-e16a-11ed-9261-a96d6180cd25,Cholado Colombiano,2,1 taza de fresas cortadas en cubitos,1,1.0,,,taza,fresas cortadas en cubitos,,,,,
86afb03f-e16a-11ed-9261-a96d6180cd25,Cholado Colombiano,3,1 taza de rebanadas de banano,1,1.0,,,taza,rebanadas de banano,,,,,
86afb03f-e16a-11ed-9261-a96d6180cd25,Cholado Colombiano,4,1 taza de cubitos de piña fresca,1,1.0,,,taza,cubitos de piña fresca,,,,,
86afb03f-e16a-11ed-9261-a96d6180cd25,Cholado Colombiano,5,1 taza de mango cortado en cubitos,1,1.0,,,taza,mango cortado en cubitos,,,,,
86afb03f-e16a-11ed-9261-a96d6180cd25,Cholado Colombiano,6,Leche condensada a tu gusto,,,,,,Leche condensada a tu gusto,,,,,
86afb03f-e16a-11ed-9261-a96d6180cd25,Cholado Colombiano,7,1 taza de coco rallado,1,1.0,,,taza,coco rallado,,,,,
86afb03f-e16a-11ed-9261-a96d6180cd25,Cholado Colombiano,8,Cerezas para decorar,,,,,,Cerezas para decorar,,,,,
86afb03f-e16a-11ed-9261-a96d6180cd25,Cholado Colombiano,9,Pitillo y cuchara para servir,,,,,,Pitillo y cuchara para servir,,,,,
86afb03f-e16a-11ed-9261-a96d6180cd25,Cholado Colombiano,10,2 tazas de pulpa de maracuyá,2,2.0,,,tazas,pulpa de maracuyá,,,,,
86afb03f-e16a-11ed-9261-a96d6180cd25,Cholado Colombiano,11,½ taza de agua,½,0.5,,,taza,agua,,,,,
86afb03f-e16a-11ed-9261-a96d6180cd25,Cholado Colombiano,12,¾ taza de azúcar,¾,0.75,,,taza,azúcar,,,,,
86afb03f-e16a-11ed-9261-a96d6180cd25,Cholado Colombiano,13,2 tazas de pulpa mora,2,2.0,,,tazas,pulpa mora,,,,,
86afb03f-e16a-11ed-9261-a96d6180cd25,Cholado Colombiano,14,½ taza de agua,½,0.5,,,taza,agua,,,,,
86afb03f-e16a-11ed-9261-a96d6180cd25,Cholado Colombiano,15,¾ taza taza de azúcar,¾,0.75,,,taza,taza de azúcar,,,,,
86afb040-e16a-11ed-adac-a96d6180cd25,Cocadas de Arequipe o Dulce de Leche,1,Aceite en aerosol,,,,,,Aceite en aerosol,,,,,
86afb040-e16a-11ed-adac-a96d6180cd25,Cocadas de Arequipe o Dulce de Leche,2,5 tazas de coco rallado,5,5.0,,,tazas,coco rallado,,,,,
86afb040-e16a-11ed-adac-a96d6180cd25,Cocadas de Arequipe o Dulce de Leche,3,1 taza de arequipe o dulce de leche,1,1.0,,,taza,arequipe o dulce de leche,,,,,
86afb041-e16a-11ed-bbee-a96d6180cd25,Dulce de Brevas o Brevas Caladas,1,24 brevas o higos frescos y firmes,24,24.0,,,,brevas o higos frescos y firmes,,,,,
86afb041-e16a-11ed-bbee-a96d6180cd25,Dulce de Brevas o Brevas Caladas,2,El jugo de 1 limón,,,,,,El jugo de 1 limón,,,,,
86afb041-e16a-11ed-bbee-a96d6180cd25,Dulce de Brevas o Brevas Caladas,3,1 libra de panela,1,1.0,,,libra,panela,,,,,
86afb041-e16a-11ed-bbee-a96d6180cd25,Dulce de Brevas o Brevas Caladas,4,2 ramas de canela,2,2.0,,,,ramas de canela,,,,,
86afb041-e16a-11ed-bbee-a96d6180cd25,Dulce de Brevas o Brevas Caladas,5,Agua,,,,,,Agua,,,,,
86afb042-e16a-11ed-8985-a96d6180cd25,Fresas con Crema,1,3 tazas de fresas frescas lavadas y cortadas por la mitad,3,3.0,,,tazas,fresas frescas lavadas y cortadas por la mitad,,,,,
86afb042-e16a-11ed-8985-a96d6180cd25,Fresas con Crema,2,¼ cucharadita de extracto de vainilla,¼,0.25,,,cucharadita,extracto de vainilla,,,,,
86afb042-e16a-11ed-8985-a96d6180cd25,Fresas con Crema,3,3 cucharadas de azúcar o al gusto,3,3.0,,,cucharadas,azúcar o al gusto,,,,,
86afb042-e16a-11ed-8985-a96d6180cd25,Fresas con Crema,4,3 tazas de crema de leche,3,3.0,,,tazas,crema de leche,,,,,
86afb042-e16a-11ed-8985-a96d6180cd25,Fresas con Crema,5,Leche condensada opcional,,,,,,Leche condensada opcional,,,,,
86afb044-e16a-11ed-9f91-a96d6180cd25,Gazpacho de Aguacate,1,2 aguacates pequeños pelados y cortados en cubitos,2,2.0,,,,aguacates pequeños pelados y cortados en cubitos,,,,,
86afb044-e16a-11ed-9f91-a96d6180cd25,Gazpacho de Aguacate,2,⅓ taza de pimentón verde cortado en cubitos,⅓,0.3333333333,,,taza,pimentón verde cortado en cubitos,,,,,
86afb044-e16a-11ed-9f91-a96d6180cd25,Gazpacho de Aguacate,3,3 tazas de pepino pelado y cortado en cubitos,3,3.0,,,tazas,pepino pelado y cortado en cubitos,,,,,
86afb044-e16a-11ed-9f91-a96d6180cd25,Gazpacho de Aguacate,4,Sal y pimienta al gusto,,,,,,Sal y pimienta al gusto,,,,,
86afb044-e16a-11ed-9f91-a96d6180cd25,Gazpacho de Aguacate,5,2 cucharaditas de jugo de limón,2,2.0,,,cucharaditas,jugo de limón,,,,,
86afb044-e16a-11ed-9f91-a96d6180cd25,Gazpacho de Aguacate,6,2 cucharadas de cilantro fresco,2,2.0,,,cucharadas,cilantro fresco,,,,,
86afb044-e16a-11ed-9f91-a96d6180cd25,Gazpacho de Aguacate,7,1 taza de agua,1,1.0,,,taza,agua,,,,,
86afb044-e16a-11ed-9f91-a96d6180cd25,Gazpacho de Aguacate,8,¼ taza de vinagre blanco,¼,0.25,,,taza,vinagre blanco,,,,,
86afb045-e16a-11ed-8e88-a96d6180cd25,Arepas de Chócolo Colombianas,1,5 tazas de granos de maíz dulce,5,5.0,,,tazas,granos de maíz dulce,,,,,
86afb045-e16a-11ed-8e88-a96d6180cd25,Arepas de Chócolo Colombianas,2,½ cucharadita de azúcar,½,0.5,,,cucharadita,azúcar,,,,,
86afb045-e16a-11ed-8e88-a96d6180cd25,Arepas de Chócolo Colombianas,3,Sal al gusto,,,,,,Sal al gusto,,,,,
86afb045-e16a-11ed-8e88-a96d6180cd25,Arepas de Chócolo Colombianas,4,3 cucharadas de mantequilla sin sal o más según sea necesario,3,3.0,,,cucharadas,mantequilla sin sal o más según sea necesario,,,,,
86afb045-e16a-11ed-8e88-a96d6180cd25,Arepas de Chócolo Colombianas,5,Queso fresco o queso blanco para servir,,,,,,Queso fresco o queso blanco para servir,,,,,
86afb046-e16a-11ed-988f-a96d6180cd25,Pan de Queso Colombiano,1,2 tazas de harina,2,2.0,,,tazas,harina,,,,,
86afb046-e16a-11ed-988f-a96d6180cd25,Pan de Queso Colombiano,2,¼ de taza de leche caliente,¼,0.25,,,,de taza de leche caliente,,,,,
86afb046-e16a-11ed-988f-a96d6180cd25,Pan de Queso Colombiano,3,½ cucharadita de azuúcar,½,0.5,,,cucharadita,azuúcar,,,,,
86afb046-e16a-11ed-988f-a96d6180cd25,Pan de Queso Colombiano,4,1 cucharada de mantequilla derretida,1,1.0,,,cucharada,mantequilla derretida,,,,,
86afb046-e16a-11ed-988f-a96d6180cd25,Pan de Queso Colombiano,5,½ taza de queso fresco o quesito,½,0.5,,,taza,queso fresco o quesito,,,,,
86afb046-e16a-11ed-988f-a96d6180cd25,Pan de Queso Colombiano,6,½ taza de queso feta o queso costeño,½,0.5,,,taza,queso feta o queso costeño,,,,,
86afb046-e16a-11ed-988f-a96d6180cd25,Pan de Queso Colombiano,7,1 huevo grande batido,1,1.0,,,,huevo grande batido,,,,,
86afb046-e16a-11ed-988f-a96d6180cd25,Pan de Queso Colombiano,8,1 cucharadita de polvo para hornear,1,1.0,,,cucharadita,polvo para hornear,,,,,
86afb046-e16a-11ed-988f-a96d6180cd25,Pan de Queso Colombiano,9,Sal al gusto,,,,,,Sal al gusto,,,,,
86afb048-e16a-11ed-a724-a96d6180cd25,Ají de Maní,1,2 cebollas largas cortadas en trozos pequeños,2,2.0,,,,cebollas largas cortadas en trozos pequeños,,,,,
86afb048-e16a-11ed-a724-a96d6180cd25,Ají de Maní,2,2 cucharadas de aceite vegetal,2,2.0,,,cucharadas,aceite vegetal,,,,,
86afb048-e16a-11ed-a724-a96d6180cd25,Ají de Maní,3,¾ taza de maní tostado,¾,0.75,,,taza,maní tostado,,,,,
86afb048-e16a-11ed-a724-a96d6180cd25,Ají de Maní,4,¼ taza de cilantro fresco,¼,0.25,,,taza,cilantro fresco,,,,,
86afb049-e16a-11ed-897e-a96d6180cd25,Marranitas o Puerquitas,1,Aceite vegetal para freír,,,,,,Aceite vegetal para freír,,,,,
86afb049-e16a-11ed-897e-a96d6180cd25,Marranitas o Puerquitas,2,2 plátanos verdes pelados y cortados en trozos,2,2.0,,,,plátanos verdes pelados y cortados en trozos,,,,,
86afb049-e16a-11ed-897e-a96d6180cd25,Marranitas o Puerquitas,3,2 dientes de ajo machacados,2,2.0,,,dientes,ajo machacados,,,,,
86afb049-e16a-11ed-897e-a96d6180cd25,Marranitas o Puerquitas,4,½ taza de agua,½,0.5,,,taza,agua,,,,,
86afb049-e16a-11ed-897e-a96d6180cd25,Marranitas o Puerquitas,5,1 taza de chicharrones cocinados finamente picados,1,1.0,,,taza,chicharrones cocinados finamente picados,,,,,
86afb049-e16a-11ed-897e-a96d6180cd25,Marranitas o Puerquitas,6,Sal,,,,,,Sal,,,,,
86afb04a-e16a-11ed-abf6-a96d6180cd25,Arepuela o Anisita,1,1 taza Masarepa,1,1.0,,,taza,Masarepa,,,,,
86afb04a-e16a-11ed-abf6-a96d6180cd25,Arepuela o Anisita,2,1 taza de agua tibia,1,1.0,,,taza,agua tibia,,,,,
86afb04a-e16a-11ed-abf6-a96d6180cd25,Arepuela o Anisita,3,2 cucharadas de azúcar,2,2.0,,,cucharadas,azúcar,,,,,
86afb04a-e16a-11ed-abf6-a96d6180cd25,Arepuela o Anisita,4,1 cucharadita de semillas de anís,1,1.0,,,cucharadita,semillas de anís,,,,,
86afb04a-e16a-11ed-abf6-a96d6180cd25,Arepuela o Anisita,5,Aceite vegetal para freír,,,,,,Aceite vegetal para freír,,,,,
86afb04b-e16a-11ed-86e5-a96d6180cd25,Tostadas de Plátano Verde o Patacón Grande,1,4 plátanos verdes pelados,4,4.0,,,,plátanos verdes pelados,,,,,
86afb04b-e16a-11ed-86e5-a96d6180cd25,Tostadas de Plátano Verde o Patacón Grande,2,Aceite vegetal para freír,,,,,,Aceite vegetal para freír,,,,,
86afb04b-e16a-11ed-86e5-a96d6180cd25,Tostadas de Plátano Verde o Patacón Grande,3,Sal,,,,,,Sal,,,,,
86afb04b-e16a-11ed-86e5-a96d6180cd25,Tostadas de Plátano Verde o Patacón Grande,4,Hogao Guacamole o Ají para servir,,,,,,Hogao Guacamole o Ají para servir,,,,,
86afb04c-e16a-11ed-b223-a96d6180cd25,Pan de Yuca Colombiano,1,1 taza de almidón de yuca,1,1.0,,,taza,almidón de yuca,,,,,
86afb04c-e16a-11ed-b223-a96d6180cd25,Pan de Yuca Colombiano,2,2 tazas de queso fresco,2,2.0,,,tazas,queso fresco,,,,,
86afb04c-e16a-11ed-b223-a96d6180cd25,Pan de Yuca Colombiano,3,1 ½ cucharaditas de polvo para hornear,1 ½,1.5,,,cucharaditas,polvo para hornear,,,,,
86afb04c-e16a-11ed-b223-a96d6180cd25,Pan de Yuca Colombiano,4,2 huevos,2,2.0,,,,huevos,,,,,
86afb04c-e16a-11ed-b223-a96d6180cd25,Pan de Yuca Colombiano,5,½ cucharadita de azúcar,½,0.5,,,cucharadita,azúcar,,,,,
86afb04e-e16a-11ed-8bd9-a96d6180cd25,Papa Criolla Asada,1,2 libras de papa criolla,2,2.0,,,libras,papa criolla,,,,,
86afb04e-e16a-11ed-8bd9-a96d6180cd25,Papa Criolla Asada,2,½ cucharadita de sal,½,0.5,,,cucharadita,sal,,,,,
86afb04e-e16a-11ed-8bd9-a96d6180cd25,Papa Criolla Asada,3,4 cucharadas de aceite de oliva,4,4.0,,,cucharadas,aceite de oliva,,,,,
86afb04e-e16a-11ed-8bd9-a96d6180cd25,Papa Criolla Asada,4,½ cucharadita de pimienta negra,½,0.5,,,cucharadita,pimienta negra,,,,,
86afb04f-e16a-11ed-a6a9-a96d6180cd25,Salchipapas,1,8 salchichas,8,8.0,,,,salchichas,,,,,
86afb04f-e16a-11ed-a6a9-a96d6180cd25,Salchipapas,2,4 papas grandes peladas,4,4.0,,,,papas grandes peladas,,,,,
86afb04f-e16a-11ed-a6a9-a96d6180cd25,Salchipapas,3,Aceite vegetal para freír,,,,,,Aceite vegetal para freír,,,,,
86afb04f-e16a-11ed-a6a9-a96d6180cd25,Salchipapas,4,Sal al gusto,,,,,,Sal al gusto,,,,,
86afb04f-e16a-11ed-a6a9-a96d6180cd25,Salchipapas,5,1 taza de salsa rosada,1,1.0,,,taza,salsa rosada,,,,,
86afb051-e16a-11ed-9c37-a96d6180cd25,Guacamole,1,2 aguacates maduros pequeuños,2,2.0,,,,aguacates maduros pequeuños,,,,,
86afb051-e16a-11ed-9c37-a96d6180cd25,Guacamole,2,1 limón,1,1.0,,,,limón,,,,,
86afb051-e16a-11ed-9c37-a96d6180cd25,Guacamole,3,¼ taza de cebolla finamente picada,¼,0.25,,,taza,cebolla finamente picada,,,,,
86afb051-e16a-11ed-9c37-a96d6180cd25,Guacamole,4,3 cucharadas de chile jalapeño fresco finamente picado,3,3.0,,,cucharadas,chile jalapeño fresco finamente picado,,,,,
86afb051-e16a-11ed-9c37-a96d6180cd25,Guacamole,5,¼ taza de hojas de cilantro fresco picado,¼,0.25,,,taza,hojas de cilantro fresco picado,,,,,
86afb051-e16a-11ed-9c37-a96d6180cd25,Guacamole,6,½ de cucharadita de sal,½,0.5,,,,de cucharadita de sal,,,,,
86afb052-e16a-11ed-a9b9-a96d6180cd25,Tomates Rellenos de Atún,1,3 latas 6 oz de atún,3,3.0,,,latas,6 oz de atún,,,,,
86afb052-e16a-11ed-a9b9-a96d6180cd25,Tomates Rellenos de Atún,2,½ taza de cebolla picada,½,0.5,,,taza,cebolla picada,,,,,
86afb052-e16a-11ed-a9b9-a96d6180cd25,Tomates Rellenos de Atún,3,¼ taza de pimentón rojo picado,¼,0.25,,,taza,pimentón rojo picado,,,,,
86afb052-e16a-11ed-a9b9-a96d6180cd25,Tomates Rellenos de Atún,4,"½ taza de verduras mixtas arvejas, zanahoria y maíz cocinadas",½,0.5,,,taza,"verduras mixtas arvejas, zanahoria y maíz cocinadas",,,,,
86afb052-e16a-11ed-a9b9-a96d6180cd25,Tomates Rellenos de Atún,5,½ cucharada de aceite de oliva,½,0.5,,,cucharada,aceite de oliva,,,,,
86afb052-e16a-11ed-a9b9-a96d6180cd25,Tomates Rellenos de Atún,6,½ de cucharadita de sal,½,0.5,,,,de cucharadita de sal,,,,,
86afb052-e16a-11ed-a9b9-a96d6180cd25,Tomates Rellenos de Atún,7,½ cucharadita de pimienta molida,½,0.5,,,cucharadita,pimienta molida,,,,,
86afb052-e16a-11ed-a9b9-a96d6180cd25,Tomates Rellenos de Atún,8,½ cucharada de jugo de limón,½,0.5,,,cucharada,jugo de limón,,,,,
86afb052-e16a-11ed-a9b9-a96d6180cd25,Tomates Rellenos de Atún,9,½ taza de mayonesa,½,0.5,,,taza,mayonesa,,,,,
86afb052-e16a-11ed-a9b9-a96d6180cd25,Tomates Rellenos de Atún,10,2 cucharadas de perejil picado un poco más para adornar,2,2.0,,,cucharadas,perejil picado un poco más para adornar,,,,,
86afb052-e16a-11ed-a9b9-a96d6180cd25,Tomates Rellenos de Atún,11,Hojas de lechuga,,,,,,Hojas de lechuga,,,,,
86afb052-e16a-11ed-a9b9-a96d6180cd25,Tomates Rellenos de Atún,12,6 tomates medianos sin semillas,6,6.0,,,,tomates medianos sin semillas,,,,,
86afb053-e16a-11ed-b975-a96d6180cd25,Ensalada de Remolacha y Zanahoria,1,3 zanahorias peladas y partidas en rodajas,3,3.0,,,,zanahorias peladas y partidas en rodajas,,,,,
86afb053-e16a-11ed-b975-a96d6180cd25,Ensalada de Remolacha y Zanahoria,2,3 remolachas,3,3.0,,,,remolachas,,,,,
86afb053-e16a-11ed-b975-a96d6180cd25,Ensalada de Remolacha y Zanahoria,3,½ cebolla blanca pequeña cortada en rebanadas finas,½,0.5,,,,cebolla blanca pequeña cortada en rebanadas finas,,,,,
86afb053-e16a-11ed-b975-a96d6180cd25,Ensalada de Remolacha y Zanahoria,4,3 cucharadas de cilantro picado,3,3.0,,,cucharadas,cilantro picado,,,,,
86afb053-e16a-11ed-b975-a96d6180cd25,Ensalada de Remolacha y Zanahoria,5,4 cucharadas de aceite de oliva,4,4.0,,,cucharadas,aceite de oliva,,,,,
86afb053-e16a-11ed-b975-a96d6180cd25,Ensalada de Remolacha y Zanahoria,6,2 cucharadas de vinagre blanco,2,2.0,,,cucharadas,vinagre blanco,,,,,
86afb053-e16a-11ed-b975-a96d6180cd25,Ensalada de Remolacha y Zanahoria,7,El jugo de 1 limón,,,,,,El jugo de 1 limón,,,,,
86afb053-e16a-11ed-b975-a96d6180cd25,Ensalada de Remolacha y Zanahoria,8,¼ cucharadita de comino molido,¼,0.25,,,cucharadita,comino molido,,,,,
86afb053-e16a-11ed-b975-a96d6180cd25,Ensalada de Remolacha y Zanahoria,9,Sal y pimienta al gusto,,,,,,Sal y pimienta al gusto,,,,,
86afb054-e16a-11ed-893c-a96d6180cd25,Ensalada Simple,1,1 cabeza de lechuga romana picada,1,1.0,,,,cabeza de lechuga romana picada,,,,,
86afb054-e16a-11ed-893c-a96d6180cd25,Ensalada Simple,2,2 tomates maduros en rodajas,2,2.0,,,,tomates maduros en rodajas,,,,,
86afb054-e16a-11ed-893c-a96d6180cd25,Ensalada Simple,3,1 aguacate pelado y en rodajas,1,1.0,,,,aguacate pelado y en rodajas,,,,,
86afb054-e16a-11ed-893c-a96d6180cd25,Ensalada Simple,4,Media cebolla roja cortada en tajadas delgadas,,,,,,Media cebolla roja cortada en tajadas delgadas,,,,,
86afb054-e16a-11ed-893c-a96d6180cd25,Ensalada Simple,5,¼ taza de cilantro fresco picado,¼,0.25,,,taza,cilantro fresco picado,,,,,
86afb054-e16a-11ed-893c-a96d6180cd25,Ensalada Simple,6,1 pepino en rodajas,1,1.0,,,,pepino en rodajas,,,,,
86afb054-e16a-11ed-893c-a96d6180cd25,Ensalada Simple,7,3 cucharadas de vinagre blanco,3,3.0,,,cucharadas,vinagre blanco,,,,,
86afb054-e16a-11ed-893c-a96d6180cd25,Ensalada Simple,8,El jugo de 4 limones,,,,,,El jugo de 4 limones,,,,,
86afb054-e16a-11ed-893c-a96d6180cd25,Ensalada Simple,9,Sal y pimienta al gusto,,,,,,Sal y pimienta al gusto,,,,,
86afb055-e16a-11ed-918d-a96d6180cd25,Ensalada de Aguacate y Tomate,1,"2 tomates maduros grandes, cortado en rodajas",2,2.0,,,,"tomates maduros grandes, cortado en rodajas",,,,,
86afb055-e16a-11ed-918d-a96d6180cd25,Ensalada de Aguacate y Tomate,2,"½ cebolla roja pequeña, cortada en rodajas finas",½,0.5,,,,"cebolla roja pequeña, cortada en rodajas finas",,,,,
86afb055-e16a-11ed-918d-a96d6180cd25,Ensalada de Aguacate y Tomate,3,"1 pepino, cortado en rodajas",1,1.0,,,,"pepino, cortado en rodajas",,,,,
86afb055-e16a-11ed-918d-a96d6180cd25,Ensalada de Aguacate y Tomate,4,"2 aguacates pequeños, cortado en cubos",2,2.0,,,,"aguacates pequeños, cortado en cubos",,,,,
86afb055-e16a-11ed-918d-a96d6180cd25,Ensalada de Aguacate y Tomate,5,2 limones,2,2.0,,,,limones,,,,,
86afb055-e16a-11ed-918d-a96d6180cd25,Ensalada de Aguacate y Tomate,6,3 cucharadas de vinagre blanco,3,3.0,,,cucharadas,vinagre blanco,,,,,
86afb055-e16a-11ed-918d-a96d6180cd25,Ensalada de Aguacate y Tomate,7,1 cucharada de aceite de oliva,1,1.0,,,cucharada,aceite de oliva,,,,,
86afb055-e16a-11ed-918d-a96d6180cd25,Ensalada de Aguacate y Tomate,8,¼ de cucharadita de sal,¼,0.25,,,,de cucharadita de sal,,,,,
86afb055-e16a-11ed-918d-a96d6180cd25,Ensalada de Aguacate y Tomate,9,¼ cucharadita de pimienta molida,¼,0.25,,,cucharadita,pimienta molida,,,,,
86afb055-e16a-11ed-918d-a96d6180cd25,Ensalada de Aguacate y Tomate,10,2 cucharadas de cilantro fresco picado,2,2.0,,,cucharadas,cilantro fresco picado,,,,,
86afb056-e16a-11ed-990c-a96d6180cd25,Ensalada Rusa,1,6 papas grandes peladas cocidas y cortadas en cubitos,6,6.0,,,,papas grandes peladas cocidas y cortadas en cubitos,,,,,
86afb056-e16a-11ed-990c-a96d6180cd25,Ensalada Rusa,2,1 taza de mayonesa,1,1.0,,,taza,mayonesa,,,,,
86afb056-e16a-11ed-990c-a96d6180cd25,Ensalada Rusa,3,1 taza de zanahorias cocinadas en cubitos,1,1.0,,,taza,zanahorias cocinadas en cubitos,,,,,
86afb056-e16a-11ed-990c-a96d6180cd25,Ensalada Rusa,4,1 taza de arvejas cocinadas,1,1.0,,,taza,arvejas cocinadas,,,,,
86afb056-e16a-11ed-990c-a96d6180cd25,Ensalada Rusa,5,¼ taza de crema de leche,¼,0.25,,,taza,crema de leche,,,,,
86afb056-e16a-11ed-990c-a96d6180cd25,Ensalada Rusa,6,Sal y pimienta al gusto,,,,,,Sal y pimienta al gusto,,,,,
86afb056-e16a-11ed-990c-a96d6180cd25,Ensalada Rusa,7,½ taza de cebolla rallada,½,0.5,,,taza,cebolla rallada,,,,,
86afb056-e16a-11ed-990c-a96d6180cd25,Ensalada Rusa,8,¼ taza de cilantro fresco picado o perejil,¼,0.25,,,taza,cilantro fresco picado o perejil,,,,,
86afb056-e16a-11ed-990c-a96d6180cd25,Ensalada Rusa,9,½ cucharadita de comino molido,½,0.5,,,cucharadita,comino molido,,,,,
86afb056-e16a-11ed-990c-a96d6180cd25,Ensalada Rusa,10,¼ cucharadita de pimentón molido,¼,0.25,,,cucharadita,pimentón molido,,,,,
86afb056-e16a-11ed-990c-a96d6180cd25,Ensalada Rusa,11,El jugo de ½ limón,,,,,,El jugo de ½ limón,,,,,
86afb057-e16a-11ed-8df6-a96d6180cd25,Aguacate Relleno de Atún,1,2 latas de atún de buena calidad,2,2.0,,,latas,atún de buena calidad,,,,,
86afb057-e16a-11ed-8df6-a96d6180cd25,Aguacate Relleno de Atún,2,¼ taza de cebolla blanca rallada,¼,0.25,,,taza,cebolla blanca rallada,,,,,
86afb057-e16a-11ed-8df6-a96d6180cd25,Aguacate Relleno de Atún,3,2 cucharadas de cebolla roja finamente picada,2,2.0,,,cucharadas,cebolla roja finamente picada,,,,,
86afb057-e16a-11ed-8df6-a96d6180cd25,Aguacate Relleno de Atún,4,¼ taza de arvejas cocidas,¼,0.25,,,taza,arvejas cocidas,,,,,
86afb057-e16a-11ed-8df6-a96d6180cd25,Aguacate Relleno de Atún,5,¼ taza de zanahorias cocinadas y cortadas en cubitos,¼,0.25,,,taza,zanahorias cocinadas y cortadas en cubitos,,,,,
86afb057-e16a-11ed-8df6-a96d6180cd25,Aguacate Relleno de Atún,6,Medio tomate cortado en cubitos,,,,,,Medio tomate cortado en cubitos,,,,,
86afb057-e16a-11ed-8df6-a96d6180cd25,Aguacate Relleno de Atún,7,¼ taza de salsa de tomate,¼,0.25,,,taza,salsa de tomate,,,,,
86afb057-e16a-11ed-8df6-a96d6180cd25,Aguacate Relleno de Atún,8,¼ taza de mayonesa,¼,0.25,,,taza,mayonesa,,,,,
86afb057-e16a-11ed-8df6-a96d6180cd25,Aguacate Relleno de Atún,9,½ cucharadita de salsa picante,½,0.5,,,cucharadita,salsa picante,,,,,
86afb057-e16a-11ed-8df6-a96d6180cd25,Aguacate Relleno de Atún,10,2 cucharadas de perejil picado,2,2.0,,,cucharadas,perejil picado,,,,,
86afb057-e16a-11ed-8df6-a96d6180cd25,Aguacate Relleno de Atún,11,2 cucharadas de cilantro picado,2,2.0,,,cucharadas,cilantro picado,,,,,
86afb057-e16a-11ed-8df6-a96d6180cd25,Aguacate Relleno de Atún,12,6 aguacates maduros pero firmes,6,6.0,,,,aguacates maduros pero firmes,,,,,
86afb057-e16a-11ed-8df6-a96d6180cd25,Aguacate Relleno de Atún,13,El jugo de 2 limones,,,,,,El jugo de 2 limones,,,,,
86afb057-e16a-11ed-8df6-a96d6180cd25,Aguacate Relleno de Atún,14,Sal y pimienta al gusto,,,,,,Sal y pimienta al gusto,,,,,
86afb058-e16a-11ed-9d2d-a96d6180cd25,Aguacates Rellenos de Camarones,1,3 aguacates maduros,3,3.0,,,,aguacates maduros,,,,,
86afb058-e16a-11ed-9d2d-a96d6180cd25,Aguacates Rellenos de Camarones,2,24 camarones pelados y desvenados,24,24.0,,,,camarones pelados y desvenados,,,,,
86afb058-e16a-11ed-9d2d-a96d6180cd25,Aguacates Rellenos de Camarones,3,¼ de taza de cebolla finamente picada,¼,0.25,,,,de taza de cebolla finamente picada,,,,,
86afb058-e16a-11ed-9d2d-a96d6180cd25,Aguacates Rellenos de Camarones,4,Jugo de 2 limones,,,,,,Jugo de 2 limones,,,,,
86afb058-e16a-11ed-9d2d-a96d6180cd25,Aguacates Rellenos de Camarones,5,¾ taza de salsa rosada,¾,0.75,,,taza,salsa rosada,,,,,
86afb058-e16a-11ed-9d2d-a96d6180cd25,Aguacates Rellenos de Camarones,6,3 cucharadas de cilantro fresco y más para decorar,3,3.0,,,cucharadas,cilantro fresco y más para decorar,,,,,
86afb058-e16a-11ed-9d2d-a96d6180cd25,Aguacates Rellenos de Camarones,7,3 cucharadas de perejil fresco,3,3.0,,,cucharadas,perejil fresco,,,,,
86afb058-e16a-11ed-9d2d-a96d6180cd25,Aguacates Rellenos de Camarones,8,Sal y pimienta,,,,,,Sal y pimienta,,,,,
86afb058-e16a-11ed-9d2d-a96d6180cd25,Aguacates Rellenos de Camarones,9,Lechuga para servir,,,,,,Lechuga para servir,,,,,
86afb059-e16a-11ed-a198-a96d6180cd25,Ensalada de Pollo a la Plancha con Aderezo de Mango y Chipotle,1,2 pechugas de pollo sin piel,2,2.0,,,,pechugas de pollo sin piel,,,,,
86afb059-e16a-11ed-a198-a96d6180cd25,Ensalada de Pollo a la Plancha con Aderezo de Mango y Chipotle,2,½ cucharadita de comino molido,½,0.5,,,cucharadita,comino molido,,,,,
86afb059-e16a-11ed-a198-a96d6180cd25,Ensalada de Pollo a la Plancha con Aderezo de Mango y Chipotle,3,½ cucharadita de pimentón molido,½,0.5,,,cucharadita,pimentón molido,,,,,
86afb059-e16a-11ed-a198-a96d6180cd25,Ensalada de Pollo a la Plancha con Aderezo de Mango y Chipotle,4,½ cucharadita de ajo en polvo,½,0.5,,,cucharadita,ajo en polvo,,,,,
86afb059-e16a-11ed-a198-a96d6180cd25,Ensalada de Pollo a la Plancha con Aderezo de Mango y Chipotle,5,½ cucharadita de cebolla en polvo,½,0.5,,,cucharadita,cebolla en polvo,,,,,
86afb059-e16a-11ed-a198-a96d6180cd25,Ensalada de Pollo a la Plancha con Aderezo de Mango y Chipotle,6,Sal y pimienta al gusto,,,,,,Sal y pimienta al gusto,,,,,
86afb059-e16a-11ed-a198-a96d6180cd25,Ensalada de Pollo a la Plancha con Aderezo de Mango y Chipotle,7,2 cabezas de lechuga romana picada,2,2.0,,,,cabezas de lechuga romana picada,,,,,
86afb059-e16a-11ed-a198-a96d6180cd25,Ensalada de Pollo a la Plancha con Aderezo de Mango y Chipotle,8,1 taza de tomates uva cortados a la mitad,1,1.0,,,taza,tomates uva cortados a la mitad,,,,,
86afb059-e16a-11ed-a198-a96d6180cd25,Ensalada de Pollo a la Plancha con Aderezo de Mango y Chipotle,9,1 aguacate pelado y cortado en rodajas,1,1.0,,,,aguacate pelado y cortado en rodajas,,,,,
86afb059-e16a-11ed-a198-a96d6180cd25,Ensalada de Pollo a la Plancha con Aderezo de Mango y Chipotle,10,½ pepino Inglés cortado en rodajas,½,0.5,,,,pepino Inglés cortado en rodajas,,,,,
86afb059-e16a-11ed-a198-a96d6180cd25,Ensalada de Pollo a la Plancha con Aderezo de Mango y Chipotle,11,½ taza de pimiento rojo asado cortado en rodajas,½,0.5,,,taza,pimiento rojo asado cortado en rodajas,,,,,
86afb059-e16a-11ed-a198-a96d6180cd25,Ensalada de Pollo a la Plancha con Aderezo de Mango y Chipotle,12,½ cebolla roja cortada en rodajas finas,½,0.5,,,,cebolla roja cortada en rodajas finas,,,,,
86afb059-e16a-11ed-a198-a96d6180cd25,Ensalada de Pollo a la Plancha con Aderezo de Mango y Chipotle,13,¼ taza de cilantro fresco picado,¼,0.25,,,taza,cilantro fresco picado,,,,,
86afb059-e16a-11ed-a198-a96d6180cd25,Ensalada de Pollo a la Plancha con Aderezo de Mango y Chipotle,14,1 taza de aderezo KRAFT de Mango y Chipotle,1,1.0,,,taza,aderezo KRAFT de Mango y Chipotle,,,,,
86afb05a-e16a-11ed-be9b-a96d6180cd25,Chuyaco,1,12 naranjas peladas,12,12.0,,,,naranjas peladas,,,,,
86afb05a-e16a-11ed-be9b-a96d6180cd25,Chuyaco,2,3 cucharadas de panela rallada o azúcar morena,3,3.0,,,cucharadas,panela rallada o azúcar morena,,,,,
86afb05a-e16a-11ed-be9b-a96d6180cd25,Chuyaco,3,2 cucharadas de agua,2,2.0,,,cucharadas,agua,,,,,
86afb05a-e16a-11ed-be9b-a96d6180cd25,Chuyaco,4,2 tazas de jugo de naranja,2,2.0,,,tazas,jugo de naranja,,,,,
86afb05a-e16a-11ed-be9b-a96d6180cd25,Chuyaco,5,½ taza de cebolla larga picada parte verde solamente,½,0.5,,,taza,cebolla larga picada parte verde solamente,,,,,
86afb05a-e16a-11ed-be9b-a96d6180cd25,Chuyaco,6,¼ cucharadita de ají picante,¼,0.25,,,cucharadita,ají picante,,,,,
86afb05a-e16a-11ed-be9b-a96d6180cd25,Chuyaco,7,Sal y pimienta al gusto,,,,,,Sal y pimienta al gusto,,,,,
86afb05b-e16a-11ed-99be-a96d6180cd25,Alfajores,1,3 tazas de harina de trigo,3,3.0,,,tazas,harina de trigo,,,,,
86afb05b-e16a-11ed-99be-a96d6180cd25,Alfajores,2,1 libra de mantequilla a temperatura ambiente,1,1.0,,,libra,mantequilla a temperatura ambiente,,,,,
86afb05b-e16a-11ed-99be-a96d6180cd25,Alfajores,3,½ cucharadita de extracto de vainilla,½,0.5,,,cucharadita,extracto de vainilla,,,,,
86afb05b-e16a-11ed-99be-a96d6180cd25,Alfajores,4,1 ¼ taza de azúcar en polvo dividida,1 ¼,1.25,,,taza,azúcar en polvo dividida,,,,,
86afb05b-e16a-11ed-99be-a96d6180cd25,Alfajores,5,1 taza de maicena o almidón de maíz,1,1.0,,,taza,maicena o almidón de maíz,,,,,
86afb05b-e16a-11ed-99be-a96d6180cd25,Alfajores,6,1 taza de arequipe o dulce de leche,1,1.0,,,taza,arequipe o dulce de leche,,,,,
86afb05b-e16a-11ed-99be-a96d6180cd25,Alfajores,7,½ taza de coco rallado opcional,½,0.5,,,taza,coco rallado opcional,,,,,
86afb05c-e16a-11ed-b515-a96d6180cd25,Torta Tres Leches de Mandarina,1,1 ½ tazas de harina para todo uso,1 ½,1.5,,,tazas,harina para todo uso,,,,,
86afb05c-e16a-11ed-b515-a96d6180cd25,Torta Tres Leches de Mandarina,2,1 cucharada de polvo de hornear,1,1.0,,,cucharada,polvo de hornear,,,,,
86afb05c-e16a-11ed-b515-a96d6180cd25,Torta Tres Leches de Mandarina,3,¼ cucharadita de sal,¼,0.25,,,cucharadita,sal,,,,,
86afb05c-e16a-11ed-b515-a96d6180cd25,Torta Tres Leches de Mandarina,4,4 cucharadas de mantequilla,4,4.0,,,cucharadas,mantequilla,,,,,
86afb05c-e16a-11ed-b515-a96d6180cd25,Torta Tres Leches de Mandarina,5,¾ de taza de leche entera,¾,0.75,,,,de taza de leche entera,,,,,
86afb05c-e16a-11ed-b515-a96d6180cd25,Torta Tres Leches de Mandarina,6,4 huevos grandes a temperatura ambiente,4,4.0,,,,huevos grandes a temperatura ambiente,,,,,
86afb05c-e16a-11ed-b515-a96d6180cd25,Torta Tres Leches de Mandarina,7,1 taza de azúcar,1,1.0,,,taza,azúcar,,,,,
86afb05c-e16a-11ed-b515-a96d6180cd25,Torta Tres Leches de Mandarina,8,2 cucharaditas de ralladura de cascara de mandarina,2,2.0,,,cucharaditas,ralladura de cascara de mandarina,,,,,
86afb05c-e16a-11ed-b515-a96d6180cd25,Torta Tres Leches de Mandarina,9,½ cucharadita de extracto de vainilla,½,0.5,,,cucharadita,extracto de vainilla,,,,,
86afb05c-e16a-11ed-b515-a96d6180cd25,Torta Tres Leches de Mandarina,10,1 lata de leche evaporada,1,1.0,,,lata,leche evaporada,,,,,
86afb05c-e16a-11ed-b515-a96d6180cd25,Torta Tres Leches de Mandarina,11,1 lata de leche condensada dulce,1,1.0,,,lata,leche condensada dulce,,,,,
86afb05c-e16a-11ed-b515-a96d6180cd25,Torta Tres Leches de Mandarina,12,¼ taza de crema de leche,¼,0.25,,,taza,crema de leche,,,,,
86afb05c-e16a-11ed-b515-a96d6180cd25,Torta Tres Leches de Mandarina,13,¾ de taza de jugo de mandarina,¾,0.75,,,,de taza de jugo de mandarina,,,,,
86afb05c-e16a-11ed-b515-a96d6180cd25,Torta Tres Leches de Mandarina,14,Cubierta,,,,,,Cubierta,,,,,
86afb05c-e16a-11ed-b515-a96d6180cd25,Torta Tres Leches de Mandarina,15,2 claras de huevo,2,2.0,,,,claras de huevo,,,,,
86afb05c-e16a-11ed-b515-a96d6180cd25,Torta Tres Leches de Mandarina,16,½ cucharadita de cremor tártaro,½,0.5,,,cucharadita,cremor tártaro,,,,,
86afb05c-e16a-11ed-b515-a96d6180cd25,Torta Tres Leches de Mandarina,17,½ taza de azúcar,½,0.5,,,taza,azúcar,,,,,
86afb05c-e16a-11ed-b515-a96d6180cd25,Torta Tres Leches de Mandarina,18,¼ taza de agua,¼,0.25,,,taza,agua,,,,,
86afb05c-e16a-11ed-b515-a96d6180cd25,Torta Tres Leches de Mandarina,19,½ cucharada de esencia de vainilla,½,0.5,,,cucharada,esencia de vainilla,,,,,
86afb05d-e16a-11ed-b7ff-a96d6180cd25,Pionono de Arequipe Y Coco,1,5 huevos separados,5,5.0,,,,huevos separados,,,,,
86afb05d-e16a-11ed-b7ff-a96d6180cd25,Pionono de Arequipe Y Coco,2,½ taza de harina para todo uso cernida,½,0.5,,,taza,harina para todo uso cernida,,,,,
86afb05d-e16a-11ed-b7ff-a96d6180cd25,Pionono de Arequipe Y Coco,3,½ taza de azúcar,½,0.5,,,taza,azúcar,,,,,
86afb05d-e16a-11ed-b7ff-a96d6180cd25,Pionono de Arequipe Y Coco,4,¼ cucharadita de extracto de vainilla,¼,0.25,,,cucharadita,extracto de vainilla,,,,,
86afb05d-e16a-11ed-b7ff-a96d6180cd25,Pionono de Arequipe Y Coco,5,Azúcar en polvo,,,,,,Azúcar en polvo,,,,,
86afb05d-e16a-11ed-b7ff-a96d6180cd25,Pionono de Arequipe Y Coco,6,1 taza de dulce de leche,1,1.0,,,taza,dulce de leche,,,,,
86afb05d-e16a-11ed-b7ff-a96d6180cd25,Pionono de Arequipe Y Coco,7,½ taza de coco rallado,½,0.5,,,taza,coco rallado,,,,,
86afb05e-e16a-11ed-b724-a96d6180cd25,Torta María Luisa,1,2 tazas de harina para todo uso,2,2.0,,,tazas,harina para todo uso,,,,,
86afb05e-e16a-11ed-b724-a96d6180cd25,Torta María Luisa,2,1 cucharadita de polvo de hornear,1,1.0,,,cucharadita,polvo de hornear,,,,,
86afb05e-e16a-11ed-b724-a96d6180cd25,Torta María Luisa,3,1 ¼ tazas de azúcar granulada,1 ¼,1.25,,,tazas,azúcar granulada,,,,,
86afb05e-e16a-11ed-b724-a96d6180cd25,Torta María Luisa,4,1 taza de mantequilla a temperatura ambiente,1,1.0,,,taza,mantequilla a temperatura ambiente,,,,,
86afb05e-e16a-11ed-b724-a96d6180cd25,Torta María Luisa,5,¼ taza de leche entera,¼,0.25,,,taza,leche entera,,,,,
86afb05e-e16a-11ed-b724-a96d6180cd25,Torta María Luisa,6,4 huevos,4,4.0,,,,huevos,,,,,
86afb05e-e16a-11ed-b724-a96d6180cd25,Torta María Luisa,7,1 cucharada de jugo de naranja,1,1.0,,,cucharada,jugo de naranja,,,,,
86afb05e-e16a-11ed-b724-a96d6180cd25,Torta María Luisa,8,2 cucharadas de ralladura de naranja,2,2.0,,,cucharadas,ralladura de naranja,,,,,
86afb05e-e16a-11ed-b724-a96d6180cd25,Torta María Luisa,9,1 taza de mermelada de bayas para el relleno o tu sabor favorito,1,1.0,,,taza,mermelada de bayas para el relleno o tu sabor favorito,,,,,
86afb05e-e16a-11ed-b724-a96d6180cd25,Torta María Luisa,10,Azúcar en polvo para decorar,,,,,,Azúcar en polvo para decorar,,,,,
86afb05f-e16a-11ed-8560-a96d6180cd25,Torta de Tres Leches de Chocolate,1,2 ½ tazas de harina,2 ½,2.5,,,tazas,harina,,,,,
86afb05f-e16a-11ed-8560-a96d6180cd25,Torta de Tres Leches de Chocolate,2,½ cucharadita de sal,½,0.5,,,cucharadita,sal,,,,,
86afb05f-e16a-11ed-8560-a96d6180cd25,Torta de Tres Leches de Chocolate,3,2 cucharaditas de polvo de hornear,2,2.0,,,cucharaditas,polvo de hornear,,,,,
86afb05f-e16a-11ed-8560-a96d6180cd25,Torta de Tres Leches de Chocolate,4,2 tazas de azúcar,2,2.0,,,tazas,azúcar,,,,,
86afb05f-e16a-11ed-8560-a96d6180cd25,Torta de Tres Leches de Chocolate,5,1 taza de chocolate en polvo,1,1.0,,,taza,chocolate en polvo,,,,,
86afb05f-e16a-11ed-8560-a96d6180cd25,Torta de Tres Leches de Chocolate,6,1 taza de agua,1,1.0,,,taza,agua,,,,,
86afb05f-e16a-11ed-8560-a96d6180cd25,Torta de Tres Leches de Chocolate,7,12 cucharadas de mantequilla blanda,12,12.0,,,cucharadas,mantequilla blanda,,,,,
86afb05f-e16a-11ed-8560-a96d6180cd25,Torta de Tres Leches de Chocolate,8,5 huevos grandes,5,5.0,,,,huevos grandes,,,,,
86afb05f-e16a-11ed-8560-a96d6180cd25,Torta de Tres Leches de Chocolate,9,½ cucharadita de vainilla,½,0.5,,,cucharadita,vainilla,,,,,
86afb05f-e16a-11ed-8560-a96d6180cd25,Torta de Tres Leches de Chocolate,10,1 lata de leche condensada,1,1.0,,,lata,leche condensada,,,,,
86afb05f-e16a-11ed-8560-a96d6180cd25,Torta de Tres Leches de Chocolate,11,1 lata de leche evaporada,1,1.0,,,lata,leche evaporada,,,,,
86afb05f-e16a-11ed-8560-a96d6180cd25,Torta de Tres Leches de Chocolate,12,1 taza de crema de leche,1,1.0,,,taza,crema de leche,,,,,
86afb05f-e16a-11ed-8560-a96d6180cd25,Torta de Tres Leches de Chocolate,13,½ cucharadita de extracto de vainilla,½,0.5,,,cucharadita,extracto de vainilla,,,,,
86afb05f-e16a-11ed-8560-a96d6180cd25,Torta de Tres Leches de Chocolate,14,3 claras de huevo,3,3.0,,,,claras de huevo,,,,,
86afb05f-e16a-11ed-8560-a96d6180cd25,Torta de Tres Leches de Chocolate,15,½ cucharadita de cremor tártaro,½,0.5,,,cucharadita,cremor tártaro,,,,,
86afb05f-e16a-11ed-8560-a96d6180cd25,Torta de Tres Leches de Chocolate,16,¾ taza de azúcar,¾,0.75,,,taza,azúcar,,,,,
86afb05f-e16a-11ed-8560-a96d6180cd25,Torta de Tres Leches de Chocolate,17,¼ taza de agua,¼,0.25,,,taza,agua,,,,,
86afb05f-e16a-11ed-8560-a96d6180cd25,Torta de Tres Leches de Chocolate,18,½ cucharadita extracto de vainilla,½,0.5,,,cucharadita,extracto de vainilla,,,,,
86afb060-e16a-11ed-9bb1-a96d6180cd25,Milhojas con Arequipe,1,1 hoja de hojaldre congelado descongelado,1,1.0,,,hoja,hojaldre congelado descongelado,,,,,
86afb060-e16a-11ed-9bb1-a96d6180cd25,Milhojas con Arequipe,2,1 ½ tazas de leche,1 ½,1.5,,,tazas,leche,,,,,
86afb060-e16a-11ed-9bb1-a96d6180cd25,Milhojas con Arequipe,3,½ taza de azúcar,½,0.5,,,taza,azúcar,,,,,
86afb060-e16a-11ed-9bb1-a96d6180cd25,Milhojas con Arequipe,4,Una pizca de sal,,,,,,Una pizca de sal,,,,,
86afb060-e16a-11ed-9bb1-a96d6180cd25,Milhojas con Arequipe,5,1 cucharadita de extracto de vainilla,1,1.0,,,cucharadita,extracto de vainilla,,,,,
86afb060-e16a-11ed-9bb1-a96d6180cd25,Milhojas con Arequipe,6,3 cucharadas de maicena,3,3.0,,,cucharadas,maicena,,,,,
86afb060-e16a-11ed-9bb1-a96d6180cd25,Milhojas con Arequipe,7,3 yemas de huevo batidas,3,3.0,,,,yemas de huevo batidas,,,,,
86afb060-e16a-11ed-9bb1-a96d6180cd25,Milhojas con Arequipe,8,1 cucharada de mantequilla,1,1.0,,,cucharada,mantequilla,,,,,
86afb060-e16a-11ed-9bb1-a96d6180cd25,Milhojas con Arequipe,9,1 taza de arequipe o dulce de leche,1,1.0,,,taza,arequipe o dulce de leche,,,,,
86afb061-e16a-11ed-a7da-a96d6180cd25,Torta de Café,1,2 y ½ tazas de harina para todo uso,2,2.0,,,,y ½ tazas de harina para todo uso,,,,,
86afb061-e16a-11ed-a7da-a96d6180cd25,Torta de Café,2,2 cucharaditas de polvo de hornear,2,2.0,,,cucharaditas,polvo de hornear,,,,,
86afb061-e16a-11ed-a7da-a96d6180cd25,Torta de Café,3,½ taza de leche entera,½,0.5,,,taza,leche entera,,,,,
86afb061-e16a-11ed-a7da-a96d6180cd25,Torta de Café,4,8 oz 2 barras de mantequilla,8,8.0,,,,oz 2 barras de mantequilla,,,,,
86afb061-e16a-11ed-a7da-a96d6180cd25,Torta de Café,5,3 huevos a temperatura ambiente,3,3.0,,,,huevos a temperatura ambiente,,,,,
86afb061-e16a-11ed-a7da-a96d6180cd25,Torta de Café,6,1 cucharadita de extracto de vainilla,1,1.0,,,cucharadita,extracto de vainilla,,,,,
86afb061-e16a-11ed-a7da-a96d6180cd25,Torta de Café,7,2 ¼ tazas de azúcar,2 ¼,2.25,,,tazas,azúcar,,,,,
86afb061-e16a-11ed-a7da-a96d6180cd25,Torta de Café,8,½ cucharadita de sal,½,0.5,,,cucharadita,sal,,,,,
86afb061-e16a-11ed-a7da-a96d6180cd25,Torta de Café,9,1 taza de café BIEN fuerte,1,1.0,,,taza,café BIEN fuerte,,,,,
86afb061-e16a-11ed-a7da-a96d6180cd25,Torta de Café,10,2 cucharadas de azúcar en polvo,2,2.0,,,cucharadas,azúcar en polvo,,,,,
86afb061-e16a-11ed-a7da-a96d6180cd25,Torta de Café,11,"1 taza chocolate dulce, afeitado y dividido",1,1.0,,,taza,"chocolate dulce, afeitado y dividido",,,,,
86afb061-e16a-11ed-a7da-a96d6180cd25,Torta de Café,12,2 tazas de crema,2,2.0,,,tazas,crema,,,,,
86afb061-e16a-11ed-a7da-a96d6180cd25,Torta de Café,13,2 cucharadas de café instantaneo,2,2.0,,,cucharadas,café instantaneo,,,,,
86afb062-e16a-11ed-9cd3-a96d6180cd25,Flan de Coco,1,1 taza de azúcar,1,1.0,,,taza,azúcar,,,,,
86afb062-e16a-11ed-9cd3-a96d6180cd25,Flan de Coco,2,¼ de taza de agua,¼,0.25,,,,de taza de agua,,,,,
86afb062-e16a-11ed-9cd3-a96d6180cd25,Flan de Coco,3,5 huevos enteros,5,5.0,,,,huevos enteros,,,,,
86afb062-e16a-11ed-9cd3-a96d6180cd25,Flan de Coco,4,2 yemas de huevo,2,2.0,,,,yemas de huevo,,,,,
86afb062-e16a-11ed-9cd3-a96d6180cd25,Flan de Coco,5,1 lata de leche condensada,1,1.0,,,lata,leche condensada,,,,,
86afb062-e16a-11ed-9cd3-a96d6180cd25,Flan de Coco,6,1 lata de leche de coco,1,1.0,,,lata,leche de coco,,,,,
86afb062-e16a-11ed-9cd3-a96d6180cd25,Flan de Coco,7,⅓ taza de crema de leche,⅓,0.3333333333,,,taza,crema de leche,,,,,
86afb062-e16a-11ed-9cd3-a96d6180cd25,Flan de Coco,8,1 cucharada extracto de vainilla,1,1.0,,,cucharada,extracto de vainilla,,,,,
86afb062-e16a-11ed-9cd3-a96d6180cd25,Flan de Coco,9,1 taza de coco rallado,1,1.0,,,taza,coco rallado,,,,,
86afb063-e16a-11ed-bd44-a96d6180cd25,Esponjado de Café,1,3 cucharadas de café instantáneo de buena calidad,3,3.0,,,cucharadas,café instantáneo de buena calidad,,,,,
86afb063-e16a-11ed-bd44-a96d6180cd25,Esponjado de Café,2,1 lata 14 onzas de leche condensada,1,1.0,,,lata,14 onzas de leche condensada,,,,,
86afb063-e16a-11ed-bd44-a96d6180cd25,Esponjado de Café,3,5 cucharadas de agua,5,5.0,,,cucharadas,agua,,,,,
86afb063-e16a-11ed-bd44-a96d6180cd25,Esponjado de Café,4,1 cucharada de gelatina sin sabor,1,1.0,,,cucharada,gelatina sin sabor,,,,,
86afb063-e16a-11ed-bd44-a96d6180cd25,Esponjado de Café,5,1 taza de crema de leche,1,1.0,,,taza,crema de leche,,,,,
86afb063-e16a-11ed-bd44-a96d6180cd25,Esponjado de Café,6,¼ de taza de azúcar,¼,0.25,,,,de taza de azúcar,,,,,
86afb063-e16a-11ed-bd44-a96d6180cd25,Esponjado de Café,7,3 claras de huevo,3,3.0,,,,claras de huevo,,,,,
86afb064-e16a-11ed-aab2-a96d6180cd25,Natilla Colombiana,1,3 tazas de leche entera,3,3.0,,,tazas,leche entera,,,,,
86afb064-e16a-11ed-aab2-a96d6180cd25,Natilla Colombiana,2,1 taza + 2 cucharadas de fécula de maíz,1,1.0,,,taza,+ 2 cucharadas de fécula de maíz,,,,,
86afb064-e16a-11ed-aab2-a96d6180cd25,Natilla Colombiana,3,1 taza de leche de coco,1,1.0,,,taza,leche de coco,,,,,
86afb064-e16a-11ed-aab2-a96d6180cd25,Natilla Colombiana,4,½ taza de coco rallado,½,0.5,,,taza,coco rallado,,,,,
86afb064-e16a-11ed-aab2-a96d6180cd25,Natilla Colombiana,5,2 astillas de canela,2,2.0,,,,astillas de canela,,,,,
86afb064-e16a-11ed-aab2-a96d6180cd25,Natilla Colombiana,6,1 lata 14 onzas de leche condensada,1,1.0,,,lata,14 onzas de leche condensada,,,,,
86afb064-e16a-11ed-aab2-a96d6180cd25,Natilla Colombiana,7,½ cucharadita de extracto de vainilla,½,0.5,,,cucharadita,extracto de vainilla,,,,,
86afb064-e16a-11ed-aab2-a96d6180cd25,Natilla Colombiana,8,⅓ taza de azúcar o al gusto,⅓,0.3333333333,,,taza,azúcar o al gusto,,,,,
86afb064-e16a-11ed-aab2-a96d6180cd25,Natilla Colombiana,9,Una pizca de sal,,,,,,Una pizca de sal,,,,,
86afb064-e16a-11ed-aab2-a96d6180cd25,Natilla Colombiana,10,1 cucharada de mantequilla,1,1.0,,,cucharada,mantequilla,,,,,
86afb064-e16a-11ed-aab2-a96d6180cd25,Natilla Colombiana,11,Canela en polvo al gusto,,,,,,Canela en polvo al gusto,,,,,
86afb065-e16a-11ed-8cbf-a96d6180cd25,Hojuelas o Hojaldras Colombianas,1,1 taza de harina de todo uso,1,1.0,,,taza,harina de todo uso,,,,,
86afb065-e16a-11ed-8cbf-a96d6180cd25,Hojuelas o Hojaldras Colombianas,2,1 cucharada de mantequilla blanda,1,1.0,,,cucharada,mantequilla blanda,,,,,
86afb065-e16a-11ed-8cbf-a96d6180cd25,Hojuelas o Hojaldras Colombianas,3,2 cucharadas de azúcar y más para decorar,2,2.0,,,cucharadas,azúcar y más para decorar,,,,,
86afb065-e16a-11ed-8cbf-a96d6180cd25,Hojuelas o Hojaldras Colombianas,4,½ taza de jugo de naranja,½,0.5,,,taza,jugo de naranja,,,,,
86afb065-e16a-11ed-8cbf-a96d6180cd25,Hojuelas o Hojaldras Colombianas,5,1 cucharadita de cáscara de naranja,1,1.0,,,cucharadita,cáscara de naranja,,,,,
86afb065-e16a-11ed-8cbf-a96d6180cd25,Hojuelas o Hojaldras Colombianas,6,Aceite vegetal para freír,,,,,,Aceite vegetal para freír,,,,,
86afb066-e16a-11ed-9953-a96d6180cd25,Natilla con Panela,1,5 tazas de leche entera,5,5.0,,,tazas,leche entera,,,,,
86afb066-e16a-11ed-9953-a96d6180cd25,Natilla con Panela,2,½ taza de azúcar,½,0.5,,,taza,azúcar,,,,,
86afb066-e16a-11ed-9953-a96d6180cd25,Natilla con Panela,3,½ taza de panela rallada,½,0.5,,,taza,panela rallada,,,,,
86afb066-e16a-11ed-9953-a96d6180cd25,Natilla con Panela,4,3 palitos de canela,3,3.0,,,,palitos de canela,,,,,
86afb066-e16a-11ed-9953-a96d6180cd25,Natilla con Panela,5,1 y ¼ tazas de maicena,1,1.0,,,,y ¼ tazas de maicena,,,,,
86afb066-e16a-11ed-9953-a96d6180cd25,Natilla con Panela,6,1 cucharada de mantequilla,1,1.0,,,cucharada,mantequilla,,,,,
86afb066-e16a-11ed-9953-a96d6180cd25,Natilla con Panela,7,Canela molida para servir,,,,,,Canela molida para servir,,,,,
86afb067-e16a-11ed-bce5-a96d6180cd25,Plátanos Calados o Plátanos en Tentacíon,1,2 plátanos bien maduros pelados y cortados en 4 trozos cada uno,2,2.0,,,,plátanos bien maduros pelados y cortados en 4 trozos cada uno,,,,,
86afb067-e16a-11ed-bce5-a96d6180cd25,Plátanos Calados o Plátanos en Tentacíon,2,½ taza de azúcar morena o panela rallada,½,0.5,,,taza,azúcar morena o panela rallada,,,,,
86afb067-e16a-11ed-bce5-a96d6180cd25,Plátanos Calados o Plátanos en Tentacíon,3,1 taza de agua,1,1.0,,,taza,agua,,,,,
86afb067-e16a-11ed-bce5-a96d6180cd25,Plátanos Calados o Plátanos en Tentacíon,4,2 astillas de canela,2,2.0,,,,astillas de canela,,,,,
86afb067-e16a-11ed-bce5-a96d6180cd25,Plátanos Calados o Plátanos en Tentacíon,5,½ cucharada de mantequilla,½,0.5,,,cucharada,mantequilla,,,,,
86afb068-e16a-11ed-b477-a96d6180cd25,Torta de Plátano Maduro con Bocadillo y Queso,1,4 plátanos muy maduros,4,4.0,,,,plátanos muy maduros,,,,,
86afb068-e16a-11ed-b477-a96d6180cd25,Torta de Plátano Maduro con Bocadillo y Queso,2,1 ½ tazas de aceite vegetal para freír,1 ½,1.5,,,tazas,aceite vegetal para freír,,,,,
86afb068-e16a-11ed-b477-a96d6180cd25,Torta de Plátano Maduro con Bocadillo y Queso,3,3 huevos batidos,3,3.0,,,,huevos batidos,,,,,
86afb068-e16a-11ed-b477-a96d6180cd25,Torta de Plátano Maduro con Bocadillo y Queso,4,½ cucharadita de canela molida,½,0.5,,,cucharadita,canela molida,,,,,
86afb068-e16a-11ed-b477-a96d6180cd25,Torta de Plátano Maduro con Bocadillo y Queso,5,½ taza de leche,½,0.5,,,taza,leche,,,,,
86afb068-e16a-11ed-b477-a96d6180cd25,Torta de Plátano Maduro con Bocadillo y Queso,6,1 cucharadita de azúcar,1,1.0,,,cucharadita,azúcar,,,,,
86afb068-e16a-11ed-b477-a96d6180cd25,Torta de Plátano Maduro con Bocadillo y Queso,7,2 tazas de bocadilllo de guayaba,2,2.0,,,tazas,bocadilllo de guayaba,,,,,
86afb068-e16a-11ed-b477-a96d6180cd25,Torta de Plátano Maduro con Bocadillo y Queso,8,2 tazas de queso mozzarella cortado en cubos,2,2.0,,,tazas,queso mozzarella cortado en cubos,,,,,
86afb068-e16a-11ed-b477-a96d6180cd25,Torta de Plátano Maduro con Bocadillo y Queso,9,½ taza de queso mozzarella rallado,½,0.5,,,taza,queso mozzarella rallado,,,,,
86afb069-e16a-11ed-ac08-a96d6180cd25,Flan de Piña,1,1 taza de azúcar,1,1.0,,,taza,azúcar,,,,,
86afb069-e16a-11ed-ac08-a96d6180cd25,Flan de Piña,2,¼ de taza de agua,¼,0.25,,,,de taza de agua,,,,,
86afb069-e16a-11ed-ac08-a96d6180cd25,Flan de Piña,3,5 huevos enteros,5,5.0,,,,huevos enteros,,,,,
86afb069-e16a-11ed-ac08-a96d6180cd25,Flan de Piña,4,2 yemas de huevo,2,2.0,,,,yemas de huevo,,,,,
86afb069-e16a-11ed-ac08-a96d6180cd25,Flan de Piña,5,1 lata de leche condensada,1,1.0,,,lata,leche condensada,,,,,
86afb069-e16a-11ed-ac08-a96d6180cd25,Flan de Piña,6,1 lata de 20 oz trozos de piña sin el jarabe,1,1.0,,,lata,20 oz trozos de piña sin el jarabe,,,,,
86afb069-e16a-11ed-ac08-a96d6180cd25,Flan de Piña,7,1 taza de crema de leche,1,1.0,,,taza,crema de leche,,,,,
86afb069-e16a-11ed-ac08-a96d6180cd25,Flan de Piña,8,¼ cucharadita de extracto de coco,¼,0.25,,,cucharadita,extracto de coco,,,,,
86afb069-e16a-11ed-ac08-a96d6180cd25,Flan de Piña,9,Piña fresca para adornar,,,,,,Piña fresca para adornar,,,,,
86afb06a-e16a-11ed-b8c6-a96d6180cd25,Pastel Gloria,1,1 paquete de masa de hojaldre descongelada,1,1.0,,,paquete,masa de hojaldre descongelada,,,,,
86afb06a-e16a-11ed-b8c6-a96d6180cd25,Pastel Gloria,2,1 huevo ligeramente batido,1,1.0,,,,huevo ligeramente batido,,,,,
86afb06a-e16a-11ed-b8c6-a96d6180cd25,Pastel Gloria,3,2 cucharadas de azúcar para adornar,2,2.0,,,cucharadas,azúcar para adornar,,,,,
86afb06a-e16a-11ed-b8c6-a96d6180cd25,Pastel Gloria,4,"4 oz de pasta de guayaba bocadillo, en rodajas",4,4.0,,,,"oz de pasta de guayaba bocadillo, en rodajas",,,,,
86afb06a-e16a-11ed-b8c6-a96d6180cd25,Pastel Gloria,5,4 oz blanco o queso mozarella rebanadas,4,4.0,,,,oz blanco o queso mozarella rebanadas,,,,,
86afb06a-e16a-11ed-b8c6-a96d6180cd25,Pastel Gloria,6,4 oz dulce de leche,4,4.0,,,,oz dulce de leche,,,,,
86afb06b-e16a-11ed-81b1-a96d6180cd25,Flan de Chocolate,1,1 taza de azúcar,1,1.0,,,taza,azúcar,,,,,
86afb06b-e16a-11ed-81b1-a96d6180cd25,Flan de Chocolate,2,½ de taza de agua,½,0.5,,,,de taza de agua,,,,,
86afb06b-e16a-11ed-81b1-a96d6180cd25,Flan de Chocolate,3,5 huevos enteros,5,5.0,,,,huevos enteros,,,,,
86afb06b-e16a-11ed-81b1-a96d6180cd25,Flan de Chocolate,4,2 yemas de huevo,2,2.0,,,,yemas de huevo,,,,,
86afb06b-e16a-11ed-81b1-a96d6180cd25,Flan de Chocolate,5,1 lata de leche condensada,1,1.0,,,lata,leche condensada,,,,,
86afb06b-e16a-11ed-81b1-a96d6180cd25,Flan de Chocolate,6,1 lata de leche evaporada,1,1.0,,,lata,leche evaporada,,,,,
86afb06b-e16a-11ed-81b1-a96d6180cd25,Flan de Chocolate,7,1 taza de crema de leche,1,1.0,,,taza,crema de leche,,,,,
86afb06b-e16a-11ed-81b1-a96d6180cd25,Flan de Chocolate,8,1 ½ cucharada de azúcar,1 ½,1.5,,,cucharada,azúcar,,,,,
86afb06b-e16a-11ed-81b1-a96d6180cd25,Flan de Chocolate,9,¾ taza de chocolate en polvo,¾,0.75,,,taza,chocolate en polvo,,,,,
86afb06c-e16a-11ed-b67d-a96d6180cd25,Salpicón de Frutas Colombiano,1,"6 tazas de de fruta fresca surtida como piña, papaya, sandía, mango, manzana, banano, fresas y las uvas rojas sin semillas, cortadas en trozos pequeños.",6,6.0,,,tazas,"de fruta fresca surtida como piña, papaya, sandía, mango, manzana, banano, fresas y las uvas rojas sin semillas, cortadas en trozos pequeños.",,,,,
86afb06c-e16a-11ed-b67d-a96d6180cd25,Salpicón de Frutas Colombiano,2,4 tazas de jugo de sandía o Colombiana.,4,4.0,,,tazas,jugo de sandía o Colombiana.,,,,,
86afb06c-e16a-11ed-b67d-a96d6180cd25,Salpicón de Frutas Colombiano,3,Helado de vainilla para servir opcional,,,,,,Helado de vainilla para servir opcional,,,,,
86afb06d-e16a-11ed-8b3b-a96d6180cd25,Bananos Calados,1,4 bananos firmes y pelados,4,4.0,,,,bananos firmes y pelados,,,,,
86afb06d-e16a-11ed-8b3b-a96d6180cd25,Bananos Calados,2,1 cucharada de mantequilla,1,1.0,,,cucharada,mantequilla,,,,,
86afb06d-e16a-11ed-8b3b-a96d6180cd25,Bananos Calados,3,4 cucharadas de azuúcar morena o panela,4,4.0,,,cucharadas,azuúcar morena o panela,,,,,
86afb06d-e16a-11ed-8b3b-a96d6180cd25,Bananos Calados,4,1 cucharada de ralladura de naranja,1,1.0,,,cucharada,ralladura de naranja,,,,,
86afb06d-e16a-11ed-8b3b-a96d6180cd25,Bananos Calados,5,½ taza de jugo de naranja natural,½,0.5,,,taza,jugo de naranja natural,,,,,
86afb06d-e16a-11ed-8b3b-a96d6180cd25,Bananos Calados,6,2 cucharadas de agua,2,2.0,,,cucharadas,agua,,,,,
86afb06d-e16a-11ed-8b3b-a96d6180cd25,Bananos Calados,7,1 astilla de canela,1,1.0,,,,astilla de canela,,,,,
86afb06d-e16a-11ed-8b3b-a96d6180cd25,Bananos Calados,8,Helado de vainilla para servir,,,,,,Helado de vainilla para servir,,,,,
86afb06e-e16a-11ed-ae5d-a96d6180cd25,Plátanos Asados con Bocadillo y Queso,1,4 plátanos bien maduros,4,4.0,,,,plátanos bien maduros,,,,,
86afb06e-e16a-11ed-ae5d-a96d6180cd25,Plátanos Asados con Bocadillo y Queso,2,1 cucharada de mantequilla derretida,1,1.0,,,cucharada,mantequilla derretida,,,,,
86afb06e-e16a-11ed-ae5d-a96d6180cd25,Plátanos Asados con Bocadillo y Queso,3,4 rebanadas de bocadillo de guayaba,4,4.0,,,rebanadas,bocadillo de guayaba,,,,,
86afb06e-e16a-11ed-ae5d-a96d6180cd25,Plátanos Asados con Bocadillo y Queso,4,4 rebanadas de queso mozzarella o queso blanco,4,4.0,,,rebanadas,queso mozzarella o queso blanco,,,,,
86afb06f-e16a-11ed-a4bb-a96d6180cd25,Buñuelos de Plátano Maduro,1,3 plátanos grandes maduros,3,3.0,,,,plátanos grandes maduros,,,,,
86afb06f-e16a-11ed-a4bb-a96d6180cd25,Buñuelos de Plátano Maduro,2,⅓ taza de queso mozarella o blanco cortado en cubitos,⅓,0.3333333333,,,taza,queso mozarella o blanco cortado en cubitos,,,,,
86afb06f-e16a-11ed-a4bb-a96d6180cd25,Buñuelos de Plátano Maduro,3,⅓ de taza de pasta de guayaba cortada en cubitos,⅓,0.3333333333,,,,de taza de pasta de guayaba cortada en cubitos,,,,,
86afb06f-e16a-11ed-a4bb-a96d6180cd25,Buñuelos de Plátano Maduro,4,Aceite vegetal para freír,,,,,,Aceite vegetal para freír,,,,,
86afb06f-e16a-11ed-a4bb-a96d6180cd25,Buñuelos de Plátano Maduro,5,Azúcar para decorar opcional,,,,,,Azúcar para decorar opcional,,,,,
86afb070-e16a-11ed-9eef-a96d6180cd25,Arequipe Colombiano,1,96 oz de leche,96,96.0,,,,oz de leche,,,,,
86afb070-e16a-11ed-9eef-a96d6180cd25,Arequipe Colombiano,2,1 ½ libras de azúcar,1 ½,1.5,,,libras,azúcar,,,,,
86afb070-e16a-11ed-9eef-a96d6180cd25,Arequipe Colombiano,3,½ cucharadita de bicarbonato de soda,½,0.5,,,cucharadita,bicarbonato de soda,,,,,
86afb070-e16a-11ed-9eef-a96d6180cd25,Arequipe Colombiano,4,½ de cucharadita de sal,½,0.5,,,,de cucharadita de sal,,,,,
86afb070-e16a-11ed-9eef-a96d6180cd25,Arequipe Colombiano,5,1 astilla de canela,1,1.0,,,,astilla de canela,,,,,
86afb071-e16a-11ed-957d-a96d6180cd25,Torta Negra Colombiana,1,2 tazas de ciruelas pasas sin semilla,2,2.0,,,tazas,ciruelas pasas sin semilla,,,,,
86afb071-e16a-11ed-957d-a96d6180cd25,Torta Negra Colombiana,2,2 tazas de uvas pasas,2,2.0,,,tazas,uvas pasas,,,,,
86afb071-e16a-11ed-957d-a96d6180cd25,Torta Negra Colombiana,3,1 taza de vino de Oporto,1,1.0,,,taza,vino de Oporto,,,,,
86afb071-e16a-11ed-957d-a96d6180cd25,Torta Negra Colombiana,4,½ taza de ron oscuro,½,0.5,,,taza,ron oscuro,,,,,
86afb071-e16a-11ed-957d-a96d6180cd25,Torta Negra Colombiana,5,2 tazas de brevas caladas,2,2.0,,,tazas,brevas caladas,,,,,
86afb071-e16a-11ed-957d-a96d6180cd25,Torta Negra Colombiana,6,1 libra de mantequilla,1,1.0,,,libra,mantequilla,,,,,
86afb071-e16a-11ed-957d-a96d6180cd25,Torta Negra Colombiana,7,1 libra de azuúcar,1,1.0,,,libra,azuúcar,,,,,
86afb071-e16a-11ed-957d-a96d6180cd25,Torta Negra Colombiana,8,12 huevos grandes a temperatura ambiente,12,12.0,,,,huevos grandes a temperatura ambiente,,,,,
86afb071-e16a-11ed-957d-a96d6180cd25,Torta Negra Colombiana,9,1 libra de harina,1,1.0,,,libra,harina,,,,,
86afb071-e16a-11ed-957d-a96d6180cd25,Torta Negra Colombiana,10,1 cucharadita de polvo para hornear,1,1.0,,,cucharadita,polvo para hornear,,,,,
86afb071-e16a-11ed-957d-a96d6180cd25,Torta Negra Colombiana,11,1 cucharadita de canela molida,1,1.0,,,cucharadita,canela molida,,,,,
86afb071-e16a-11ed-957d-a96d6180cd25,Torta Negra Colombiana,12,½ cucharadita de nuez moscada molida,½,0.5,,,cucharadita,nuez moscada molida,,,,,
86afb071-e16a-11ed-957d-a96d6180cd25,Torta Negra Colombiana,13,Media cucharadita de clavo molido,,,,,,Media cucharadita de clavo molido,,,,,
86afb071-e16a-11ed-957d-a96d6180cd25,Torta Negra Colombiana,14,1 cucharada de extracto de vainilla,1,1.0,,,cucharada,extracto de vainilla,,,,,
86afb071-e16a-11ed-957d-a96d6180cd25,Torta Negra Colombiana,15,3 cucharadas de dulce quemado o melaza,3,3.0,,,cucharadas,dulce quemado o melaza,,,,,
86afb072-e16a-11ed-9441-a96d6180cd25,Torta de Tres Leches,1,2 tazas de harina,2,2.0,,,tazas,harina,,,,,
86afb072-e16a-11ed-9441-a96d6180cd25,Torta de Tres Leches,2,2 cucharaditas de polvo de hornear,2,2.0,,,cucharaditas,polvo de hornear,,,,,
86afb072-e16a-11ed-9441-a96d6180cd25,Torta de Tres Leches,3,1 taza de leche,1,1.0,,,taza,leche,,,,,
86afb072-e16a-11ed-9441-a96d6180cd25,Torta de Tres Leches,4,5 huevos,5,5.0,,,,huevos,,,,,
86afb072-e16a-11ed-9441-a96d6180cd25,Torta de Tres Leches,5,1 cucharadita extracto de vainilla,1,1.0,,,cucharadita,extracto de vainilla,,,,,
86afb072-e16a-11ed-9441-a96d6180cd25,Torta de Tres Leches,6,6 cucharadas de mantequilla,6,6.0,,,cucharadas,mantequilla,,,,,
86afb072-e16a-11ed-9441-a96d6180cd25,Torta de Tres Leches,7,2 tazas de azúcar,2,2.0,,,tazas,azúcar,,,,,
86afb072-e16a-11ed-9441-a96d6180cd25,Torta de Tres Leches,8,½ cucharadita de sal,½,0.5,,,cucharadita,sal,,,,,
86afb072-e16a-11ed-9441-a96d6180cd25,Torta de Tres Leches,9,1 lata de leche condensada,1,1.0,,,lata,leche condensada,,,,,
86afb072-e16a-11ed-9441-a96d6180cd25,Torta de Tres Leches,10,1 lata de leche evaporada,1,1.0,,,lata,leche evaporada,,,,,
86afb072-e16a-11ed-9441-a96d6180cd25,Torta de Tres Leches,11,1 taza de crema de leche,1,1.0,,,taza,crema de leche,,,,,
86afb072-e16a-11ed-9441-a96d6180cd25,Torta de Tres Leches,12,½ cucharadita de extracto de vainilla,½,0.5,,,cucharadita,extracto de vainilla,,,,,
86afb072-e16a-11ed-9441-a96d6180cd25,Torta de Tres Leches,13,2 claras de huevo,2,2.0,,,,claras de huevo,,,,,
86afb072-e16a-11ed-9441-a96d6180cd25,Torta de Tres Leches,14,½ cucharadita de cremor tártaro,½,0.5,,,cucharadita,cremor tártaro,,,,,
86afb072-e16a-11ed-9441-a96d6180cd25,Torta de Tres Leches,15,½ taza de azúcar,½,0.5,,,taza,azúcar,,,,,
86afb072-e16a-11ed-9441-a96d6180cd25,Torta de Tres Leches,16,¼ de taza de agua,¼,0.25,,,,de taza de agua,,,,,
86afb072-e16a-11ed-9441-a96d6180cd25,Torta de Tres Leches,17,¼ de taza de agua,¼,0.25,,,,de taza de agua,,,,,
86afb073-e16a-11ed-a023-a96d6180cd25,Pudín de Pan,1,12 rebanadas de pan cortadas en cubos,12,12.0,,,rebanadas,pan cortadas en cubos,,,,,
86afb073-e16a-11ed-a023-a96d6180cd25,Pudín de Pan,2,3 tazas de leche,3,3.0,,,tazas,leche,,,,,
86afb073-e16a-11ed-a023-a96d6180cd25,Pudín de Pan,3,1 lata 14 onzas de leche condensada,1,1.0,,,lata,14 onzas de leche condensada,,,,,
86afb073-e16a-11ed-a023-a96d6180cd25,Pudín de Pan,4,1 cucharada de extracto de vainilla,1,1.0,,,cucharada,extracto de vainilla,,,,,
86afb073-e16a-11ed-a023-a96d6180cd25,Pudín de Pan,5,4 huevos batidos,4,4.0,,,,huevos batidos,,,,,
86afb073-e16a-11ed-a023-a96d6180cd25,Pudín de Pan,6,½ cucharadita de canela en polvo,½,0.5,,,cucharadita,canela en polvo,,,,,
86afb073-e16a-11ed-a023-a96d6180cd25,Pudín de Pan,7,½ de taza de azuúcar,½,0.5,,,,de taza de azuúcar,,,,,
86afb075-e16a-11ed-ba94-a96d6180cd25,Flan de Leche,1,1 taza de azúcar,1,1.0,,,taza,azúcar,,,,,
86afb075-e16a-11ed-ba94-a96d6180cd25,Flan de Leche,2,¼ de taza de agua,¼,0.25,,,,de taza de agua,,,,,
86afb075-e16a-11ed-ba94-a96d6180cd25,Flan de Leche,3,5 huevos enteros,5,5.0,,,,huevos enteros,,,,,
86afb075-e16a-11ed-ba94-a96d6180cd25,Flan de Leche,4,2 yemas de huevo,2,2.0,,,,yemas de huevo,,,,,
86afb075-e16a-11ed-ba94-a96d6180cd25,Flan de Leche,5,1 lata de leche condensada,1,1.0,,,lata,leche condensada,,,,,
86afb075-e16a-11ed-ba94-a96d6180cd25,Flan de Leche,6,1 taza de leche entera,1,1.0,,,taza,leche entera,,,,,
86afb075-e16a-11ed-ba94-a96d6180cd25,Flan de Leche,7,1 taza de crema de leche,1,1.0,,,taza,crema de leche,,,,,
86afb075-e16a-11ed-ba94-a96d6180cd25,Flan de Leche,8,1 y ½ cucharada de azúcar,1,1.0,,,,y ½ cucharada de azúcar,,,,,
86afb075-e16a-11ed-ba94-a96d6180cd25,Flan de Leche,9,1 cucharada de extracto de vainilla,1,1.0,,,cucharada,extracto de vainilla,,,,,
86afb076-e16a-11ed-a7a7-a96d6180cd25,Arequipe de Coco,1,5 tazas de leche de coco enlatada,5,5.0,,,tazas,leche de coco enlatada,,,,,
86afb076-e16a-11ed-a7a7-a96d6180cd25,Arequipe de Coco,2,2 tazas de azúcar,2,2.0,,,tazas,azúcar,,,,,
86afb076-e16a-11ed-a7a7-a96d6180cd25,Arequipe de Coco,3,1 cucharadita de vainilla,1,1.0,,,cucharadita,vainilla,,,,,
86afb076-e16a-11ed-a7a7-a96d6180cd25,Arequipe de Coco,4,½ cucharadita de bicarbonato de sodio,½,0.5,,,cucharadita,bicarbonato de sodio,,,,,
86afb077-e16a-11ed-80d6-a96d6180cd25,Dulce de Uchuvas,1,1 taza de grosellas o uchuvas lavadas,1,1.0,,,taza,grosellas o uchuvas lavadas,,,,,
86afb077-e16a-11ed-80d6-a96d6180cd25,Dulce de Uchuvas,2,⅓ taza de agua,⅓,0.3333333333,,,taza,agua,,,,,
86afb077-e16a-11ed-80d6-a96d6180cd25,Dulce de Uchuvas,3,½ taza de azúcar,½,0.5,,,taza,azúcar,,,,,
86afb078-e16a-11ed-afce-a96d6180cd25,Tres Leches de Café,1,2 tazas de harina,2,2.0,,,tazas,harina,,,,,
86afb078-e16a-11ed-afce-a96d6180cd25,Tres Leches de Café,2,2 cucharaditas de polvo de hornear,2,2.0,,,cucharaditas,polvo de hornear,,,,,
86afb078-e16a-11ed-afce-a96d6180cd25,Tres Leches de Café,3,1 taza de leche,1,1.0,,,taza,leche,,,,,
86afb078-e16a-11ed-afce-a96d6180cd25,Tres Leches de Café,4,5 huevos,5,5.0,,,,huevos,,,,,
86afb078-e16a-11ed-afce-a96d6180cd25,Tres Leches de Café,5,Extracto de vainilla 1 cucharadita,,,,,,Extracto de vainilla 1 cucharadita,,,,,
86afb078-e16a-11ed-afce-a96d6180cd25,Tres Leches de Café,6,6 cucharadas de mantequilla,6,6.0,,,cucharadas,mantequilla,,,,,
86afb078-e16a-11ed-afce-a96d6180cd25,Tres Leches de Café,7,2 tazas de azúcar,2,2.0,,,tazas,azúcar,,,,,
86afb078-e16a-11ed-afce-a96d6180cd25,Tres Leches de Café,8,½ cucharadita de sal,½,0.5,,,cucharadita,sal,,,,,
86afb078-e16a-11ed-afce-a96d6180cd25,Tres Leches de Café,9,1 lata de leche condensada,1,1.0,,,lata,leche condensada,,,,,
86afb078-e16a-11ed-afce-a96d6180cd25,Tres Leches de Café,10,1 lata de leche evaporada,1,1.0,,,lata,leche evaporada,,,,,
86afb078-e16a-11ed-afce-a96d6180cd25,Tres Leches de Café,11,1 taza de crema de leche,1,1.0,,,taza,crema de leche,,,,,
86afb078-e16a-11ed-afce-a96d6180cd25,Tres Leches de Café,12,½ cucharadita de extracto de vainilla,½,0.5,,,cucharadita,extracto de vainilla,,,,,
86afb078-e16a-11ed-afce-a96d6180cd25,Tres Leches de Café,13,5 cucharadas de café o espresso muy fuerte,5,5.0,,,cucharadas,café o espresso muy fuerte,,,,,
86afb078-e16a-11ed-afce-a96d6180cd25,Tres Leches de Café,14,2 claras de huevo,2,2.0,,,,claras de huevo,,,,,
86afb078-e16a-11ed-afce-a96d6180cd25,Tres Leches de Café,15,½ cucharadita de cremor tártaro,½,0.5,,,cucharadita,cremor tártaro,,,,,
86afb078-e16a-11ed-afce-a96d6180cd25,Tres Leches de Café,16,½ taza de azúcar,½,0.5,,,taza,azúcar,,,,,
86afb078-e16a-11ed-afce-a96d6180cd25,Tres Leches de Café,17,¼ de taza de agua,¼,0.25,,,,de taza de agua,,,,,
86afb078-e16a-11ed-afce-a96d6180cd25,Tres Leches de Café,18,½ cucharadita extracto de vainilla,½,0.5,,,cucharadita,extracto de vainilla,,,,,
86afb079-e16a-11ed-a3c3-a96d6180cd25,Volcán de Chocolate y Dulce de Leche,1,½ taza de mantequilla y más para engrasar los moldes,½,0.5,,,taza,mantequilla y más para engrasar los moldes,,,,,
86afb079-e16a-11ed-a3c3-a96d6180cd25,Volcán de Chocolate y Dulce de Leche,2,5 oz de chocolate semi-dulce,5,5.0,,,,oz de chocolate semi-dulce,,,,,
86afb079-e16a-11ed-a3c3-a96d6180cd25,Volcán de Chocolate y Dulce de Leche,3,1 ½ tazas de azúcar,1 ½,1.5,,,tazas,azúcar,,,,,
86afb079-e16a-11ed-a3c3-a96d6180cd25,Volcán de Chocolate y Dulce de Leche,4,3 yemas de huevo,3,3.0,,,,yemas de huevo,,,,,
86afb079-e16a-11ed-a3c3-a96d6180cd25,Volcán de Chocolate y Dulce de Leche,5,3 huevos,3,3.0,,,,huevos,,,,,
86afb079-e16a-11ed-a3c3-a96d6180cd25,Volcán de Chocolate y Dulce de Leche,6,½ taza de harina para todo uso,½,0.5,,,taza,harina para todo uso,,,,,
86afb079-e16a-11ed-a3c3-a96d6180cd25,Volcán de Chocolate y Dulce de Leche,7,4 cucharadas de dulce de leche,4,4.0,,,cucharadas,dulce de leche,,,,,
86afb07a-e16a-11ed-a1fc-a96d6180cd25,Chicharrones de Guayaba,1,12 chicharrones,12,12.0,,,,chicharrones,,,,,
86afb07a-e16a-11ed-a1fc-a96d6180cd25,Chicharrones de Guayaba,2,"2 hojas 1 libra de hojaldre, descongelado",2,2.0,,,hojas,"1 libra de hojaldre, descongelado",,,,,
86afb07a-e16a-11ed-a1fc-a96d6180cd25,Chicharrones de Guayaba,3,12 rebanadas de pasta de guayaba bocadillo,12,12.0,,,rebanadas,pasta de guayaba bocadillo,,,,,
86afb07a-e16a-11ed-a1fc-a96d6180cd25,Chicharrones de Guayaba,4,1 huevo batido,1,1.0,,,,huevo batido,,,,,
86afb07a-e16a-11ed-a1fc-a96d6180cd25,Chicharrones de Guayaba,5,Azúcar para adornar,,,,,,Azúcar para adornar,,,,,
86afb07b-e16a-11ed-bcc0-a96d6180cd25,Arroz con Leche,1,1 taza de arroz blanco lavado,1,1.0,,,taza,arroz blanco lavado,,,,,
86afb07b-e16a-11ed-bcc0-a96d6180cd25,Arroz con Leche,2,4 astillas de canela,4,4.0,,,,astillas de canela,,,,,
86afb07b-e16a-11ed-bcc0-a96d6180cd25,Arroz con Leche,3,2 tazas de agua,2,2.0,,,tazas,agua,,,,,
86afb07b-e16a-11ed-bcc0-a96d6180cd25,Arroz con Leche,4,4 tazas de leche,4,4.0,,,tazas,leche,,,,,
86afb07b-e16a-11ed-bcc0-a96d6180cd25,Arroz con Leche,5,Una pizca de sal,,,,,,Una pizca de sal,,,,,
86afb07b-e16a-11ed-bcc0-a96d6180cd25,Arroz con Leche,6,2 cucharadas de mantequilla,2,2.0,,,cucharadas,mantequilla,,,,,
86afb07b-e16a-11ed-bcc0-a96d6180cd25,Arroz con Leche,7,1 ½ cucharadas de extracto de vainilla,1 ½,1.5,,,cucharadas,extracto de vainilla,,,,,
86afb07b-e16a-11ed-bcc0-a96d6180cd25,Arroz con Leche,8,1 ½ tazas de azúcar,1 ½,1.5,,,tazas,azúcar,,,,,
86afb07b-e16a-11ed-bcc0-a96d6180cd25,Arroz con Leche,9,1 12 onzas de leche condensada,1,1.0,,,,12 onzas de leche condensada,,,,,
86afb07c-e16a-11ed-9f35-a96d6180cd25,Dulce de Tomate de Arbol,1,12 to mates de árbol pelados,12,12.0,,,,to mates de árbol pelados,,,,,
86afb07c-e16a-11ed-9f35-a96d6180cd25,Dulce de Tomate de Arbol,2,2 palitos de canela,2,2.0,,,,palitos de canela,,,,,
86afb07c-e16a-11ed-9f35-a96d6180cd25,Dulce de Tomate de Arbol,3,½ taza de azúcar,½,0.5,,,taza,azúcar,,,,,
86afb07c-e16a-11ed-9f35-a96d6180cd25,Dulce de Tomate de Arbol,4,4 tazas de agua,4,4.0,,,tazas,agua,,,,,
86afb07d-e16a-11ed-ae37-a96d6180cd25,Masa Casera para Empanadas al Horno,1,2 ½ tazas de harina de trigo o para todo uso,2 ½,2.5,,,tazas,harina de trigo o para todo uso,,,,,
86afb07d-e16a-11ed-ae37-a96d6180cd25,Masa Casera para Empanadas al Horno,2,½ cucharadita de sal,½,0.5,,,cucharadita,sal,,,,,
86afb07d-e16a-11ed-ae37-a96d6180cd25,Masa Casera para Empanadas al Horno,3,"1 barra de mantequilla ¼, fría y cortada en trozos pequeños",1,1.0,,,,"barra de mantequilla ¼, fría y cortada en trozos pequeños",,,,,
86afb07d-e16a-11ed-ae37-a96d6180cd25,Masa Casera para Empanadas al Horno,4,1 huevo,1,1.0,,,,huevo,,,,,
86afb07d-e16a-11ed-ae37-a96d6180cd25,Masa Casera para Empanadas al Horno,5,¼ taza de agua fría helada,¼,0.25,,,taza,agua fría helada,,,,,
86afb07e-e16a-11ed-bb70-a96d6180cd25,Pudín de Pan de Coco con Salsa de Mango,1,12 rebanadas de pan blanco cortado en cubos,12,12.0,,,rebanadas,pan blanco cortado en cubos,,,,,
86afb07e-e16a-11ed-bb70-a96d6180cd25,Pudín de Pan de Coco con Salsa de Mango,2,3 tazas de leche de coco,3,3.0,,,tazas,leche de coco,,,,,
86afb07e-e16a-11ed-bb70-a96d6180cd25,Pudín de Pan de Coco con Salsa de Mango,3,1 lata 14 onzas de leche condensada,1,1.0,,,lata,14 onzas de leche condensada,,,,,
86afb07e-e16a-11ed-bb70-a96d6180cd25,Pudín de Pan de Coco con Salsa de Mango,4,1 cucharada de extracto de coco,1,1.0,,,cucharada,extracto de coco,,,,,
86afb07e-e16a-11ed-bb70-a96d6180cd25,Pudín de Pan de Coco con Salsa de Mango,5,4 huevos batidos,4,4.0,,,,huevos batidos,,,,,
86afb07e-e16a-11ed-bb70-a96d6180cd25,Pudín de Pan de Coco con Salsa de Mango,6,½ cucharadita de canela molida,½,0.5,,,cucharadita,canela molida,,,,,
86afb07e-e16a-11ed-bb70-a96d6180cd25,Pudín de Pan de Coco con Salsa de Mango,7,½ de taza de azuúcar,½,0.5,,,,de taza de azuúcar,,,,,
86afb07e-e16a-11ed-bb70-a96d6180cd25,Pudín de Pan de Coco con Salsa de Mango,8,3 mangos maduros pelados y cortados en cubitos,3,3.0,,,,mangos maduros pelados y cortados en cubitos,,,,,
86afb07e-e16a-11ed-bb70-a96d6180cd25,Pudín de Pan de Coco con Salsa de Mango,9,6 cucharadas de agua,6,6.0,,,cucharadas,agua,,,,,
86afb07e-e16a-11ed-bb70-a96d6180cd25,Pudín de Pan de Coco con Salsa de Mango,10,5 cucharada de azúcar,5,5.0,,,cucharada,azúcar,,,,,
86afb07e-e16a-11ed-bb70-a96d6180cd25,Pudín de Pan de Coco con Salsa de Mango,11,1 astilla de canela,1,1.0,,,,astilla de canela,,,,,
86afb07e-e16a-11ed-bb70-a96d6180cd25,Pudín de Pan de Coco con Salsa de Mango,12,1 cucharadita de jugo de limón,1,1.0,,,cucharadita,jugo de limón,,,,,
86afb07e-e16a-11ed-bb70-a96d6180cd25,Pudín de Pan de Coco con Salsa de Mango,13,Coco rallado para decorar,,,,,,Coco rallado para decorar,,,,,
86afb07f-e16a-11ed-8281-a96d6180cd25,Postre de Natas Colombiano,1,1 galón de leche entera prefereblimente organica,1,1.0,,,,galón de leche entera prefereblimente organica,,,,,
86afb07f-e16a-11ed-8281-a96d6180cd25,Postre de Natas Colombiano,2,2 tazas de azúcar o más si es necesario,2,2.0,,,tazas,azúcar o más si es necesario,,,,,
86afb07f-e16a-11ed-8281-a96d6180cd25,Postre de Natas Colombiano,3,4 yemas de huevo,4,4.0,,,,yemas de huevo,,,,,
86afb07f-e16a-11ed-8281-a96d6180cd25,Postre de Natas Colombiano,4,Pasas a su gusto,,,,,,Pasas a su gusto,,,,,
86afb07f-e16a-11ed-8281-a96d6180cd25,Postre de Natas Colombiano,5,Ron a su gusto,,,,,,Ron a su gusto,,,,,
86afb080-e16a-11ed-bcbe-a96d6180cd25,Dulce de Cascos de Limón,1,6 limones orgánicos lavados,6,6.0,,,,limones orgánicos lavados,,,,,
86afb080-e16a-11ed-bcbe-a96d6180cd25,Dulce de Cascos de Limón,2,2 tazas de azúcar,2,2.0,,,tazas,azúcar,,,,,
86afb080-e16a-11ed-bcbe-a96d6180cd25,Dulce de Cascos de Limón,3,3 tazas de agua,3,3.0,,,tazas,agua,,,,,
86afb081-e16a-11ed-8b96-a96d6180cd25,Dulce de Papaya,1,1 papaya mediana,1,1.0,,,,papaya mediana,,,,,
86afb081-e16a-11ed-8b96-a96d6180cd25,Dulce de Papaya,2,El jugo de 1 limón,,,,,,El jugo de 1 limón,,,,,
86afb081-e16a-11ed-8b96-a96d6180cd25,Dulce de Papaya,3,2 tazas de azúcar,2,2.0,,,tazas,azúcar,,,,,
86afb081-e16a-11ed-8b96-a96d6180cd25,Dulce de Papaya,4,3 tazas de agua,3,3.0,,,tazas,agua,,,,,
86afb082-e16a-11ed-971f-a96d6180cd25,Roscón de Bocadillo o Guayaba Colombiano,1,2 y ¼ cucharaditas de levadura,2,2.0,,,,y ¼ cucharaditas de levadura,,,,,
86afb082-e16a-11ed-971f-a96d6180cd25,Roscón de Bocadillo o Guayaba Colombiano,2,7 oz. más 4 cucharadas de agua tibia,7,7.0,,,,oz. más 4 cucharadas de agua tibia,,,,,
86afb082-e16a-11ed-971f-a96d6180cd25,Roscón de Bocadillo o Guayaba Colombiano,3,4 tazas de harina de trigo para todo uso,4,4.0,,,tazas,harina de trigo para todo uso,,,,,
86afb082-e16a-11ed-971f-a96d6180cd25,Roscón de Bocadillo o Guayaba Colombiano,4,1 cucharadita de sal,1,1.0,,,cucharadita,sal,,,,,
86afb082-e16a-11ed-971f-a96d6180cd25,Roscón de Bocadillo o Guayaba Colombiano,5,½ taza de azúcar un poco más para adornar,½,0.5,,,taza,azúcar un poco más para adornar,,,,,
86afb082-e16a-11ed-971f-a96d6180cd25,Roscón de Bocadillo o Guayaba Colombiano,6,½ taza de mantequilla sin sal derretida,½,0.5,,,taza,mantequilla sin sal derretida,,,,,
86afb082-e16a-11ed-971f-a96d6180cd25,Roscón de Bocadillo o Guayaba Colombiano,7,1 cucharada de extracto de vainilla,1,1.0,,,cucharada,extracto de vainilla,,,,,
86afb082-e16a-11ed-971f-a96d6180cd25,Roscón de Bocadillo o Guayaba Colombiano,8,2 huevos grandes a temperatura ambiente,2,2.0,,,,huevos grandes a temperatura ambiente,,,,,
86afb082-e16a-11ed-971f-a96d6180cd25,Roscón de Bocadillo o Guayaba Colombiano,9,1 huevo batido para el esmalte,1,1.0,,,,huevo batido para el esmalte,,,,,
86afb082-e16a-11ed-971f-a96d6180cd25,Roscón de Bocadillo o Guayaba Colombiano,10,2 cucharadas de mantequilla derretida para el glaseado,2,2.0,,,cucharadas,mantequilla derretida para el glaseado,,,,,
86afb082-e16a-11ed-971f-a96d6180cd25,Roscón de Bocadillo o Guayaba Colombiano,11,2 tazas de cubos o rebanadas de pasta de guayaba o bocadillo,2,2.0,,,tazas,cubos o rebanadas de pasta de guayaba o bocadillo,,,,,
86afb083-e16a-11ed-b330-a96d6180cd25,Brazo de Reina,1,4 huevos separados,4,4.0,,,,huevos separados,,,,,
86afb083-e16a-11ed-b330-a96d6180cd25,Brazo de Reina,2,½ taza de azúcar + 2 cucharadas,½,0.5,,,taza,azúcar + 2 cucharadas,,,,,
86afb083-e16a-11ed-b330-a96d6180cd25,Brazo de Reina,3,1 cucahradita de extracto de vainilla,1,1.0,,,,cucahradita de extracto de vainilla,,,,,
86afb083-e16a-11ed-b330-a96d6180cd25,Brazo de Reina,4,½ taza de harina tamizada,½,0.5,,,taza,harina tamizada,,,,,
86afb083-e16a-11ed-b330-a96d6180cd25,Brazo de Reina,5,½ cucharadita de polvo de hornear,½,0.5,,,cucharadita,polvo de hornear,,,,,
86afb083-e16a-11ed-b330-a96d6180cd25,Brazo de Reina,6,Para el relleno,,,,,,Para el relleno,,,,,
86afb083-e16a-11ed-b330-a96d6180cd25,Brazo de Reina,7,2 tazas de crema de leche fría,2,2.0,,,tazas,crema de leche fría,,,,,
86afb083-e16a-11ed-b330-a96d6180cd25,Brazo de Reina,8,6 cucharadas de azúcar en polvo,6,6.0,,,cucharadas,azúcar en polvo,,,,,
86afb083-e16a-11ed-b330-a96d6180cd25,Brazo de Reina,9,1 cucharadita de extracto de vainilla,1,1.0,,,cucharadita,extracto de vainilla,,,,,
86afb083-e16a-11ed-b330-a96d6180cd25,Brazo de Reina,10,3 tazas de fresas cortadas en cubitos,3,3.0,,,tazas,fresas cortadas en cubitos,,,,,
86afb084-e16a-11ed-be06-a96d6180cd25,Mantecada,1,1 ½ tazas de harina de maíz,1 ½,1.5,,,tazas,harina de maíz,,,,,
86afb084-e16a-11ed-be06-a96d6180cd25,Mantecada,2,½ taza de harina de trigo,½,0.5,,,taza,harina de trigo,,,,,
86afb084-e16a-11ed-be06-a96d6180cd25,Mantecada,3,1 cucharadita de polvo de hornear,1,1.0,,,cucharadita,polvo de hornear,,,,,
86afb084-e16a-11ed-be06-a96d6180cd25,Mantecada,4,2 barras de mantequilla sin sal,2,2.0,,,,barras de mantequilla sin sal,,,,,
86afb084-e16a-11ed-be06-a96d6180cd25,Mantecada,5,1 taza de azúcar,1,1.0,,,taza,azúcar,,,,,
86afb084-e16a-11ed-be06-a96d6180cd25,Mantecada,6,5 huevos grandes,5,5.0,,,,huevos grandes,,,,,
86afb084-e16a-11ed-be06-a96d6180cd25,Mantecada,7,1 cucharadita de extracto de vainilla,1,1.0,,,cucharadita,extracto de vainilla,,,,,
86afb084-e16a-11ed-be06-a96d6180cd25,Mantecada,8,1 cucharada de leche ron o aguardiente,1,1.0,,,cucharada,leche ron o aguardiente,,,,,
86afb085-e16a-11ed-9a9c-a96d6180cd25,Panderos Colombianos,1,1 + ½ tazas almidón de yuca,1,1.0,,,,+ ½ tazas almidón de yuca,,,,,
86afb085-e16a-11ed-9a9c-a96d6180cd25,Panderos Colombianos,2,6 cucharadas de azúcar,6,6.0,,,cucharadas,azúcar,,,,,
86afb085-e16a-11ed-9a9c-a96d6180cd25,Panderos Colombianos,3,2 cucharadas de azúcar morena,2,2.0,,,cucharadas,azúcar morena,,,,,
86afb085-e16a-11ed-9a9c-a96d6180cd25,Panderos Colombianos,4,1 cucharadita de polvo para hornear,1,1.0,,,cucharadita,polvo para hornear,,,,,
86afb085-e16a-11ed-9a9c-a96d6180cd25,Panderos Colombianos,5,Una pizca de sal,,,,,,Una pizca de sal,,,,,
86afb085-e16a-11ed-9a9c-a96d6180cd25,Panderos Colombianos,6,¼ taza de mantequilla a temperatura ambiente,¼,0.25,,,taza,mantequilla a temperatura ambiente,,,,,
86afb085-e16a-11ed-9a9c-a96d6180cd25,Panderos Colombianos,7,1 huevo grande a temperatura ambiente,1,1.0,,,,huevo grande a temperatura ambiente,,,,,
86afb085-e16a-11ed-9a9c-a96d6180cd25,Panderos Colombianos,8,1 cucharada de aguardiente o 1 cucharadita de extracto de anís,1,1.0,,,cucharada,aguardiente o 1 cucharadita de extracto de anís,,,,,
86afb086-e16a-11ed-8d3e-a96d6180cd25,Cocadas Blancas,1,2 ½ tazas de coco rallado fresco o comprado,2 ½,2.5,,,tazas,coco rallado fresco o comprado,,,,,
86afb086-e16a-11ed-8d3e-a96d6180cd25,Cocadas Blancas,2,¾ taza de azúcar,¾,0.75,,,taza,azúcar,,,,,
86afb086-e16a-11ed-8d3e-a96d6180cd25,Cocadas Blancas,3,1 ½ tazas de agua de coco,1 ½,1.5,,,tazas,agua de coco,,,,,
86afb086-e16a-11ed-8d3e-a96d6180cd25,Cocadas Blancas,4,¼ taza de leche entera,¼,0.25,,,taza,leche entera,,,,,
86afb086-e16a-11ed-8d3e-a96d6180cd25,Cocadas Blancas,5,Una pizca de canela en polvo,,,,,,Una pizca de canela en polvo,,,,,
86afb087-e16a-11ed-8cc7-a96d6180cd25,Merengón de Fresas,1,5 claras de huevos grandes a temperatura ambiente,5,5.0,,,,claras de huevos grandes a temperatura ambiente,,,,,
86afb087-e16a-11ed-8cc7-a96d6180cd25,Merengón de Fresas,2,11/2 tazas de taza de azúcar granulada,11/2,5.5,,,tazas,taza de azúcar granulada,,,,,
86afb087-e16a-11ed-8cc7-a96d6180cd25,Merengón de Fresas,3,½ cucharada de jugo de limón,½,0.5,,,cucharada,jugo de limón,,,,,
86afb087-e16a-11ed-8cc7-a96d6180cd25,Merengón de Fresas,4,1 cucharadita de extracto de vainilla,1,1.0,,,cucharadita,extracto de vainilla,,,,,
86afb087-e16a-11ed-8cc7-a96d6180cd25,Merengón de Fresas,5,3 tazas de fresas frescas en rodajas,3,3.0,,,tazas,fresas frescas en rodajas,,,,,
86afb087-e16a-11ed-8cc7-a96d6180cd25,Merengón de Fresas,6,¼ taza de azuúcar,¼,0.25,,,taza,azuúcar,,,,,
86afb087-e16a-11ed-8cc7-a96d6180cd25,Merengón de Fresas,7,1 taza de crema de leche,1,1.0,,,taza,crema de leche,,,,,
86afb087-e16a-11ed-8cc7-a96d6180cd25,Merengón de Fresas,8,1 cucharaditas de extracto de vainilla,1,1.0,,,cucharaditas,extracto de vainilla,,,,,
86afb087-e16a-11ed-8cc7-a96d6180cd25,Merengón de Fresas,9,2 cucharadas de azúcar en polvo,2,2.0,,,cucharadas,azúcar en polvo,,,,,
86afb088-e16a-11ed-bb6f-a96d6180cd25,Cholado Colombiano,1,Hielo,,,,,,Hielo,,,,,
86afb088-e16a-11ed-bb6f-a96d6180cd25,Cholado Colombiano,2,1 taza de fresas cortadas en cubitos,1,1.0,,,taza,fresas cortadas en cubitos,,,,,
86afb088-e16a-11ed-bb6f-a96d6180cd25,Cholado Colombiano,3,1 taza de rebanadas de banano,1,1.0,,,taza,rebanadas de banano,,,,,
86afb088-e16a-11ed-bb6f-a96d6180cd25,Cholado Colombiano,4,1 taza de cubitos de piña fresca,1,1.0,,,taza,cubitos de piña fresca,,,,,
86afb088-e16a-11ed-bb6f-a96d6180cd25,Cholado Colombiano,5,1 taza de mango cortado en cubitos,1,1.0,,,taza,mango cortado en cubitos,,,,,
86afb088-e16a-11ed-bb6f-a96d6180cd25,Cholado Colombiano,6,Leche condensada a tu gusto,,,,,,Leche condensada a tu gusto,,,,,
86afb088-e16a-11ed-bb6f-a96d6180cd25,Cholado Colombiano,7,1 taza de coco rallado,1,1.0,,,taza,coco rallado,,,,,
86afb088-e16a-11ed-bb6f-a96d6180cd25,Cholado Colombiano,8,Cerezas para decorar,,,,,,Cerezas para decorar,,,,,
86afb088-e16a-11ed-bb6f-a96d6180cd25,Cholado Colombiano,9,Pitillo y cuchara para servir,,,,,,Pitillo y cuchara para servir,,,,,
86afb088-e16a-11ed-bb6f-a96d6180cd25,Cholado Colombiano,10,2 tazas de pulpa de maracuyá,2,2.0,,,tazas,pulpa de maracuyá,,,,,
86afb088-e16a-11ed-bb6f-a96d6180cd25,Cholado Colombiano,11,½ taza de agua,½,0.5,,,taza,agua,,,,,
86afb088-e16a-11ed-bb6f-a96d6180cd25,Cholado Colombiano,12,¾ taza de azúcar,¾,0.75,,,taza,azúcar,,,,,
86afb088-e16a-11ed-bb6f-a96d6180cd25,Cholado Colombiano,13,2 tazas de pulpa mora,2,2.0,,,tazas,pulpa mora,,,,,
86afb088-e16a-11ed-bb6f-a96d6180cd25,Cholado Colombiano,14,½ taza de agua,½,0.5,,,taza,agua,,,,,
86afb088-e16a-11ed-bb6f-a96d6180cd25,Cholado Colombiano,15,¾ taza taza de azúcar,¾,0.75,,,taza,taza de azúcar,,,,,
86afb089-e16a-11ed-8f0f-a96d6180cd25,Cocadas de Lechera,1,Aceite en aerosol para preparar el pan,,,,,,Aceite en aerosol para preparar el pan,,,,,
86afb089-e16a-11ed-8f0f-a96d6180cd25,Cocadas de Lechera,2,1 lata 14 onzas de leche condensada,1,1.0,,,lata,14 onzas de leche condensada,,,,,
86afb089-e16a-11ed-8f0f-a96d6180cd25,Cocadas de Lechera,3,5 tazas de coco rallado,5,5.0,,,tazas,coco rallado,,,,,
86afb08a-e16a-11ed-be71-a96d6180cd25,Cocadas de Arequipe o Dulce de Leche,1,Aceite en aerosol,,,,,,Aceite en aerosol,,,,,
86afb08a-e16a-11ed-be71-a96d6180cd25,Cocadas de Arequipe o Dulce de Leche,2,5 tazas de coco rallado,5,5.0,,,tazas,coco rallado,,,,,
86afb08a-e16a-11ed-be71-a96d6180cd25,Cocadas de Arequipe o Dulce de Leche,3,1 taza de arequipe o dulce de leche,1,1.0,,,taza,arequipe o dulce de leche,,,,,
86afb08b-e16a-11ed-ad5e-a96d6180cd25,Dulce de Brevas o Brevas Caladas,1,24 brevas o higos frescos y firmes,24,24.0,,,,brevas o higos frescos y firmes,,,,,
86afb08b-e16a-11ed-ad5e-a96d6180cd25,Dulce de Brevas o Brevas Caladas,2,El jugo de 1 limón,,,,,,El jugo de 1 limón,,,,,
86afb08b-e16a-11ed-ad5e-a96d6180cd25,Dulce de Brevas o Brevas Caladas,3,1 libra de panela,1,1.0,,,libra,panela,,,,,
86afb08b-e16a-11ed-ad5e-a96d6180cd25,Dulce de Brevas o Brevas Caladas,4,2 ramas de canela,2,2.0,,,,ramas de canela,,,,,
86afb08b-e16a-11ed-ad5e-a96d6180cd25,Dulce de Brevas o Brevas Caladas,5,Agua,,,,,,Agua,,,,,
86afb08c-e16a-11ed-bc2e-a96d6180cd25,Fresas con Crema,1,3 tazas de fresas frescas lavadas y cortadas por la mitad,3,3.0,,,tazas,fresas frescas lavadas y cortadas por la mitad,,,,,
86afb08c-e16a-11ed-bc2e-a96d6180cd25,Fresas con Crema,2,¼ cucharadita de extracto de vainilla,¼,0.25,,,cucharadita,extracto de vainilla,,,,,
86afb08c-e16a-11ed-bc2e-a96d6180cd25,Fresas con Crema,3,3 cucharadas de azúcar o al gusto,3,3.0,,,cucharadas,azúcar o al gusto,,,,,
86afb08c-e16a-11ed-bc2e-a96d6180cd25,Fresas con Crema,4,3 tazas de crema de leche,3,3.0,,,tazas,crema de leche,,,,,
86afb08c-e16a-11ed-bc2e-a96d6180cd25,Fresas con Crema,5,Leche condensada opcional,,,,,,Leche condensada opcional,,,,,
86afb08e-e16a-11ed-8cc9-a96d6180cd25,Enyucado Colombiano,1,3 tazas de yuca rallada,3,3.0,,,tazas,yuca rallada,,,,,
86afb08e-e16a-11ed-8cc9-a96d6180cd25,Enyucado Colombiano,2,1 y ½ tazas de queso rallado,1,1.0,,,,y ½ tazas de queso rallado,,,,,
86afb08e-e16a-11ed-8cc9-a96d6180cd25,Enyucado Colombiano,3,1 taza de azuúcar,1,1.0,,,taza,azuúcar,,,,,
86afb08e-e16a-11ed-8cc9-a96d6180cd25,Enyucado Colombiano,4,1 cucharada de mantequilla derretida,1,1.0,,,cucharada,mantequilla derretida,,,,,
86afb08e-e16a-11ed-8cc9-a96d6180cd25,Enyucado Colombiano,5,¾ de taza de coco rallado,¾,0.75,,,,de taza de coco rallado,,,,,
86afb08e-e16a-11ed-8cc9-a96d6180cd25,Enyucado Colombiano,6,1 taza de Leche de coco,1,1.0,,,taza,Leche de coco,,,,,
86afb08e-e16a-11ed-8cc9-a96d6180cd25,Enyucado Colombiano,7,1 cucharadita de anís molido,1,1.0,,,cucharadita,anís molido,,,,,
86afb08f-e16a-11ed-b8a0-a96d6180cd25,Arepas de Queso,1,1 taza de harina de arepa blanca o amarilla,1,1.0,,,taza,harina de arepa blanca o amarilla,,,,,
86afb08f-e16a-11ed-b8a0-a96d6180cd25,Arepas de Queso,2,1 taza de agua tibia,1,1.0,,,taza,agua tibia,,,,,
86afb08f-e16a-11ed-b8a0-a96d6180cd25,Arepas de Queso,3,⅓ taza de queso mozzarella o queso blanco rallado,⅓,0.3333333333,,,taza,queso mozzarella o queso blanco rallado,,,,,
86afb08f-e16a-11ed-b8a0-a96d6180cd25,Arepas de Queso,4,2 cucharadas de mantequilla,2,2.0,,,cucharadas,mantequilla,,,,,
86afb08f-e16a-11ed-b8a0-a96d6180cd25,Arepas de Queso,5,Sal,,,,,,Sal,,,,,
86afb090-e16a-11ed-ae5e-a96d6180cd25,Huevos Pericos,1,8 huevos,8,8.0,,,,huevos,,,,,
86afb090-e16a-11ed-ae5e-a96d6180cd25,Huevos Pericos,2,2 tomates medianos finamente picados,2,2.0,,,,tomates medianos finamente picados,,,,,
86afb090-e16a-11ed-ae5e-a96d6180cd25,Huevos Pericos,3,2 cucharadas de aceite o mantequilla,2,2.0,,,cucharadas,aceite o mantequilla,,,,,
86afb090-e16a-11ed-ae5e-a96d6180cd25,Huevos Pericos,4,2 tallos de cebolla larga picada,2,2.0,,,,tallos de cebolla larga picada,,,,,
86afb090-e16a-11ed-ae5e-a96d6180cd25,Huevos Pericos,5,Sal al gusto,,,,,,Sal al gusto,,,,,
86afb091-e16a-11ed-8518-a96d6180cd25,Arepa de Huevo,1,1 taza de harina de maíz Masarepa,1,1.0,,,taza,harina de maíz Masarepa,,,,,
86afb091-e16a-11ed-8518-a96d6180cd25,Arepa de Huevo,2,½ cucharadita de sal,½,0.5,,,cucharadita,sal,,,,,
86afb091-e16a-11ed-8518-a96d6180cd25,Arepa de Huevo,3,½ cucharadita de azúcar,½,0.5,,,cucharadita,azúcar,,,,,
86afb091-e16a-11ed-8518-a96d6180cd25,Arepa de Huevo,4,1 taza de agua tibia,1,1.0,,,taza,agua tibia,,,,,
86afb091-e16a-11ed-8518-a96d6180cd25,Arepa de Huevo,5,Aceite vegetal para freír,,,,,,Aceite vegetal para freír,,,,,
86afb091-e16a-11ed-8518-a96d6180cd25,Arepa de Huevo,6,4 huevos,4,4.0,,,,huevos,,,,,
86afb092-e16a-11ed-b068-a96d6180cd25,Colada de Maizena,1,¼ taza de maizena almidón de maíz,¼,0.25,,,taza,maizena almidón de maíz,,,,,
86afb092-e16a-11ed-b068-a96d6180cd25,Colada de Maizena,2,5 tazas de leche entera,5,5.0,,,tazas,leche entera,,,,,
86afb092-e16a-11ed-b068-a96d6180cd25,Colada de Maizena,3,⅓ taza de azúcar,⅓,0.3333333333,,,taza,azúcar,,,,,
86afb092-e16a-11ed-b068-a96d6180cd25,Colada de Maizena,4,1 ramita de canela,1,1.0,,,ramita,canela,,,,,
86afb092-e16a-11ed-b068-a96d6180cd25,Colada de Maizena,5,Semillas de vainilla o esencia,,,,,,Semillas de vainilla o esencia,,,,,
86afb093-e16a-11ed-be85-a96d6180cd25,Changua,1,4 tazas de leche,4,4.0,,,tazas,leche,,,,,
86afb093-e16a-11ed-be85-a96d6180cd25,Changua,2,2 tazas de agua,2,2.0,,,tazas,agua,,,,,
86afb093-e16a-11ed-be85-a96d6180cd25,Changua,3,4 huevos,4,4.0,,,,huevos,,,,,
86afb093-e16a-11ed-be85-a96d6180cd25,Changua,4,½ taza de cilantro fresco picado y más para servir,½,0.5,,,taza,cilantro fresco picado y más para servir,,,,,
86afb093-e16a-11ed-be85-a96d6180cd25,Changua,5,3 cebollas largas picadas,3,3.0,,,,cebollas largas picadas,,,,,
86afb093-e16a-11ed-be85-a96d6180cd25,Changua,6,Sal y pimienta,,,,,,Sal y pimienta,,,,,
86afb093-e16a-11ed-be85-a96d6180cd25,Changua,7,Pan con mantequilla para servir,,,,,,Pan con mantequilla para servir,,,,,
86afb094-e16a-11ed-adc7-a96d6180cd25,Carimañolas,1,1 ½ libra de yuca congelada o fresca,1 ½,1.5,,,libra,yuca congelada o fresca,,,,,
86afb094-e16a-11ed-adc7-a96d6180cd25,Carimañolas,2,Sal,,,,,,Sal,,,,,
86afb094-e16a-11ed-adc7-a96d6180cd25,Carimañolas,3,Aceite vegetal para freír,,,,,,Aceite vegetal para freír,,,,,
86afb094-e16a-11ed-adc7-a96d6180cd25,Carimañolas,4,1 taza de queso mozzarella cortado en cubitos,1,1.0,,,taza,queso mozzarella cortado en cubitos,,,,,
86afb094-e16a-11ed-adc7-a96d6180cd25,Carimañolas,5,2 cucharadas de aceite vegetal,2,2.0,,,cucharadas,aceite vegetal,,,,,
86afb094-e16a-11ed-adc7-a96d6180cd25,Carimañolas,6,1 diente de ajo picado,1,1.0,,,diente,ajo picado,,,,,
86afb094-e16a-11ed-adc7-a96d6180cd25,Carimañolas,7,¼ de taza de pimentón rojo picado,¼,0.25,,,,de taza de pimentón rojo picado,,,,,
86afb094-e16a-11ed-adc7-a96d6180cd25,Carimañolas,8,½ taza de cebolla picada,½,0.5,,,taza,cebolla picada,,,,,
86afb094-e16a-11ed-adc7-a96d6180cd25,Carimañolas,9,1 cebolla verde picada,1,1.0,,,,cebolla verde picada,,,,,
86afb094-e16a-11ed-adc7-a96d6180cd25,Carimañolas,10,Sal y pimienta al gusto,,,,,,Sal y pimienta al gusto,,,,,
86afb094-e16a-11ed-adc7-a96d6180cd25,Carimañolas,11,½ cucharadita de comino molido,½,0.5,,,cucharadita,comino molido,,,,,
86afb094-e16a-11ed-adc7-a96d6180cd25,Carimañolas,12,1 cucharada de pasta de tomate,1,1.0,,,cucharada,pasta de tomate,,,,,
86afb094-e16a-11ed-adc7-a96d6180cd25,Carimañolas,13,½ libra de carne de res molida,½,0.5,,,libra,carne de res molida,,,,,
86afb095-e16a-11ed-8c06-a96d6180cd25,Pandebonos Colombianos,1,⅔ taza de almidón de yuca o harina de yuca,⅔,0.6666666667,,,taza,almidón de yuca o harina de yuca,,,,,
86afb095-e16a-11ed-8c06-a96d6180cd25,Pandebonos Colombianos,2,¼ taza de harina de maíz precocida o Masarepa,¼,0.25,,,taza,harina de maíz precocida o Masarepa,,,,,
86afb095-e16a-11ed-8c06-a96d6180cd25,Pandebonos Colombianos,3,1 taza de queso freso mexicano o quesito colombiano,1,1.0,,,taza,queso freso mexicano o quesito colombiano,,,,,
86afb095-e16a-11ed-8c06-a96d6180cd25,Pandebonos Colombianos,4,1 ¼ tazas de queso costeño o queso Feta,1 ¼,1.25,,,tazas,queso costeño o queso Feta,,,,,
86afb095-e16a-11ed-8c06-a96d6180cd25,Pandebonos Colombianos,5,1 huevo grande,1,1.0,,,,huevo grande,,,,,
86afb096-e16a-11ed-b7f3-a96d6180cd25,Quesito Colombiano,1,1 galón de leche entera,1,1.0,,,,galón de leche entera,,,,,
86afb096-e16a-11ed-b7f3-a96d6180cd25,Quesito Colombiano,2,½ taza de vinagre blanco,½,0.5,,,taza,vinagre blanco,,,,,
86afb096-e16a-11ed-b7f3-a96d6180cd25,Quesito Colombiano,3,Sal a su gusto,,,,,,Sal a su gusto,,,,,
86afb096-e16a-11ed-b7f3-a96d6180cd25,Quesito Colombiano,4,Pin,,,,,,Pin,,,,,
86afb097-e16a-11ed-b8a1-a96d6180cd25,Jugo de Sandía o Patilla,1,5 tazas de sandía pelada y cortada en trozos,5,5.0,,,tazas,sandía pelada y cortada en trozos,,,,,
86afb097-e16a-11ed-b8a1-a96d6180cd25,Jugo de Sandía o Patilla,2,1 taza de hielo triturado,1,1.0,,,taza,hielo triturado,,,,,
86afb097-e16a-11ed-b8a1-a96d6180cd25,Jugo de Sandía o Patilla,3,½ de taza de agua helada,½,0.5,,,,de taza de agua helada,,,,,
86afb097-e16a-11ed-b8a1-a96d6180cd25,Jugo de Sandía o Patilla,4,2 cucharadas de azúcar,2,2.0,,,cucharadas,azúcar,,,,,
86afb098-e16a-11ed-9bf6-a96d6180cd25,Arepas Rellenas de Queso,1,2 tazas de harina de maíz precocida Masarepa,2,2.0,,,tazas,harina de maíz precocida Masarepa,,,,,
86afb098-e16a-11ed-9bf6-a96d6180cd25,Arepas Rellenas de Queso,2,2 tazas de agua caliente,2,2.0,,,tazas,agua caliente,,,,,
86afb098-e16a-11ed-9bf6-a96d6180cd25,Arepas Rellenas de Queso,3,½ de cucharadita de sal,½,0.5,,,,de cucharadita de sal,,,,,
86afb098-e16a-11ed-9bf6-a96d6180cd25,Arepas Rellenas de Queso,4,2 cucharadas de mantequilla,2,2.0,,,cucharadas,mantequilla,,,,,
86afb098-e16a-11ed-9bf6-a96d6180cd25,Arepas Rellenas de Queso,5,12 rebanadas de queso mozzarella,12,12.0,,,rebanadas,queso mozzarella,,,,,
86afb099-e16a-11ed-b41a-a96d6180cd25,Arepa con Atún y Camarones,1,4 arepas cocidas,4,4.0,,,,arepas cocidas,,,,,
86afb099-e16a-11ed-b41a-a96d6180cd25,Arepa con Atún y Camarones,2,2 latas de atún,2,2.0,,,latas,atún,,,,,
86afb099-e16a-11ed-b41a-a96d6180cd25,Arepa con Atún y Camarones,3,½ taza de mayonesa,½,0.5,,,taza,mayonesa,,,,,
86afb099-e16a-11ed-b41a-a96d6180cd25,Arepa con Atún y Camarones,4,¼ taza de cebolla picada,¼,0.25,,,taza,cebolla picada,,,,,
86afb099-e16a-11ed-b41a-a96d6180cd25,Arepa con Atún y Camarones,5,2 cucharadas de perejil picado,2,2.0,,,cucharadas,perejil picado,,,,,
86afb099-e16a-11ed-b41a-a96d6180cd25,Arepa con Atún y Camarones,6,2 cucharadas de jugo de limón,2,2.0,,,cucharadas,jugo de limón,,,,,
86afb099-e16a-11ed-b41a-a96d6180cd25,Arepa con Atún y Camarones,7,Sal y pimienta,,,,,,Sal y pimienta,,,,,
86afb099-e16a-11ed-b41a-a96d6180cd25,Arepa con Atún y Camarones,8,16 camarones cocidos,16,16.0,,,,camarones cocidos,,,,,
86afb099-e16a-11ed-b41a-a96d6180cd25,Arepa con Atún y Camarones,9,¾ taza de mayonesa,¾,0.75,,,taza,mayonesa,,,,,
86afb099-e16a-11ed-b41a-a96d6180cd25,Arepa con Atún y Camarones,10,3 cucharadas de salsa de tomate,3,3.0,,,cucharadas,salsa de tomate,,,,,
86afb099-e16a-11ed-b41a-a96d6180cd25,Arepa con Atún y Camarones,11,½ cucharadita de salsa picante,½,0.5,,,cucharadita,salsa picante,,,,,
86afb099-e16a-11ed-b41a-a96d6180cd25,Arepa con Atún y Camarones,12,1 cucharada de cebolla picada,1,1.0,,,cucharada,cebolla picada,,,,,
86afb099-e16a-11ed-b41a-a96d6180cd25,Arepa con Atún y Camarones,13,3 cucharadas de cilantro picado,3,3.0,,,cucharadas,cilantro picado,,,,,
86afb099-e16a-11ed-b41a-a96d6180cd25,Arepa con Atún y Camarones,14,Sal y pimienta,,,,,,Sal y pimienta,,,,,
86afb099-e16a-11ed-b41a-a96d6180cd25,Arepa con Atún y Camarones,15,Jugo de ½ lima,,,,,,Jugo de ½ lima,,,,,
86afb099-e16a-11ed-b41a-a96d6180cd25,Arepa con Atún y Camarones,16,Cebolla y cilantro rojos picados para adornar,,,,,,Cebolla y cilantro rojos picados para adornar,,,,,
86afb09a-e16a-11ed-ad9f-a96d6180cd25,Arepa con Carne Asada,1,4 arepas cocinadas,4,4.0,,,,arepas cocinadas,,,,,
86afb09a-e16a-11ed-ad9f-a96d6180cd25,Arepa con Carne Asada,2,2 libras de carne de falda de carne cortada en porciones iguales,2,2.0,,,libras,carne de falda de carne cortada en porciones iguales,,,,,
86afb09a-e16a-11ed-ad9f-a96d6180cd25,Arepa con Carne Asada,3,½ taza de cebolla picada finamente,½,0.5,,,taza,cebolla picada finamente,,,,,
86afb09a-e16a-11ed-ad9f-a96d6180cd25,Arepa con Carne Asada,4,4 dientes de ajo picados,4,4.0,,,dientes,ajo picados,,,,,
86afb09a-e16a-11ed-ad9f-a96d6180cd25,Arepa con Carne Asada,5,2 cebollas largas finamente picadas,2,2.0,,,,cebollas largas finamente picadas,,,,,
86afb09a-e16a-11ed-ad9f-a96d6180cd25,Arepa con Carne Asada,6,1 cucharadita de comino molido,1,1.0,,,cucharadita,comino molido,,,,,
86afb09a-e16a-11ed-ad9f-a96d6180cd25,Arepa con Carne Asada,7,½ taza de cerveza,½,0.5,,,taza,cerveza,,,,,
86afb09a-e16a-11ed-ad9f-a96d6180cd25,Arepa con Carne Asada,8,1 cucharada de aceite vegetal,1,1.0,,,cucharada,aceite vegetal,,,,,
86afb09a-e16a-11ed-ad9f-a96d6180cd25,Arepa con Carne Asada,9,Sal y pimienta negra,,,,,,Sal y pimienta negra,,,,,
86afb09a-e16a-11ed-ad9f-a96d6180cd25,Arepa con Carne Asada,10,¼ taza de cilantro fresco,¼,0.25,,,taza,cilantro fresco,,,,,
86afb09b-e16a-11ed-8a4b-a96d6180cd25,Arepa Boyacense,1,2 tazas de harina de maíz amarilla pre cocida masarepa,2,2.0,,,tazas,harina de maíz amarilla pre cocida masarepa,,,,,
86afb09b-e16a-11ed-8a4b-a96d6180cd25,Arepa Boyacense,2,5 cucharadas de harina de trigo,5,5.0,,,cucharadas,harina de trigo,,,,,
86afb09b-e16a-11ed-8a4b-a96d6180cd25,Arepa Boyacense,3,1 + ½ tazas de agua caliente,1,1.0,,,,+ ½ tazas de agua caliente,,,,,
86afb09b-e16a-11ed-8a4b-a96d6180cd25,Arepa Boyacense,4,½ taza de leche,½,0.5,,,taza,leche,,,,,
86afb09b-e16a-11ed-8a4b-a96d6180cd25,Arepa Boyacense,5,¼ cucharadita de sal,¼,0.25,,,cucharadita,sal,,,,,
86afb09b-e16a-11ed-8a4b-a96d6180cd25,Arepa Boyacense,6,2 cucharadas de azúcar,2,2.0,,,cucharadas,azúcar,,,,,
86afb09b-e16a-11ed-8a4b-a96d6180cd25,Arepa Boyacense,7,3 cucharadas de mantequilla suave un poco más para cocinar,3,3.0,,,cucharadas,mantequilla suave un poco más para cocinar,,,,,
86afb09b-e16a-11ed-8a4b-a96d6180cd25,Arepa Boyacense,8,2 tazas de queso fresco o quesito colombiano,2,2.0,,,tazas,queso fresco o quesito colombiano,,,,,
86afb09d-e16a-11ed-ad1e-a96d6180cd25,Calentado Colombiano,1,4 arepas,4,4.0,,,,arepas,,,,,
86afb09d-e16a-11ed-ad1e-a96d6180cd25,Calentado Colombiano,2,4 chorizos colombianos cocinados,4,4.0,,,,chorizos colombianos cocinados,,,,,
86afb09d-e16a-11ed-ad1e-a96d6180cd25,Calentado Colombiano,3,4 huevos fritos soleado hacia arriba o huevos con tomate y cebolla,4,4.0,,,,huevos fritos soleado hacia arriba o huevos con tomate y cebolla,,,,,
86afb09d-e16a-11ed-ad1e-a96d6180cd25,Calentado Colombiano,4,3 tazas de hogao ver receta,3,3.0,,,tazas,hogao ver receta,,,,,
86afb09d-e16a-11ed-ad1e-a96d6180cd25,Calentado Colombiano,5,4 tazas de arroz blanco,4,4.0,,,tazas,arroz blanco,,,,,
86afb09d-e16a-11ed-ad1e-a96d6180cd25,Calentado Colombiano,6,4 tazas de frijoles antiqueños cocinados Ver receta aqui,4,4.0,,,tazas,frijoles antiqueños cocinados Ver receta aqui,,,,,
86afb09e-e16a-11ed-956f-a96d6180cd25,Jugo de Mango,1,5 tazas de mangos pelados y cortados en trozos,5,5.0,,,tazas,mangos pelados y cortados en trozos,,,,,
86afb09e-e16a-11ed-956f-a96d6180cd25,Jugo de Mango,2,4 tazas de agua,4,4.0,,,tazas,agua,,,,,
86afb09e-e16a-11ed-956f-a96d6180cd25,Jugo de Mango,3,3 cucharadas de azúcar,3,3.0,,,cucharadas,azúcar,,,,,
86afb09e-e16a-11ed-956f-a96d6180cd25,Jugo de Mango,4,½ taza de hielo picado,½,0.5,,,taza,hielo picado,,,,,
86afb09f-e16a-11ed-8047-a96d6180cd25,Chocolate en Leche de Coco,1,2 tazas de leche de coco,2,2.0,,,tazas,leche de coco,,,,,
86afb09f-e16a-11ed-8047-a96d6180cd25,Chocolate en Leche de Coco,2,3 tazas de leche entera,3,3.0,,,tazas,leche entera,,,,,
86afb09f-e16a-11ed-8047-a96d6180cd25,Chocolate en Leche de Coco,3,7 oz de chocolate dulce picado,7,7.0,,,,oz de chocolate dulce picado,,,,,
86afb09f-e16a-11ed-8047-a96d6180cd25,Chocolate en Leche de Coco,4,½ cucharadita de extracto de coco,½,0.5,,,cucharadita,extracto de coco,,,,,
86afb09f-e16a-11ed-8047-a96d6180cd25,Chocolate en Leche de Coco,5,Azúcar al gusto,,,,,,Azúcar al gusto,,,,,
86afb0a0-e16a-11ed-b7a9-a96d6180cd25,Arepas de Plátano Verde,1,3 plátanos verdes pelados y cortados en cubitos,3,3.0,,,,plátanos verdes pelados y cortados en cubitos,,,,,
86afb0a0-e16a-11ed-b7a9-a96d6180cd25,Arepas de Plátano Verde,2,½ taza de masarepa,½,0.5,,,taza,masarepa,,,,,
86afb0a0-e16a-11ed-b7a9-a96d6180cd25,Arepas de Plátano Verde,3,4 cucharadas de agua,4,4.0,,,cucharadas,agua,,,,,
86afb0a0-e16a-11ed-b7a9-a96d6180cd25,Arepas de Plátano Verde,4,5 cucharadas de mantequilla derretida,5,5.0,,,cucharadas,mantequilla derretida,,,,,
86afb0a0-e16a-11ed-b7a9-a96d6180cd25,Arepas de Plátano Verde,5,½ taza de queso mozzarella rallado o queso blanco,½,0.5,,,taza,queso mozzarella rallado o queso blanco,,,,,
86afb0a0-e16a-11ed-b7a9-a96d6180cd25,Arepas de Plátano Verde,6,Sal al gusto,,,,,,Sal al gusto,,,,,
86afb0a0-e16a-11ed-b7a9-a96d6180cd25,Arepas de Plátano Verde,7,Mantequilla o aceite en aerosol para cocinar las arepas,,,,,,Mantequilla o aceite en aerosol para cocinar las arepas,,,,,
86afb0a1-e16a-11ed-b56c-a96d6180cd25,Arepas de Plátano Maduro,1,2 plátanos maduros con cascara lavados y cortados en trozos,2,2.0,,,,plátanos maduros con cascara lavados y cortados en trozos,,,,,
86afb0a1-e16a-11ed-b56c-a96d6180cd25,Arepas de Plátano Maduro,2,1 cucharadita azúcar,1,1.0,,,cucharadita,azúcar,,,,,
86afb0a1-e16a-11ed-b56c-a96d6180cd25,Arepas de Plátano Maduro,3,½ taza de masarepa o harina de maíz para arepas,½,0.5,,,taza,masarepa o harina de maíz para arepas,,,,,
86afb0a1-e16a-11ed-b56c-a96d6180cd25,Arepas de Plátano Maduro,4,2 cucharadas de leche,2,2.0,,,cucharadas,leche,,,,,
86afb0a1-e16a-11ed-b56c-a96d6180cd25,Arepas de Plátano Maduro,5,5 cucharadas de mantequilla derretida,5,5.0,,,cucharadas,mantequilla derretida,,,,,
86afb0a1-e16a-11ed-b56c-a96d6180cd25,Arepas de Plátano Maduro,6,½ taza de queso mozzarella rallado o queso blanco,½,0.5,,,taza,queso mozzarella rallado o queso blanco,,,,,
86afb0a1-e16a-11ed-b56c-a96d6180cd25,Arepas de Plátano Maduro,7,Sal al gusto,,,,,,Sal al gusto,,,,,
86afb0a1-e16a-11ed-b56c-a96d6180cd25,Arepas de Plátano Maduro,8,Mantequilla o aceite en aerosol para cocinar las arepas,,,,,,Mantequilla o aceite en aerosol para cocinar las arepas,,,,,
86afb0a2-e16a-11ed-b4f8-a96d6180cd25,Migas de Arepa,1,"5 arepas de maíz, cocinadas",5,5.0,,,,"arepas de maíz, cocinadas",,,,,
86afb0a2-e16a-11ed-b4f8-a96d6180cd25,Migas de Arepa,2,1 taza de leche,1,1.0,,,taza,leche,,,,,
86afb0a2-e16a-11ed-b4f8-a96d6180cd25,Migas de Arepa,3,2 tazas de hogao mira la receta,2,2.0,,,tazas,hogao mira la receta,,,,,
86afb0a2-e16a-11ed-b4f8-a96d6180cd25,Migas de Arepa,4,5 huevos batidos,5,5.0,,,,huevos batidos,,,,,
86afb0a2-e16a-11ed-b4f8-a96d6180cd25,Migas de Arepa,5,Sal y pimienta,,,,,,Sal y pimienta,,,,,
86afb0a2-e16a-11ed-b4f8-a96d6180cd25,Migas de Arepa,6,Para servir: chorizo aguacate o frijoles (opcional),,,,,,Para servir: chorizo aguacate o frijoles (opcional),,,,,
86afb0a3-e16a-11ed-96d6-a96d6180cd25,Tortilla Paisa o Antioqueña,1,3 cucharadas de aceite vegetal,3,3.0,,,cucharadas,aceite vegetal,,,,,
86afb0a3-e16a-11ed-96d6-a96d6180cd25,Tortilla Paisa o Antioqueña,2,4 huevos,4,4.0,,,,huevos,,,,,
86afb0a3-e16a-11ed-96d6-a96d6180cd25,Tortilla Paisa o Antioqueña,3,½ taza de rodajas de chorizo o tocineta,½,0.5,,,taza,rodajas de chorizo o tocineta,,,,,
86afb0a3-e16a-11ed-96d6-a96d6180cd25,Tortilla Paisa o Antioqueña,4,10 tajadas de plátano,10,10.0,,,,tajadas de plátano,,,,,
86afb0a3-e16a-11ed-96d6-a96d6180cd25,Tortilla Paisa o Antioqueña,5,½ taza de maíz cocinado,½,0.5,,,taza,maíz cocinado,,,,,
86afb0a3-e16a-11ed-96d6-a96d6180cd25,Tortilla Paisa o Antioqueña,6,Sal y pimienta al gusto,,,,,,Sal y pimienta al gusto,,,,,
86afb0a4-e16a-11ed-9fae-a96d6180cd25,Arepas con Pollo y Aguacate,1,4 arepas delgadas,4,4.0,,,,arepas delgadas,,,,,
86afb0a4-e16a-11ed-9fae-a96d6180cd25,Arepas con Pollo y Aguacate,2,2 aguacates pequeños,2,2.0,,,,aguacates pequeños,,,,,
86afb0a4-e16a-11ed-9fae-a96d6180cd25,Arepas con Pollo y Aguacate,3,"4 pechugas de pollo con hueso, piel de",4,4.0,,,,"pechugas de pollo con hueso, piel de",,,,,
86afb0a4-e16a-11ed-9fae-a96d6180cd25,Arepas con Pollo y Aguacate,4,Aceite de oliva,,,,,,Aceite de oliva,,,,,
86afb0a4-e16a-11ed-9fae-a96d6180cd25,Arepas con Pollo y Aguacate,5,Sal y pimienta molida,,,,,,Sal y pimienta molida,,,,,
86afb0a4-e16a-11ed-9fae-a96d6180cd25,Arepas con Pollo y Aguacate,6,½ taza de mayonesa,½,0.5,,,taza,mayonesa,,,,,
86afb0a4-e16a-11ed-9fae-a96d6180cd25,Arepas con Pollo y Aguacate,7,4 cucharadas de jugo de limón,4,4.0,,,cucharadas,jugo de limón,,,,,
86afb0a4-e16a-11ed-9fae-a96d6180cd25,Arepas con Pollo y Aguacate,8,¼ cucharadita de azúcar,¼,0.25,,,cucharadita,azúcar,,,,,
86afb0a4-e16a-11ed-9fae-a96d6180cd25,Arepas con Pollo y Aguacate,9,¼ de cucharadita de comino en polvo,¼,0.25,,,,de cucharadita de comino en polvo,,,,,
86afb0a4-e16a-11ed-9fae-a96d6180cd25,Arepas con Pollo y Aguacate,10,¼ de taza de cebolla picada,¼,0.25,,,,de taza de cebolla picada,,,,,
86afb0a4-e16a-11ed-9fae-a96d6180cd25,Arepas con Pollo y Aguacate,11,4 cucharadas de cilantro fresco picado,4,4.0,,,cucharadas,cilantro fresco picado,,,,,
86afb0a5-e16a-11ed-8865-a96d6180cd25,Garullas Colombianas,1,½ libra de mantequilla blanda,½,0.5,,,libra,mantequilla blanda,,,,,
86afb0a5-e16a-11ed-8865-a96d6180cd25,Garullas Colombianas,2,1 taza de azúcar,1,1.0,,,taza,azúcar,,,,,
86afb0a5-e16a-11ed-8865-a96d6180cd25,Garullas Colombianas,3,2 tazas de harina de maíz precocida Masarepa,2,2.0,,,tazas,harina de maíz precocida Masarepa,,,,,
86afb0a5-e16a-11ed-8865-a96d6180cd25,Garullas Colombianas,4,2 huevos,2,2.0,,,,huevos,,,,,
86afb0a5-e16a-11ed-8865-a96d6180cd25,Garullas Colombianas,5,½ taza de harina de trigo dividida,½,0.5,,,taza,harina de trigo dividida,,,,,
86afb0a5-e16a-11ed-8865-a96d6180cd25,Garullas Colombianas,6,1 libra de queso fresco o cuajada,1,1.0,,,libra,queso fresco o cuajada,,,,,
86afb0a6-e16a-11ed-8944-a96d6180cd25,Pastel Hawaiano,1,1 paquete de hojas de hojaldre descongelado,1,1.0,,,paquete,hojas de hojaldre descongelado,,,,,
86afb0a6-e16a-11ed-8944-a96d6180cd25,Pastel Hawaiano,2,1 taza de Jamón en cubitos,1,1.0,,,taza,Jamón en cubitos,,,,,
86afb0a6-e16a-11ed-8944-a96d6180cd25,Pastel Hawaiano,3,1 taza de queso mozzarella en cubitos o rallado,1,1.0,,,taza,queso mozzarella en cubitos o rallado,,,,,
86afb0a6-e16a-11ed-8944-a96d6180cd25,Pastel Hawaiano,4,1 taza de piña cortada en cubitos,1,1.0,,,taza,piña cortada en cubitos,,,,,
86afb0a6-e16a-11ed-8944-a96d6180cd25,Pastel Hawaiano,5,2 huevos batidos con 1 cucharada de agua,2,2.0,,,,huevos batidos con 1 cucharada de agua,,,,,
86afb0a7-e16a-11ed-b390-a96d6180cd25,Bollos de Mazorca,1,10 mazorcas frescas de maíz con hojas,10,10.0,,,,mazorcas frescas de maíz con hojas,,,,,
86afb0a7-e16a-11ed-b390-a96d6180cd25,Bollos de Mazorca,2,3 cucharadas de harina de maíz,3,3.0,,,cucharadas,harina de maíz,,,,,
86afb0a7-e16a-11ed-b390-a96d6180cd25,Bollos de Mazorca,3,2 cucharadas de azúcar,2,2.0,,,cucharadas,azúcar,,,,,
86afb0a7-e16a-11ed-b390-a96d6180cd25,Bollos de Mazorca,4,½ cucharadita de sal,½,0.5,,,cucharadita,sal,,,,,
86afb0a7-e16a-11ed-b390-a96d6180cd25,Bollos de Mazorca,5,Pita de cocina,,,,,,Pita de cocina,,,,,
86afb0a7-e16a-11ed-b390-a96d6180cd25,Bollos de Mazorca,6,Queso y mantequilla para servir,,,,,,Queso y mantequilla para servir,,,,,
86afb0a8-e16a-11ed-a9a5-a96d6180cd25,Batido de Papaya,1,2 tazas de papaya fresca cortadas en trozos,2,2.0,,,tazas,papaya fresca cortadas en trozos,,,,,
86afb0a8-e16a-11ed-a9a5-a96d6180cd25,Batido de Papaya,2,3 tazas de leche,3,3.0,,,tazas,leche,,,,,
86afb0a8-e16a-11ed-a9a5-a96d6180cd25,Batido de Papaya,3,¾ taza de azúcar o a tu gusto,¾,0.75,,,taza,azúcar o a tu gusto,,,,,
86afb0a8-e16a-11ed-a9a5-a96d6180cd25,Batido de Papaya,4,1 taza de hielo triturado,1,1.0,,,taza,hielo triturado,,,,,
86afb0a9-e16a-11ed-887b-a96d6180cd25,Cayeye y Cabeza de Gato,1,4 plátanos verdes pelados y cortados en trozos (6 guineos),4,4.0,,,,plátanos verdes pelados y cortados en trozos (6 guineos),,,,,
86afb0a9-e16a-11ed-887b-a96d6180cd25,Cayeye y Cabeza de Gato,2,2 cucharadas de mantequilla,2,2.0,,,cucharadas,mantequilla,,,,,
86afb0a9-e16a-11ed-887b-a96d6180cd25,Cayeye y Cabeza de Gato,3,1 cucharada de aceite,1,1.0,,,cucharada,aceite,,,,,
86afb0a9-e16a-11ed-887b-a96d6180cd25,Cayeye y Cabeza de Gato,4,1 taza de cebolla finamente picada,1,1.0,,,taza,cebolla finamente picada,,,,,
86afb0a9-e16a-11ed-887b-a96d6180cd25,Cayeye y Cabeza de Gato,5,2 cebollas largas cortadas en trozos pequeños,2,2.0,,,,cebollas largas cortadas en trozos pequeños,,,,,
86afb0a9-e16a-11ed-887b-a96d6180cd25,Cayeye y Cabeza de Gato,6,2 tomates cortados en cubitos,2,2.0,,,,tomates cortados en cubitos,,,,,
86afb0a9-e16a-11ed-887b-a96d6180cd25,Cayeye y Cabeza de Gato,7,3 dientes de ajo picados,3,3.0,,,dientes,ajo picados,,,,,
86afb0a9-e16a-11ed-887b-a96d6180cd25,Cayeye y Cabeza de Gato,8,½ cucharadita de achiote molido,½,0.5,,,cucharadita,achiote molido,,,,,
86afb0a9-e16a-11ed-887b-a96d6180cd25,Cayeye y Cabeza de Gato,9,Sal y pimienta para probar,,,,,,Sal y pimienta para probar,,,,,
86afb0a9-e16a-11ed-887b-a96d6180cd25,Cayeye y Cabeza de Gato,10,Aguacate para servir,,,,,,Aguacate para servir,,,,,
86afb0a9-e16a-11ed-887b-a96d6180cd25,Cayeye y Cabeza de Gato,11,queso costeño rallado para servir,,,,,,queso costeño rallado para servir,,,,,
86afb0a9-e16a-11ed-887b-a96d6180cd25,Cayeye y Cabeza de Gato,12,huevos fritos o revueltos para servir,,,,,,huevos fritos o revueltos para servir,,,,,
86afb0aa-e16a-11ed-95e7-a96d6180cd25,Bollo Limpio,1,5 tazas de maíz blanco cocido,5,5.0,,,tazas,maíz blanco cocido,,,,,
86afb0aa-e16a-11ed-95e7-a96d6180cd25,Bollo Limpio,2,2 tazas de queso fresco rallado o desmenuzado,2,2.0,,,tazas,queso fresco rallado o desmenuzado,,,,,
86afb0aa-e16a-11ed-95e7-a96d6180cd25,Bollo Limpio,3,6 cucharadas de mantequilla derretida,6,6.0,,,cucharadas,mantequilla derretida,,,,,
86afb0aa-e16a-11ed-95e7-a96d6180cd25,Bollo Limpio,4,Sal a su gusto,,,,,,Sal a su gusto,,,,,
86afb0aa-e16a-11ed-95e7-a96d6180cd25,Bollo Limpio,5,Hojas de maíz para envolver,,,,,,Hojas de maíz para envolver,,,,,
86afb0ab-e16a-11ed-87f4-a96d6180cd25,Mojicones o Pan Mojicón,1,2 ¼ cucharaditas de levadura,2 ¼,2.25,,,cucharaditas,levadura,,,,,
86afb0ab-e16a-11ed-87f4-a96d6180cd25,Mojicones o Pan Mojicón,2,7 oz + 4 cucharadas de agua tibia,7,7.0,,,,oz + 4 cucharadas de agua tibia,,,,,
86afb0ab-e16a-11ed-87f4-a96d6180cd25,Mojicones o Pan Mojicón,3,4 tazas de harina para todo uso,4,4.0,,,tazas,harina para todo uso,,,,,
86afb0ab-e16a-11ed-87f4-a96d6180cd25,Mojicones o Pan Mojicón,4,1 cucharadita de sal,1,1.0,,,cucharadita,sal,,,,,
86afb0ab-e16a-11ed-87f4-a96d6180cd25,Mojicones o Pan Mojicón,5,½ taza de azúcar y un poco más para adornar,½,0.5,,,taza,azúcar y un poco más para adornar,,,,,
86afb0ab-e16a-11ed-87f4-a96d6180cd25,Mojicones o Pan Mojicón,6,½ taza de mantequilla sin sal derretida,½,0.5,,,taza,mantequilla sin sal derretida,,,,,
86afb0ab-e16a-11ed-87f4-a96d6180cd25,Mojicones o Pan Mojicón,7,1 cucharada de extracto de vainilla,1,1.0,,,cucharada,extracto de vainilla,,,,,
86afb0ab-e16a-11ed-87f4-a96d6180cd25,Mojicones o Pan Mojicón,8,2 huevos grandes a temperatura ambiente,2,2.0,,,,huevos grandes a temperatura ambiente,,,,,
86afb0ab-e16a-11ed-87f4-a96d6180cd25,Mojicones o Pan Mojicón,9,1 huevo batido para el glaseado,1,1.0,,,,huevo batido para el glaseado,,,,,
86afb0ab-e16a-11ed-87f4-a96d6180cd25,Mojicones o Pan Mojicón,10,2 cucharadas de mantequilla derretida para el glaseado,2,2.0,,,cucharadas,mantequilla derretida para el glaseado,,,,,
86afb0ac-e16a-11ed-8936-a96d6180cd25,Regañonas o Torticas de Maiz,1,4 mazorcas,4,4.0,,,,mazorcas,,,,,
86afb0ac-e16a-11ed-8936-a96d6180cd25,Regañonas o Torticas de Maiz,2,3 huevos batidos,3,3.0,,,,huevos batidos,,,,,
86afb0ac-e16a-11ed-8936-a96d6180cd25,Regañonas o Torticas de Maiz,3,1 cucharadita de azúcar,1,1.0,,,cucharadita,azúcar,,,,,
86afb0ac-e16a-11ed-8936-a96d6180cd25,Regañonas o Torticas de Maiz,4,1 cucharadita de polvo para hornear,1,1.0,,,cucharadita,polvo para hornear,,,,,
86afb0ac-e16a-11ed-8936-a96d6180cd25,Regañonas o Torticas de Maiz,5,Sal y pimienta,,,,,,Sal y pimienta,,,,,
86afb0ac-e16a-11ed-8936-a96d6180cd25,Regañonas o Torticas de Maiz,6,Aceite vegetal para freír,,,,,,Aceite vegetal para freír,,,,,
86afb0ad-e16a-11ed-98a7-a96d6180cd25,Palitos o Deditos de Queso,1,Aceite para freír,,,,,,Aceite para freír,,,,,
86afb0ad-e16a-11ed-98a7-a96d6180cd25,Palitos o Deditos de Queso,2,8 onzas de queso blanco para freír cortado en 4 palos de ½ pulgada,8,8.0,,,onzas,queso blanco para freír cortado en 4 palos de ½ pulgada,,,,,
86afb0ad-e16a-11ed-98a7-a96d6180cd25,Palitos o Deditos de Queso,3,2 tazas de harina,2,2.0,,,tazas,harina,,,,,
86afb0ad-e16a-11ed-98a7-a96d6180cd25,Palitos o Deditos de Queso,4,1 cucharadita de sal,1,1.0,,,cucharadita,sal,,,,,
86afb0ad-e16a-11ed-98a7-a96d6180cd25,Palitos o Deditos de Queso,5,4 cucharaditas de azúcar,4,4.0,,,cucharaditas,azúcar,,,,,
86afb0ad-e16a-11ed-98a7-a96d6180cd25,Palitos o Deditos de Queso,6,1 cucharadita de polvo para hornear,1,1.0,,,cucharadita,polvo para hornear,,,,,
86afb0ad-e16a-11ed-98a7-a96d6180cd25,Palitos o Deditos de Queso,7,5 cucharadas de mantequilla,5,5.0,,,cucharadas,mantequilla,,,,,
86afb0ad-e16a-11ed-98a7-a96d6180cd25,Palitos o Deditos de Queso,8,6 cucharadas de agua con gas o agua helada,6,6.0,,,cucharadas,agua con gas o agua helada,,,,,
86afb0ae-e16a-11ed-b43e-a96d6180cd25,Arepas de Maiz Peto,1,1 libra de granos de maíz seco,1,1.0,,,libra,granos de maíz seco,,,,,
86afb0ae-e16a-11ed-b43e-a96d6180cd25,Arepas de Maiz Peto,2,Sal,,,,,,Sal,,,,,
86afb0ae-e16a-11ed-b43e-a96d6180cd25,Arepas de Maiz Peto,3,Agua,,,,,,Agua,,,,,
86afb0ae-e16a-11ed-b43e-a96d6180cd25,Arepas de Maiz Peto,4,¼ taza de mantequilla derretida,¼,0.25,,,taza,mantequilla derretida,,,,,
86afb0af-e16a-11ed-ae62-a96d6180cd25,Arepas de Chócolo Colombianas,1,5 tazas de granos de maíz dulce,5,5.0,,,tazas,granos de maíz dulce,,,,,
86afb0af-e16a-11ed-ae62-a96d6180cd25,Arepas de Chócolo Colombianas,2,½ cucharadita de azúcar,½,0.5,,,cucharadita,azúcar,,,,,
86afb0af-e16a-11ed-ae62-a96d6180cd25,Arepas de Chócolo Colombianas,3,Sal al gusto,,,,,,Sal al gusto,,,,,
86afb0af-e16a-11ed-ae62-a96d6180cd25,Arepas de Chócolo Colombianas,4,3 cucharadas de mantequilla sin sal o más según sea necesario,3,3.0,,,cucharadas,mantequilla sin sal o más según sea necesario,,,,,
86afb0af-e16a-11ed-ae62-a96d6180cd25,Arepas de Chócolo Colombianas,5,Queso fresco o queso blanco para servir,,,,,,Queso fresco o queso blanco para servir,,,,,
86afb0b0-e16a-11ed-b4a1-a96d6180cd25,Arepa con Carne Desmechada,1,4 arepas cocinadas,4,4.0,,,,arepas cocinadas,,,,,
86afb0b0-e16a-11ed-b4a1-a96d6180cd25,Arepa con Carne Desmechada,2,Carne desmechada ver receta de carne desmechada aquí,,,,,,Carne desmechada ver receta de carne desmechada aquí,,,,,
86afb0b0-e16a-11ed-b4a1-a96d6180cd25,Arepa con Carne Desmechada,3,1 cucharada de mantequilla,1,1.0,,,cucharada,mantequilla,,,,,
86afb0b0-e16a-11ed-b4a1-a96d6180cd25,Arepa con Carne Desmechada,4,1 plátano maduro pelado y cortado en cubitos,1,1.0,,,,plátano maduro pelado y cortado en cubitos,,,,,
86afb0b0-e16a-11ed-b4a1-a96d6180cd25,Arepa con Carne Desmechada,5,1 aguacate cortado en cubitos,1,1.0,,,,aguacate cortado en cubitos,,,,,
86afb0b0-e16a-11ed-b4a1-a96d6180cd25,Arepa con Carne Desmechada,6,Cilantro fresco picado para servir,,,,,,Cilantro fresco picado para servir,,,,,
86afb0b1-e16a-11ed-83c0-a96d6180cd25,Marranitas o Puerquitas,1,Aceite vegetal para freír,,,,,,Aceite vegetal para freír,,,,,
86afb0b1-e16a-11ed-83c0-a96d6180cd25,Marranitas o Puerquitas,2,2 plátanos verdes pelados y cortados en trozos,2,2.0,,,,plátanos verdes pelados y cortados en trozos,,,,,
86afb0b1-e16a-11ed-83c0-a96d6180cd25,Marranitas o Puerquitas,3,2 dientes de ajo machacados,2,2.0,,,dientes,ajo machacados,,,,,
86afb0b1-e16a-11ed-83c0-a96d6180cd25,Marranitas o Puerquitas,4,½ taza de agua,½,0.5,,,taza,agua,,,,,
86afb0b1-e16a-11ed-83c0-a96d6180cd25,Marranitas o Puerquitas,5,1 taza de chicharrones cocinados finamente picados,1,1.0,,,taza,chicharrones cocinados finamente picados,,,,,
86afb0b1-e16a-11ed-83c0-a96d6180cd25,Marranitas o Puerquitas,6,Sal,,,,,,Sal,,,,,
86afb0b2-e16a-11ed-b8c2-a96d6180cd25,Arepuela o Anisita,1,1 taza Masarepa,1,1.0,,,taza,Masarepa,,,,,
86afb0b2-e16a-11ed-b8c2-a96d6180cd25,Arepuela o Anisita,2,1 taza de agua tibia,1,1.0,,,taza,agua tibia,,,,,
86afb0b2-e16a-11ed-b8c2-a96d6180cd25,Arepuela o Anisita,3,2 cucharadas de azúcar,2,2.0,,,cucharadas,azúcar,,,,,
86afb0b2-e16a-11ed-b8c2-a96d6180cd25,Arepuela o Anisita,4,1 cucharadita de semillas de anís,1,1.0,,,cucharadita,semillas de anís,,,,,
86afb0b2-e16a-11ed-b8c2-a96d6180cd25,Arepuela o Anisita,5,Aceite vegetal para freír,,,,,,Aceite vegetal para freír,,,,,
86afb0b3-e16a-11ed-b5fa-a96d6180cd25,Jugo de Piña,1,3 tazas de piña pelada y en cubos,3,3.0,,,tazas,piña pelada y en cubos,,,,,
86afb0b3-e16a-11ed-b5fa-a96d6180cd25,Jugo de Piña,2,1 ½ tazas de agua,1 ½,1.5,,,tazas,agua,,,,,
86afb0b3-e16a-11ed-b5fa-a96d6180cd25,Jugo de Piña,3,½ de taza de hielo picado,½,0.5,,,,de taza de hielo picado,,,,,
86afb0b3-e16a-11ed-b5fa-a96d6180cd25,Jugo de Piña,4,2 cucharadas de azuúcar,2,2.0,,,cucharadas,azuúcar,,,,,
86afb0b4-e16a-11ed-91ec-a96d6180cd25,Jugo de Banano en Leche,1,1 taza de leche,1,1.0,,,taza,leche,,,,,
86afb0b4-e16a-11ed-91ec-a96d6180cd25,Jugo de Banano en Leche,2,2 bananos maduros grandes pelados y cortados en trozos,2,2.0,,,,bananos maduros grandes pelados y cortados en trozos,,,,,
86afb0b4-e16a-11ed-91ec-a96d6180cd25,Jugo de Banano en Leche,3,¼ cucharadita de extracto de vainilla,¼,0.25,,,cucharadita,extracto de vainilla,,,,,
86afb0b4-e16a-11ed-91ec-a96d6180cd25,Jugo de Banano en Leche,4,1 ½ cucharadita de azúcar o al gusto,1 ½,1.5,,,cucharadita,azúcar o al gusto,,,,,
86afb0b4-e16a-11ed-91ec-a96d6180cd25,Jugo de Banano en Leche,5,Pizca de canela molida,,,,,,Pizca de canela molida,,,,,
86afb0b4-e16a-11ed-91ec-a96d6180cd25,Jugo de Banano en Leche,6,¼ taza de hielo picado,¼,0.25,,,taza,hielo picado,,,,,
86afb0b5-e16a-11ed-a229-a96d6180cd25,Avena Colombiana,1,½ taza de ojuelas de avena,½,0.5,,,taza,ojuelas de avena,,,,,
86afb0b5-e16a-11ed-a229-a96d6180cd25,Avena Colombiana,2,4 tazas de leche,4,4.0,,,tazas,leche,,,,,
86afb0b5-e16a-11ed-a229-a96d6180cd25,Avena Colombiana,3,1 taza de agua,1,1.0,,,taza,agua,,,,,
86afb0b5-e16a-11ed-a229-a96d6180cd25,Avena Colombiana,4,1 astilla de canela,1,1.0,,,,astilla de canela,,,,,
86afb0b5-e16a-11ed-a229-a96d6180cd25,Avena Colombiana,5,Una pizca de clavo de olor molido,,,,,,Una pizca de clavo de olor molido,,,,,
86afb0b5-e16a-11ed-a229-a96d6180cd25,Avena Colombiana,6,3 ½ cucharadas de azuúcar,3 ½,3.5,,,cucharadas,azuúcar,,,,,
86afb0b6-e16a-11ed-9cc4-a96d6180cd25,Colada de Maizena,1,¼ taza de maizena almidón de maíz,¼,0.25,,,taza,maizena almidón de maíz,,,,,
86afb0b6-e16a-11ed-9cc4-a96d6180cd25,Colada de Maizena,2,5 tazas de leche entera,5,5.0,,,tazas,leche entera,,,,,
86afb0b6-e16a-11ed-9cc4-a96d6180cd25,Colada de Maizena,3,⅓ taza de azúcar,⅓,0.3333333333,,,taza,azúcar,,,,,
86afb0b6-e16a-11ed-9cc4-a96d6180cd25,Colada de Maizena,4,1 ramita de canela,1,1.0,,,ramita,canela,,,,,
86afb0b6-e16a-11ed-9cc4-a96d6180cd25,Colada de Maizena,5,Semillas de vainilla o esencia,,,,,,Semillas de vainilla o esencia,,,,,
86afb0b7-e16a-11ed-82c8-a96d6180cd25,Chocolate Santafereño,1,4 ½ tazas de leche entera,4 ½,4.5,,,tazas,leche entera,,,,,
86afb0b7-e16a-11ed-82c8-a96d6180cd25,Chocolate Santafereño,2,2 ½ cucharadas de azúcar o al gusto,2 ½,2.5,,,cucharadas,azúcar o al gusto,,,,,
86afb0b7-e16a-11ed-82c8-a96d6180cd25,Chocolate Santafereño,3,½ cucharadita de canela molida,½,0.5,,,cucharadita,canela molida,,,,,
86afb0b7-e16a-11ed-82c8-a96d6180cd25,Chocolate Santafereño,4,5 oz de chocolate dulce picado,5,5.0,,,,oz de chocolate dulce picado,,,,,
86afb0b8-e16a-11ed-a18c-a96d6180cd25,Refajo Colombiano,1,1 litro gaseosa Colombiana,1,1.0,,,litro,gaseosa Colombiana,,,,,
86afb0b8-e16a-11ed-a18c-a96d6180cd25,Refajo Colombiano,2,2 litros de cerveza,2,2.0,,,litros,cerveza,,,,,
86afb0b8-e16a-11ed-a18c-a96d6180cd25,Refajo Colombiano,3,4 tazas de hielo,4,4.0,,,tazas,hielo,,,,,
86afb0b8-e16a-11ed-a18c-a96d6180cd25,Refajo Colombiano,4,3 copas aguardiente opcional,3,3.0,,,copas,aguardiente opcional,,,,,
86afb0b9-e16a-11ed-b367-a96d6180cd25,Sabajón Colombiano,1,6 tazas de leche entera,6,6.0,,,tazas,leche entera,,,,,
86afb0b9-e16a-11ed-b367-a96d6180cd25,Sabajón Colombiano,2,½ taza de azuúcar,½,0.5,,,taza,azuúcar,,,,,
86afb0b9-e16a-11ed-b367-a96d6180cd25,Sabajón Colombiano,3,1 cucharada de extracto de vainilla,1,1.0,,,cucharada,extracto de vainilla,,,,,
86afb0b9-e16a-11ed-b367-a96d6180cd25,Sabajón Colombiano,4,6 yemas de huevo,6,6.0,,,,yemas de huevo,,,,,
86afb0b9-e16a-11ed-b367-a96d6180cd25,Sabajón Colombiano,5,2 cucharadas de almidón de maíz o maizena,2,2.0,,,cucharadas,almidón de maíz o maizena,,,,,
86afb0b9-e16a-11ed-b367-a96d6180cd25,Sabajón Colombiano,6,1 lata de leche condensada,1,1.0,,,lata,leche condensada,,,,,
86afb0b9-e16a-11ed-b367-a96d6180cd25,Sabajón Colombiano,7,Ron a su gusto yo uso 1 taza de ron para mi receta y mi mamá utiliza alrededor de 2 tazas para la de ella.,,,,,,Ron a su gusto yo uso 1 taza de ron para mi receta y mi mamá utiliza alrededor de 2 tazas para la de ella.,,,,,
86afb0b9-e16a-11ed-b367-a96d6180cd25,Sabajón Colombiano,8,Canela molida,,,,,,Canela molida,,,,,
86afb0ba-e16a-11ed-90d4-a96d6180cd25,Limonada de Coco,1,1 taza de crema de coco,1,1.0,,,taza,crema de coco,,,,,
86afb0ba-e16a-11ed-90d4-a96d6180cd25,Limonada de Coco,2,2 ½ tazas de hielo picado,2 ½,2.5,,,tazas,hielo picado,,,,,
86afb0ba-e16a-11ed-90d4-a96d6180cd25,Limonada de Coco,3,El jugo de 3 limones grandes,,,,,,El jugo de 3 limones grandes,,,,,
86afb0ba-e16a-11ed-90d4-a96d6180cd25,Limonada de Coco,4,2 cucharadas de azúcar o al gusto,2,2.0,,,cucharadas,azúcar o al gusto,,,,,
86afb0bb-e16a-11ed-8355-a96d6180cd25,Jugo de Sandía o Patilla,1,5 tazas de sandía pelada y cortada en trozos,5,5.0,,,tazas,sandía pelada y cortada en trozos,,,,,
86afb0bb-e16a-11ed-8355-a96d6180cd25,Jugo de Sandía o Patilla,2,1 taza de hielo triturado,1,1.0,,,taza,hielo triturado,,,,,
86afb0bb-e16a-11ed-8355-a96d6180cd25,Jugo de Sandía o Patilla,3,½ de taza de agua helada,½,0.5,,,,de taza de agua helada,,,,,
86afb0bb-e16a-11ed-8355-a96d6180cd25,Jugo de Sandía o Patilla,4,2 cucharadas de azúcar,2,2.0,,,cucharadas,azúcar,,,,,
86afb0bc-e16a-11ed-9570-a96d6180cd25,Coco Loco Colombiano,1,Cubos de hielo,,,,,,Cubos de hielo,,,,,
86afb0bc-e16a-11ed-9570-a96d6180cd25,Coco Loco Colombiano,2,¼ taza de ron o al gusto,¼,0.25,,,taza,ron o al gusto,,,,,
86afb0bc-e16a-11ed-9570-a96d6180cd25,Coco Loco Colombiano,3,¼ taza de vodka o al gusto,¼,0.25,,,taza,vodka o al gusto,,,,,
86afb0bc-e16a-11ed-9570-a96d6180cd25,Coco Loco Colombiano,4,¼ taza de tequila o al gusto,¼,0.25,,,taza,tequila o al gusto,,,,,
86afb0bc-e16a-11ed-9570-a96d6180cd25,Coco Loco Colombiano,5,2 tazas de crema de coco,2,2.0,,,tazas,crema de coco,,,,,
86afb0bc-e16a-11ed-9570-a96d6180cd25,Coco Loco Colombiano,6,1 taza de agua de coco,1,1.0,,,taza,agua de coco,,,,,
86afb0bc-e16a-11ed-9570-a96d6180cd25,Coco Loco Colombiano,7,El jugo de 3 limones,,,,,,El jugo de 3 limones,,,,,
86afb0bc-e16a-11ed-9570-a96d6180cd25,Coco Loco Colombiano,8,Rodajas de limón para servir,,,,,,Rodajas de limón para servir,,,,,
86afb0bd-e16a-11ed-b7ce-a96d6180cd25,Caspiroleta Colombiana,1,3 tazas de leche entera,3,3.0,,,tazas,leche entera,,,,,
86afb0bd-e16a-11ed-b7ce-a96d6180cd25,Caspiroleta Colombiana,2,3 cucharadas de azúcar o al gusto,3,3.0,,,cucharadas,azúcar o al gusto,,,,,
86afb0bd-e16a-11ed-b7ce-a96d6180cd25,Caspiroleta Colombiana,3,2 palitos de canela,2,2.0,,,,palitos de canela,,,,,
86afb0bd-e16a-11ed-b7ce-a96d6180cd25,Caspiroleta Colombiana,4,2 yemas de huevo,2,2.0,,,,yemas de huevo,,,,,
86afb0bd-e16a-11ed-b7ce-a96d6180cd25,Caspiroleta Colombiana,5,2 onzas de vino dulce brandy o ron (o al gusto),2,2.0,,,onzas,vino dulce brandy o ron (o al gusto),,,,,
86afb0bd-e16a-11ed-b7ce-a96d6180cd25,Caspiroleta Colombiana,6,1 cucharadita de extracto de vainilla,1,1.0,,,cucharadita,extracto de vainilla,,,,,
86afb0bd-e16a-11ed-b7ce-a96d6180cd25,Caspiroleta Colombiana,7,Canela molida para servir,,,,,,Canela molida para servir,,,,,
86afb0be-e16a-11ed-9887-a96d6180cd25,Candil,1,3 tazas de leche entera,3,3.0,,,tazas,leche entera,,,,,
86afb0be-e16a-11ed-9887-a96d6180cd25,Candil,2,¼ taza de panela rallada o azúcar morena o a su gusto,¼,0.25,,,taza,panela rallada o azúcar morena o a su gusto,,,,,
86afb0be-e16a-11ed-9887-a96d6180cd25,Candil,3,2 palitos de canela,2,2.0,,,,palitos de canela,,,,,
86afb0be-e16a-11ed-9887-a96d6180cd25,Candil,4,2 yemas de huevo,2,2.0,,,,yemas de huevo,,,,,
86afb0be-e16a-11ed-9887-a96d6180cd25,Candil,5,Canela molida para servir,,,,,,Canela molida para servir,,,,,
86afb0bf-e16a-11ed-aba6-a96d6180cd25,Aromática de Frutas,1,2 ½ tazas de agua,2 ½,2.5,,,tazas,agua,,,,,
86afb0bf-e16a-11ed-aba6-a96d6180cd25,Aromática de Frutas,2,½ taza de frambuesas,½,0.5,,,taza,frambuesas,,,,,
86afb0bf-e16a-11ed-aba6-a96d6180cd25,Aromática de Frutas,3,½ taza de fresas cortadas en trozos,½,0.5,,,taza,fresas cortadas en trozos,,,,,
86afb0bf-e16a-11ed-aba6-a96d6180cd25,Aromática de Frutas,4,½ taza de moras,½,0.5,,,taza,moras,,,,,
86afb0bf-e16a-11ed-aba6-a96d6180cd25,Aromática de Frutas,5,12 hojas de menta fresca,12,12.0,,,hojas,menta fresca,,,,,
86afb0bf-e16a-11ed-aba6-a96d6180cd25,Aromática de Frutas,6,Azúcar o miel a su gusto,,,,,,Azúcar o miel a su gusto,,,,,
86afb0c1-e16a-11ed-ae1f-a96d6180cd25,Guarapo Costeño,1,7 tazas de agua,7,7.0,,,tazas,agua,,,,,
86afb0c1-e16a-11ed-ae1f-a96d6180cd25,Guarapo Costeño,2,½ libra de panela,½,0.5,,,libra,panela,,,,,
86afb0c1-e16a-11ed-ae1f-a96d6180cd25,Guarapo Costeño,3,Jugo de 3 limones o a tu gusto.,,,,,,Jugo de 3 limones o a tu gusto.,,,,,
86afb0c2-e16a-11ed-8b48-a96d6180cd25,Aguardiente Sour,1,6 oz Aguardiente colombiano,6,6.0,,,,oz Aguardiente colombiano,,,,,
86afb0c2-e16a-11ed-8b48-a96d6180cd25,Aguardiente Sour,2,2 oz de jugo de limón,2,2.0,,,,oz de jugo de limón,,,,,
86afb0c2-e16a-11ed-8b48-a96d6180cd25,Aguardiente Sour,3,4 oz de jugo de naranja,4,4.0,,,,oz de jugo de naranja,,,,,
86afb0c2-e16a-11ed-8b48-a96d6180cd25,Aguardiente Sour,4,1 cucharada de azúcar,1,1.0,,,cucharada,azúcar,,,,,
86afb0c2-e16a-11ed-8b48-a96d6180cd25,Aguardiente Sour,5,1 clara de huevo ligeramente batida,1,1.0,,,,clara de huevo ligeramente batida,,,,,
86afb0c3-e16a-11ed-a928-a96d6180cd25,Jugo de Mango,1,5 tazas de mangos pelados y cortados en trozos,5,5.0,,,tazas,mangos pelados y cortados en trozos,,,,,
86afb0c3-e16a-11ed-a928-a96d6180cd25,Jugo de Mango,2,4 tazas de agua,4,4.0,,,tazas,agua,,,,,
86afb0c3-e16a-11ed-a928-a96d6180cd25,Jugo de Mango,3,3 cucharadas de azúcar,3,3.0,,,cucharadas,azúcar,,,,,
86afb0c3-e16a-11ed-a928-a96d6180cd25,Jugo de Mango,4,½ taza de hielo picado,½,0.5,,,taza,hielo picado,,,,,
86afb0c4-e16a-11ed-a395-a96d6180cd25,Chocolate en Leche de Coco,1,2 tazas de leche de coco,2,2.0,,,tazas,leche de coco,,,,,
86afb0c4-e16a-11ed-a395-a96d6180cd25,Chocolate en Leche de Coco,2,3 tazas de leche entera,3,3.0,,,tazas,leche entera,,,,,
86afb0c4-e16a-11ed-a395-a96d6180cd25,Chocolate en Leche de Coco,3,7 oz de chocolate dulce picado,7,7.0,,,,oz de chocolate dulce picado,,,,,
86afb0c4-e16a-11ed-a395-a96d6180cd25,Chocolate en Leche de Coco,4,½ cucharadita de extracto de coco,½,0.5,,,cucharadita,extracto de coco,,,,,
86afb0c4-e16a-11ed-a395-a96d6180cd25,Chocolate en Leche de Coco,5,Azúcar al gusto,,,,,,Azúcar al gusto,,,,,
86afb0c5-e16a-11ed-a968-a96d6180cd25,Fresa Colada,1,1 libra de fresas cortadas por la mitad,1,1.0,,,libra,fresas cortadas por la mitad,,,,,
86afb0c5-e16a-11ed-a968-a96d6180cd25,Fresa Colada,2,¾ taza de leche de coco,¾,0.75,,,taza,leche de coco,,,,,
86afb0c5-e16a-11ed-a968-a96d6180cd25,Fresa Colada,3,1 taza de helado de vainilla,1,1.0,,,taza,helado de vainilla,,,,,
86afb0c5-e16a-11ed-a968-a96d6180cd25,Fresa Colada,4,4 cucharadas de leche condensada o a tu gusto,4,4.0,,,cucharadas,leche condensada o a tu gusto,,,,,
86afb0c5-e16a-11ed-a968-a96d6180cd25,Fresa Colada,5,Ron blanco a tu gusto,,,,,,Ron blanco a tu gusto,,,,,
86afb0c6-e16a-11ed-a43c-a96d6180cd25,Atol Colombiano,1,½ libra de maíz seco blanco,½,0.5,,,libra,maíz seco blanco,,,,,
86afb0c6-e16a-11ed-a43c-a96d6180cd25,Atol Colombiano,2,Panela rallada o azúcar morena a su gusto,,,,,,Panela rallada o azúcar morena a su gusto,,,,,
86afb0c6-e16a-11ed-a43c-a96d6180cd25,Atol Colombiano,3,4 ¼ tazas de leche,4 ¼,4.25,,,tazas,leche,,,,,
86afb0c7-e16a-11ed-99d6-a96d6180cd25,Mistela de Café,1,Media taza de café molido bien fuerte,,,,,,Media taza de café molido bien fuerte,,,,,
86afb0c7-e16a-11ed-99d6-a96d6180cd25,Mistela de Café,2,2 ½ tazas de agua,2 ½,2.5,,,tazas,agua,,,,,
86afb0c7-e16a-11ed-99d6-a96d6180cd25,Mistela de Café,3,¾ de taza de azúcar o a su gusto,¾,0.75,,,,de taza de azúcar o a su gusto,,,,,
86afb0c7-e16a-11ed-99d6-a96d6180cd25,Mistela de Café,4,1 taza de aguardiente,1,1.0,,,taza,aguardiente,,,,,
86afb0c7-e16a-11ed-99d6-a96d6180cd25,Mistela de Café,5,1 cucharadita de extracto de vainilla,1,1.0,,,cucharadita,extracto de vainilla,,,,,
86afb0c8-e16a-11ed-b342-a96d6180cd25,Limonada de Piña,1,"1 piña pelada, cortada en trozos de tamauño medio",1,1.0,,,,"piña pelada, cortada en trozos de tamauño medio",,,,,
86afb0c8-e16a-11ed-b342-a96d6180cd25,Limonada de Piña,2,6 tazas de agua,6,6.0,,,tazas,agua,,,,,
86afb0c8-e16a-11ed-b342-a96d6180cd25,Limonada de Piña,3,½ taza de azúcar o al gusto,½,0.5,,,taza,azúcar o al gusto,,,,,
86afb0c8-e16a-11ed-b342-a96d6180cd25,Limonada de Piña,4,¼ taza de jugo de limón,¼,0.25,,,taza,jugo de limón,,,,,
86afb0c9-e16a-11ed-87f8-a96d6180cd25,Colada de Piña,1,½ libra de maíz peto remojado durante la noche,½,0.5,,,libra,maíz peto remojado durante la noche,,,,,
86afb0c9-e16a-11ed-87f8-a96d6180cd25,Colada de Piña,2,7 tazas de agua,7,7.0,,,tazas,agua,,,,,
86afb0c9-e16a-11ed-87f8-a96d6180cd25,Colada de Piña,3,1 piña pelada y cortada en trozos de tamaño mediano,1,1.0,,,,piña pelada y cortada en trozos de tamaño mediano,,,,,
86afb0c9-e16a-11ed-87f8-a96d6180cd25,Colada de Piña,4,½ taza de azúcar o al gusto,½,0.5,,,taza,azúcar o al gusto,,,,,
86afb0c9-e16a-11ed-87f8-a96d6180cd25,Colada de Piña,5,½ cucharadita de canela molida,½,0.5,,,cucharadita,canela molida,,,,,
86afb0c9-e16a-11ed-87f8-a96d6180cd25,Colada de Piña,6,¼ cucharadita de nuez moscada molida,¼,0.25,,,cucharadita,nuez moscada molida,,,,,
86afb0c9-e16a-11ed-87f8-a96d6180cd25,Colada de Piña,7,¼ cucharadita de clavos molidos,¼,0.25,,,cucharadita,clavos molidos,,,,,
86afb0ca-e16a-11ed-8fa8-a96d6180cd25,Champús,1,2 tazas de maíz seco,2,2.0,,,tazas,maíz seco,,,,,
86afb0ca-e16a-11ed-8fa8-a96d6180cd25,Champús,2,½ libra de panela,½,0.5,,,libra,panela,,,,,
86afb0ca-e16a-11ed-8fa8-a96d6180cd25,Champús,3,7 lulos pelados y en puré,7,7.0,,,,lulos pelados y en puré,,,,,
86afb0ca-e16a-11ed-8fa8-a96d6180cd25,Champús,4,1 piña pelada y picada,1,1.0,,,,piña pelada y picada,,,,,
86afb0ca-e16a-11ed-8fa8-a96d6180cd25,Champús,5,4 hojas de naranjo o 1 cucharadita de ralladura de naranja,4,4.0,,,hojas,naranjo o 1 cucharadita de ralladura de naranja,,,,,
86afb0ca-e16a-11ed-8fa8-a96d6180cd25,Champús,6,2 palitos de canela,2,2.0,,,,palitos de canela,,,,,
86afb0ca-e16a-11ed-8fa8-a96d6180cd25,Champús,7,5 clavos enteros,5,5.0,,,,clavos enteros,,,,,
86afb0cb-e16a-11ed-9e79-a96d6180cd25,Fresco de Aguacate,1,1 aguacate maduro pelado y picado.,1,1.0,,,,aguacate maduro pelado y picado.,,,,,
86afb0cb-e16a-11ed-9e79-a96d6180cd25,Fresco de Aguacate,2,3 cucharadas de azúcar o a tu gusto,3,3.0,,,cucharadas,azúcar o a tu gusto,,,,,
86afb0cb-e16a-11ed-9e79-a96d6180cd25,Fresco de Aguacate,3,3 tazas de leche o a tu gusto,3,3.0,,,tazas,leche o a tu gusto,,,,,
86afb0cb-e16a-11ed-9e79-a96d6180cd25,Fresco de Aguacate,4,Hielo picado,,,,,,Hielo picado,,,,,
86afb0cc-e16a-11ed-a94a-a96d6180cd25,Chicha de Maíz,1,½ libra de maíz peto,½,0.5,,,libra,maíz peto,,,,,
86afb0cc-e16a-11ed-a94a-a96d6180cd25,Chicha de Maíz,2,La cascara de 1 piña madura,,,,,,La cascara de 1 piña madura,,,,,
86afb0cc-e16a-11ed-a94a-a96d6180cd25,Chicha de Maíz,3,½ libra de panela o a su gusto,½,0.5,,,libra,panela o a su gusto,,,,,
86afb0cc-e16a-11ed-a94a-a96d6180cd25,Chicha de Maíz,4,2 palitos de canela,2,2.0,,,,palitos de canela,,,,,
86afb0cc-e16a-11ed-a94a-a96d6180cd25,Chicha de Maíz,5,12 tazas de agua,12,12.0,,,tazas,agua,,,,,
86afb0cd-e16a-11ed-8d8b-a96d6180cd25,Agua de Panela con Jengibre,1,5 tazas de agua o a su gusto,5,5.0,,,tazas,agua o a su gusto,,,,,
86afb0cd-e16a-11ed-8d8b-a96d6180cd25,Agua de Panela con Jengibre,2,2 tazas o 16 oz de panela rallada o en trozos,2,2.0,,,tazas,o 16 oz de panela rallada o en trozos,,,,,
86afb0cd-e16a-11ed-8d8b-a96d6180cd25,Agua de Panela con Jengibre,3,2 cucharadas de jengibre fresco rallado,2,2.0,,,cucharadas,jengibre fresco rallado,,,,,
86afb0ce-e16a-11ed-8a9b-a96d6180cd25,Mazamorra Antioqueña,1,½ libra de maíz amarillo agrietada seca,½,0.5,,,libra,maíz amarillo agrietada seca,,,,,
86afb0ce-e16a-11ed-8a9b-a96d6180cd25,Mazamorra Antioqueña,2,8 tazas de agua,8,8.0,,,tazas,agua,,,,,
86afb0ce-e16a-11ed-8a9b-a96d6180cd25,Mazamorra Antioqueña,3,Leche para servir,,,,,,Leche para servir,,,,,
86afb0ce-e16a-11ed-8a9b-a96d6180cd25,Mazamorra Antioqueña,4,Panela o guayaba pasta para servir,,,,,,Panela o guayaba pasta para servir,,,,,
86afb0cf-e16a-11ed-abcb-a96d6180cd25,Chocolate Caliente con Arequipe o Dulce de Leche,1,4 tazas de leche,4,4.0,,,tazas,leche,,,,,
86afb0cf-e16a-11ed-abcb-a96d6180cd25,Chocolate Caliente con Arequipe o Dulce de Leche,2,4 oz de chocolate negro finamente picado,4,4.0,,,,oz de chocolate negro finamente picado,,,,,
86afb0cf-e16a-11ed-abcb-a96d6180cd25,Chocolate Caliente con Arequipe o Dulce de Leche,3,4 oz de chips de chocolate,4,4.0,,,,oz de chips de chocolate,,,,,
86afb0cf-e16a-11ed-abcb-a96d6180cd25,Chocolate Caliente con Arequipe o Dulce de Leche,4,1 cucharadita de esencia de vainilla,1,1.0,,,cucharadita,esencia de vainilla,,,,,
86afb0cf-e16a-11ed-abcb-a96d6180cd25,Chocolate Caliente con Arequipe o Dulce de Leche,5,2 cucharadas de dulce de leche o a su gusto y más para servir,2,2.0,,,cucharadas,dulce de leche o a su gusto y más para servir,,,,,
86afb0cf-e16a-11ed-abcb-a96d6180cd25,Chocolate Caliente con Arequipe o Dulce de Leche,6,Pizca de sal,,,,,,Pizca de sal,,,,,
86afb0cf-e16a-11ed-abcb-a96d6180cd25,Chocolate Caliente con Arequipe o Dulce de Leche,7,½ cucharadita de canela molida,½,0.5,,,cucharadita,canela molida,,,,,
86afb0d0-e16a-11ed-aaa9-a96d6180cd25,Chocolate Caliente con Agua,1,4 oz de chocolate colombiano,4,4.0,,,,oz de chocolate colombiano,,,,,
86afb0d0-e16a-11ed-aaa9-a96d6180cd25,Chocolate Caliente con Agua,2,2 cucharadas de azúcar o a su gusto,2,2.0,,,cucharadas,azúcar o a su gusto,,,,,
86afb0d0-e16a-11ed-aaa9-a96d6180cd25,Chocolate Caliente con Agua,3,4 tazas de agua,4,4.0,,,tazas,agua,,,,,
86afb0d1-e16a-11ed-9609-a96d6180cd25,Masato de Arroz,1,⅔ taza de arroz crudo,⅔,0.6666666667,,,taza,arroz crudo,,,,,
86afb0d1-e16a-11ed-9609-a96d6180cd25,Masato de Arroz,2,6 tazas de agua,6,6.0,,,tazas,agua,,,,,
86afb0d1-e16a-11ed-9609-a96d6180cd25,Masato de Arroz,3,1 palo de canela,1,1.0,,,,palo de canela,,,,,
86afb0d1-e16a-11ed-9609-a96d6180cd25,Masato de Arroz,4,2 clavos de olor,2,2.0,,,,clavos de olor,,,,,
86afb0d1-e16a-11ed-9609-a96d6180cd25,Masato de Arroz,5,½ a 1 taza de azuúcar o a su gusto,½ a 1,,0.5,1.0,taza,azuúcar o a su gusto,,,,,
86afb0d1-e16a-11ed-9609-a96d6180cd25,Masato de Arroz,6,Canela en polvo para servir,,,,,,Canela en polvo para servir,,,,,
86afb0d2-e16a-11ed-9388-a96d6180cd25,Batido de Papaya,1,2 tazas de papaya fresca cortadas en trozos,2,2.0,,,tazas,papaya fresca cortadas en trozos,,,,,
86afb0d2-e16a-11ed-9388-a96d6180cd25,Batido de Papaya,2,3 tazas de leche,3,3.0,,,tazas,leche,,,,,
86afb0d2-e16a-11ed-9388-a96d6180cd25,Batido de Papaya,3,¾ taza de azúcar o a tu gusto,¾,0.75,,,taza,azúcar o a tu gusto,,,,,
86afb0d2-e16a-11ed-9388-a96d6180cd25,Batido de Papaya,4,1 taza de hielo triturado,1,1.0,,,taza,hielo triturado,,,,,
86afb0d3-e16a-11ed-8e29-a96d6180cd25,Café Helado Hecho en Casa,1,2 tazas de café fuerte,2,2.0,,,tazas,café fuerte,,,,,
86afb0d3-e16a-11ed-8e29-a96d6180cd25,Café Helado Hecho en Casa,2,¾ taza de leche condensada o más a su gusto,¾,0.75,,,taza,leche condensada o más a su gusto,,,,,
86afb0d3-e16a-11ed-8e29-a96d6180cd25,Café Helado Hecho en Casa,3,1 taza de leche evaporada,1,1.0,,,taza,leche evaporada,,,,,
86afb0d3-e16a-11ed-8e29-a96d6180cd25,Café Helado Hecho en Casa,4,3 tazas de cubitos de hielo,3,3.0,,,tazas,cubitos de hielo,,,,,
86afb0d4-e16a-11ed-a1e5-a96d6180cd25,Carajillo,1,3 tazas de café elaborado cerveza fresco tostado oscuro,3,3.0,,,tazas,café elaborado cerveza fresco tostado oscuro,,,,,
86afb0d4-e16a-11ed-a1e5-a96d6180cd25,Carajillo,2,Azuúcar a su gusto,,,,,,Azuúcar a su gusto,,,,,
86afb0d4-e16a-11ed-a1e5-a96d6180cd25,Carajillo,3,Brandy o ron a su gusto,,,,,,Brandy o ron a su gusto,,,,,
86afb0d5-e16a-11ed-b143-a96d6180cd25,Canelazo,1,2 tazas aguapanela,2,2.0,,,tazas,aguapanela,,,,,
86afb0d5-e16a-11ed-b143-a96d6180cd25,Canelazo,2,1 taza de aguardiente,1,1.0,,,taza,aguardiente,,,,,
86afb0d5-e16a-11ed-b143-a96d6180cd25,Canelazo,3,4 ramas de canela,4,4.0,,,,ramas de canela,,,,,
86afb0d5-e16a-11ed-b143-a96d6180cd25,Canelazo,4,½ cucharadita de jugo de limón,½,0.5,,,cucharadita,jugo de limón,,,,,
86afb0d5-e16a-11ed-b143-a96d6180cd25,Canelazo,5,Azúcar para decorar el pocillo,,,,,,Azúcar para decorar el pocillo,,,,,
86afb0d6-e16a-11ed-942f-a96d6180cd25,Malteada de Arequipe o Dulce de Leche,1,3 tazas de leche,3,3.0,,,tazas,leche,,,,,
86afb0d6-e16a-11ed-942f-a96d6180cd25,Malteada de Arequipe o Dulce de Leche,2,1 taza de dulce de leche o arequipe,1,1.0,,,taza,dulce de leche o arequipe,,,,,
86afb0d6-e16a-11ed-942f-a96d6180cd25,Malteada de Arequipe o Dulce de Leche,3,1 y ½ tazas de hielo picado,1,1.0,,,,y ½ tazas de hielo picado,,,,,
86afb0d6-e16a-11ed-942f-a96d6180cd25,Malteada de Arequipe o Dulce de Leche,4,Pizca de canela,,,,,,Pizca de canela,,,,,
86afb0d7-e16a-11ed-acfe-a96d6180cd25,Jugo de Tomate de Arbol,1,4 tomates de árbol o tamarillo,4,4.0,,,,tomates de árbol o tamarillo,,,,,
86afb0d7-e16a-11ed-acfe-a96d6180cd25,Jugo de Tomate de Arbol,2,2 tazas de leche,2,2.0,,,tazas,leche,,,,,
86afb0d7-e16a-11ed-acfe-a96d6180cd25,Jugo de Tomate de Arbol,3,¼ de taza de hielo picado,¼,0.25,,,,de taza de hielo picado,,,,,
86afb0d8-e16a-11ed-b85a-a96d6180cd25,Jugo de Piña,1,3 tazas de piña pelada y en cubos,3,3.0,,,tazas,piña pelada y en cubos,,,,,
86afb0d8-e16a-11ed-b85a-a96d6180cd25,Jugo de Piña,2,1 ½ tazas de agua,1 ½,1.5,,,tazas,agua,,,,,
86afb0d8-e16a-11ed-b85a-a96d6180cd25,Jugo de Piña,3,½ de taza de hielo picado,½,0.5,,,,de taza de hielo picado,,,,,
86afb0d8-e16a-11ed-b85a-a96d6180cd25,Jugo de Piña,4,2 cucharadas de azuúcar,2,2.0,,,cucharadas,azuúcar,,,,,
86afb0d9-e16a-11ed-81dd-a96d6180cd25,Jugo de Banano en Leche,1,1 taza de leche,1,1.0,,,taza,leche,,,,,
86afb0d9-e16a-11ed-81dd-a96d6180cd25,Jugo de Banano en Leche,2,2 bananos maduros grandes pelados y cortados en trozos,2,2.0,,,,bananos maduros grandes pelados y cortados en trozos,,,,,
86afb0d9-e16a-11ed-81dd-a96d6180cd25,Jugo de Banano en Leche,3,¼ cucharadita de extracto de vainilla,¼,0.25,,,cucharadita,extracto de vainilla,,,,,
86afb0d9-e16a-11ed-81dd-a96d6180cd25,Jugo de Banano en Leche,4,1 ½ cucharadita de azúcar o al gusto,1 ½,1.5,,,cucharadita,azúcar o al gusto,,,,,
86afb0d9-e16a-11ed-81dd-a96d6180cd25,Jugo de Banano en Leche,5,Pizca de canela molida,,,,,,Pizca de canela molida,,,,,
86afb0d9-e16a-11ed-81dd-a96d6180cd25,Jugo de Banano en Leche,6,¼ taza de hielo picado,¼,0.25,,,taza,hielo picado,,,,,
86afb0da-e16a-11ed-aaf3-a96d6180cd25,Avena Colombiana,1,½ taza de ojuelas de avena,½,0.5,,,taza,ojuelas de avena,,,,,
86afb0da-e16a-11ed-aaf3-a96d6180cd25,Avena Colombiana,2,4 tazas de leche,4,4.0,,,tazas,leche,,,,,
86afb0da-e16a-11ed-aaf3-a96d6180cd25,Avena Colombiana,3,1 taza de agua,1,1.0,,,taza,agua,,,,,
86afb0da-e16a-11ed-aaf3-a96d6180cd25,Avena Colombiana,4,1 astilla de canela,1,1.0,,,,astilla de canela,,,,,
86afb0da-e16a-11ed-aaf3-a96d6180cd25,Avena Colombiana,5,Una pizca de clavo de olor molido,,,,,,Una pizca de clavo de olor molido,,,,,
86afb0da-e16a-11ed-aaf3-a96d6180cd25,Avena Colombiana,6,3 ½ cucharadas de azuúcar,3 ½,3.5,,,cucharadas,azuúcar,,,,,
86afb0db-e16a-11ed-a38a-a96d6180cd25,Torta Tres Leches de Mandarina,1,1 ½ tazas de harina para todo uso,1 ½,1.5,,,tazas,harina para todo uso,,,,,
86afb0db-e16a-11ed-a38a-a96d6180cd25,Torta Tres Leches de Mandarina,2,1 cucharada de polvo de hornear,1,1.0,,,cucharada,polvo de hornear,,,,,
86afb0db-e16a-11ed-a38a-a96d6180cd25,Torta Tres Leches de Mandarina,3,¼ cucharadita de sal,¼,0.25,,,cucharadita,sal,,,,,
86afb0db-e16a-11ed-a38a-a96d6180cd25,Torta Tres Leches de Mandarina,4,4 cucharadas de mantequilla,4,4.0,,,cucharadas,mantequilla,,,,,
86afb0db-e16a-11ed-a38a-a96d6180cd25,Torta Tres Leches de Mandarina,5,¾ de taza de leche entera,¾,0.75,,,,de taza de leche entera,,,,,
86afb0db-e16a-11ed-a38a-a96d6180cd25,Torta Tres Leches de Mandarina,6,4 huevos grandes a temperatura ambiente,4,4.0,,,,huevos grandes a temperatura ambiente,,,,,
86afb0db-e16a-11ed-a38a-a96d6180cd25,Torta Tres Leches de Mandarina,7,1 taza de azúcar,1,1.0,,,taza,azúcar,,,,,
86afb0db-e16a-11ed-a38a-a96d6180cd25,Torta Tres Leches de Mandarina,8,2 cucharaditas de ralladura de cascara de mandarina,2,2.0,,,cucharaditas,ralladura de cascara de mandarina,,,,,
86afb0db-e16a-11ed-a38a-a96d6180cd25,Torta Tres Leches de Mandarina,9,½ cucharadita de extracto de vainilla,½,0.5,,,cucharadita,extracto de vainilla,,,,,
86afb0db-e16a-11ed-a38a-a96d6180cd25,Torta Tres Leches de Mandarina,10,1 lata de leche evaporada,1,1.0,,,lata,leche evaporada,,,,,
86afb0db-e16a-11ed-a38a-a96d6180cd25,Torta Tres Leches de Mandarina,11,1 lata de leche condensada dulce,1,1.0,,,lata,leche condensada dulce,,,,,
86afb0db-e16a-11ed-a38a-a96d6180cd25,Torta Tres Leches de Mandarina,12,¼ taza de crema de leche,¼,0.25,,,taza,crema de leche,,,,,
86afb0db-e16a-11ed-a38a-a96d6180cd25,Torta Tres Leches de Mandarina,13,¾ de taza de jugo de mandarina,¾,0.75,,,,de taza de jugo de mandarina,,,,,
86afb0db-e16a-11ed-a38a-a96d6180cd25,Torta Tres Leches de Mandarina,14,Cubierta,,,,,,Cubierta,,,,,
86afb0db-e16a-11ed-a38a-a96d6180cd25,Torta Tres Leches de Mandarina,15,2 claras de huevo,2,2.0,,,,claras de huevo,,,,,
86afb0db-e16a-11ed-a38a-a96d6180cd25,Torta Tres Leches de Mandarina,16,½ cucharadita de cremor tártaro,½,0.5,,,cucharadita,cremor tártaro,,,,,
86afb0db-e16a-11ed-a38a-a96d6180cd25,Torta Tres Leches de Mandarina,17,½ taza de azúcar,½,0.5,,,taza,azúcar,,,,,
86afb0db-e16a-11ed-a38a-a96d6180cd25,Torta Tres Leches de Mandarina,18,¼ taza de agua,¼,0.25,,,taza,agua,,,,,
86afb0db-e16a-11ed-a38a-a96d6180cd25,Torta Tres Leches de Mandarina,19,½ cucharada de esencia de vainilla,½,0.5,,,cucharada,esencia de vainilla,,,,,
86afb0dc-e16a-11ed-9dd1-a96d6180cd25,Pionono de Arequipe Y Coco,1,5 huevos separados,5,5.0,,,,huevos separados,,,,,
86afb0dc-e16a-11ed-9dd1-a96d6180cd25,Pionono de Arequipe Y Coco,2,½ taza de harina para todo uso cernida,½,0.5,,,taza,harina para todo uso cernida,,,,,
86afb0dc-e16a-11ed-9dd1-a96d6180cd25,Pionono de Arequipe Y Coco,3,½ taza de azúcar,½,0.5,,,taza,azúcar,,,,,
86afb0dc-e16a-11ed-9dd1-a96d6180cd25,Pionono de Arequipe Y Coco,4,¼ cucharadita de extracto de vainilla,¼,0.25,,,cucharadita,extracto de vainilla,,,,,
86afb0dc-e16a-11ed-9dd1-a96d6180cd25,Pionono de Arequipe Y Coco,5,Azúcar en polvo,,,,,,Azúcar en polvo,,,,,
86afb0dc-e16a-11ed-9dd1-a96d6180cd25,Pionono de Arequipe Y Coco,6,1 taza de dulce de leche,1,1.0,,,taza,dulce de leche,,,,,
86afb0dc-e16a-11ed-9dd1-a96d6180cd25,Pionono de Arequipe Y Coco,7,½ taza de coco rallado,½,0.5,,,taza,coco rallado,,,,,
86afb0dd-e16a-11ed-9118-a96d6180cd25,Torta María Luisa,1,2 tazas de harina para todo uso,2,2.0,,,tazas,harina para todo uso,,,,,
86afb0dd-e16a-11ed-9118-a96d6180cd25,Torta María Luisa,2,1 cucharadita de polvo de hornear,1,1.0,,,cucharadita,polvo de hornear,,,,,
86afb0dd-e16a-11ed-9118-a96d6180cd25,Torta María Luisa,3,1 ¼ tazas de azúcar granulada,1 ¼,1.25,,,tazas,azúcar granulada,,,,,
86afb0dd-e16a-11ed-9118-a96d6180cd25,Torta María Luisa,4,1 taza de mantequilla a temperatura ambiente,1,1.0,,,taza,mantequilla a temperatura ambiente,,,,,
86afb0dd-e16a-11ed-9118-a96d6180cd25,Torta María Luisa,5,¼ taza de leche entera,¼,0.25,,,taza,leche entera,,,,,
86afb0dd-e16a-11ed-9118-a96d6180cd25,Torta María Luisa,6,4 huevos,4,4.0,,,,huevos,,,,,
86afb0dd-e16a-11ed-9118-a96d6180cd25,Torta María Luisa,7,1 cucharada de jugo de naranja,1,1.0,,,cucharada,jugo de naranja,,,,,
86afb0dd-e16a-11ed-9118-a96d6180cd25,Torta María Luisa,8,2 cucharadas de ralladura de naranja,2,2.0,,,cucharadas,ralladura de naranja,,,,,
86afb0dd-e16a-11ed-9118-a96d6180cd25,Torta María Luisa,9,1 taza de mermelada de bayas para el relleno o tu sabor favorito,1,1.0,,,taza,mermelada de bayas para el relleno o tu sabor favorito,,,,,
86afb0dd-e16a-11ed-9118-a96d6180cd25,Torta María Luisa,10,Azúcar en polvo para decorar,,,,,,Azúcar en polvo para decorar,,,,,
86afb0de-e16a-11ed-b0de-a96d6180cd25,Torta de Tres Leches de Chocolate,1,2 ½ tazas de harina,2 ½,2.5,,,tazas,harina,,,,,
86afb0de-e16a-11ed-b0de-a96d6180cd25,Torta de Tres Leches de Chocolate,2,½ cucharadita de sal,½,0.5,,,cucharadita,sal,,,,,
86afb0de-e16a-11ed-b0de-a96d6180cd25,Torta de Tres Leches de Chocolate,3,2 cucharaditas de polvo de hornear,2,2.0,,,cucharaditas,polvo de hornear,,,,,
86afb0de-e16a-11ed-b0de-a96d6180cd25,Torta de Tres Leches de Chocolate,4,2 tazas de azúcar,2,2.0,,,tazas,azúcar,,,,,
86afb0de-e16a-11ed-b0de-a96d6180cd25,Torta de Tres Leches de Chocolate,5,1 taza de chocolate en polvo,1,1.0,,,taza,chocolate en polvo,,,,,
86afb0de-e16a-11ed-b0de-a96d6180cd25,Torta de Tres Leches de Chocolate,6,1 taza de agua,1,1.0,,,taza,agua,,,,,
86afb0de-e16a-11ed-b0de-a96d6180cd25,Torta de Tres Leches de Chocolate,7,12 cucharadas de mantequilla blanda,12,12.0,,,cucharadas,mantequilla blanda,,,,,
86afb0de-e16a-11ed-b0de-a96d6180cd25,Torta de Tres Leches de Chocolate,8,5 huevos grandes,5,5.0,,,,huevos grandes,,,,,
86afb0de-e16a-11ed-b0de-a96d6180cd25,Torta de Tres Leches de Chocolate,9,½ cucharadita de vainilla,½,0.5,,,cucharadita,vainilla,,,,,
86afb0de-e16a-11ed-b0de-a96d6180cd25,Torta de Tres Leches de Chocolate,10,1 lata de leche condensada,1,1.0,,,lata,leche condensada,,,,,
86afb0de-e16a-11ed-b0de-a96d6180cd25,Torta de Tres Leches de Chocolate,11,1 lata de leche evaporada,1,1.0,,,lata,leche evaporada,,,,,
86afb0de-e16a-11ed-b0de-a96d6180cd25,Torta de Tres Leches de Chocolate,12,1 taza de crema de leche,1,1.0,,,taza,crema de leche,,,,,
86afb0de-e16a-11ed-b0de-a96d6180cd25,Torta de Tres Leches de Chocolate,13,½ cucharadita de extracto de vainilla,½,0.5,,,cucharadita,extracto de vainilla,,,,,
86afb0de-e16a-11ed-b0de-a96d6180cd25,Torta de Tres Leches de Chocolate,14,3 claras de huevo,3,3.0,,,,claras de huevo,,,,,
86afb0de-e16a-11ed-b0de-a96d6180cd25,Torta de Tres Leches de Chocolate,15,½ cucharadita de cremor tártaro,½,0.5,,,cucharadita,cremor tártaro,,,,,
86afb0de-e16a-11ed-b0de-a96d6180cd25,Torta de Tres Leches de Chocolate,16,¾ taza de azúcar,¾,0.75,,,taza,azúcar,,,,,
86afb0de-e16a-11ed-b0de-a96d6180cd25,Torta de Tres Leches de Chocolate,17,¼ taza de agua,¼,0.25,,,taza,agua,,,,,
86afb0de-e16a-11ed-b0de-a96d6180cd25,Torta de Tres Leches de Chocolate,18,½ cucharadita extracto de vainilla,½,0.5,,,cucharadita,extracto de vainilla,,,,,
86afd897-e16a-11ed-ae90-a96d6180cd25,Torta de Café,1,2 y ½ tazas de harina para todo uso,2,2.0,,,,y ½ tazas de harina para todo uso,,,,,
86afd897-e16a-11ed-ae90-a96d6180cd25,Torta de Café,2,2 cucharaditas de polvo de hornear,2,2.0,,,cucharaditas,polvo de hornear,,,,,
86afd897-e16a-11ed-ae90-a96d6180cd25,Torta de Café,3,½ taza de leche entera,½,0.5,,,taza,leche entera,,,,,
86afd897-e16a-11ed-ae90-a96d6180cd25,Torta de Café,4,8 oz 2 barras de mantequilla,8,8.0,,,,oz 2 barras de mantequilla,,,,,
86afd897-e16a-11ed-ae90-a96d6180cd25,Torta de Café,5,3 huevos a temperatura ambiente,3,3.0,,,,huevos a temperatura ambiente,,,,,
86afd897-e16a-11ed-ae90-a96d6180cd25,Torta de Café,6,1 cucharadita de extracto de vainilla,1,1.0,,,cucharadita,extracto de vainilla,,,,,
86afd897-e16a-11ed-ae90-a96d6180cd25,Torta de Café,7,2 ¼ tazas de azúcar,2 ¼,2.25,,,tazas,azúcar,,,,,
86afd897-e16a-11ed-ae90-a96d6180cd25,Torta de Café,8,½ cucharadita de sal,½,0.5,,,cucharadita,sal,,,,,
86afd897-e16a-11ed-ae90-a96d6180cd25,Torta de Café,9,1 taza de café BIEN fuerte,1,1.0,,,taza,café BIEN fuerte,,,,,
86afd897-e16a-11ed-ae90-a96d6180cd25,Torta de Café,10,2 cucharadas de azúcar en polvo,2,2.0,,,cucharadas,azúcar en polvo,,,,,
86afd897-e16a-11ed-ae90-a96d6180cd25,Torta de Café,11,"1 taza chocolate dulce, afeitado y dividido",1,1.0,,,taza,"chocolate dulce, afeitado y dividido",,,,,
86afd897-e16a-11ed-ae90-a96d6180cd25,Torta de Café,12,2 tazas de crema,2,2.0,,,tazas,crema,,,,,
86afd897-e16a-11ed-ae90-a96d6180cd25,Torta de Café,13,2 cucharadas de café instantaneo,2,2.0,,,cucharadas,café instantaneo,,,,,
86afd898-e16a-11ed-8589-a96d6180cd25,Buñuelos Colombianos,1,Aceite vegetal para freír,,,,,,Aceite vegetal para freír,,,,,
86afd898-e16a-11ed-8589-a96d6180cd25,Buñuelos Colombianos,2,¾ de taza de fécula de maíz,¾,0.75,,,,de taza de fécula de maíz,,,,,
86afd898-e16a-11ed-8589-a96d6180cd25,Buñuelos Colombianos,3,¼ de taza de harina de yuca,¼,0.25,,,,de taza de harina de yuca,,,,,
86afd898-e16a-11ed-8589-a96d6180cd25,Buñuelos Colombianos,4,1 taza de queso costeño o feta rallado,1,1.0,,,taza,queso costeño o feta rallado,,,,,
86afd898-e16a-11ed-8589-a96d6180cd25,Buñuelos Colombianos,5,½ taza de queso fresco,½,0.5,,,taza,queso fresco,,,,,
86afd898-e16a-11ed-8589-a96d6180cd25,Buñuelos Colombianos,6,2 huevos,2,2.0,,,,huevos,,,,,
86afd898-e16a-11ed-8589-a96d6180cd25,Buñuelos Colombianos,7,¼ de cucharadita de polvo de hornear,¼,0.25,,,,de cucharadita de polvo de hornear,,,,,
86afd898-e16a-11ed-8589-a96d6180cd25,Buñuelos Colombianos,8,2 cucharadas de azúcar,2,2.0,,,cucharadas,azúcar,,,,,
86afd898-e16a-11ed-8589-a96d6180cd25,Buñuelos Colombianos,9,Una pizca de sal,,,,,,Una pizca de sal,,,,,
86afd898-e16a-11ed-8589-a96d6180cd25,Buñuelos Colombianos,10,1 cucharada de leche,1,1.0,,,cucharada,leche,,,,,
86afd899-e16a-11ed-970c-a96d6180cd25,Torta de Plátano Maduro con Bocadillo y Queso,1,4 plátanos muy maduros,4,4.0,,,,plátanos muy maduros,,,,,
86afd899-e16a-11ed-970c-a96d6180cd25,Torta de Plátano Maduro con Bocadillo y Queso,2,1 ½ tazas de aceite vegetal para freír,1 ½,1.5,,,tazas,aceite vegetal para freír,,,,,
86afd899-e16a-11ed-970c-a96d6180cd25,Torta de Plátano Maduro con Bocadillo y Queso,3,3 huevos batidos,3,3.0,,,,huevos batidos,,,,,
86afd899-e16a-11ed-970c-a96d6180cd25,Torta de Plátano Maduro con Bocadillo y Queso,4,½ cucharadita de canela molida,½,0.5,,,cucharadita,canela molida,,,,,
86afd899-e16a-11ed-970c-a96d6180cd25,Torta de Plátano Maduro con Bocadillo y Queso,5,½ taza de leche,½,0.5,,,taza,leche,,,,,
86afd899-e16a-11ed-970c-a96d6180cd25,Torta de Plátano Maduro con Bocadillo y Queso,6,1 cucharadita de azúcar,1,1.0,,,cucharadita,azúcar,,,,,
86afd899-e16a-11ed-970c-a96d6180cd25,Torta de Plátano Maduro con Bocadillo y Queso,7,2 tazas de bocadilllo de guayaba,2,2.0,,,tazas,bocadilllo de guayaba,,,,,
86afd899-e16a-11ed-970c-a96d6180cd25,Torta de Plátano Maduro con Bocadillo y Queso,8,2 tazas de queso mozzarella cortado en cubos,2,2.0,,,tazas,queso mozzarella cortado en cubos,,,,,
86afd899-e16a-11ed-970c-a96d6180cd25,Torta de Plátano Maduro con Bocadillo y Queso,9,½ taza de queso mozzarella rallado,½,0.5,,,taza,queso mozzarella rallado,,,,,
86afd89a-e16a-11ed-9f1a-a96d6180cd25,Pandebonos Colombianos,1,⅔ taza de almidón de yuca o harina de yuca,⅔,0.6666666667,,,taza,almidón de yuca o harina de yuca,,,,,
86afd89a-e16a-11ed-9f1a-a96d6180cd25,Pandebonos Colombianos,2,¼ taza de harina de maíz precocida o Masarepa,¼,0.25,,,taza,harina de maíz precocida o Masarepa,,,,,
86afd89a-e16a-11ed-9f1a-a96d6180cd25,Pandebonos Colombianos,3,1 taza de queso freso mexicano o quesito colombiano,1,1.0,,,taza,queso freso mexicano o quesito colombiano,,,,,
86afd89a-e16a-11ed-9f1a-a96d6180cd25,Pandebonos Colombianos,4,1 ¼ tazas de queso costeño o queso Feta,1 ¼,1.25,,,tazas,queso costeño o queso Feta,,,,,
86afd89a-e16a-11ed-9f1a-a96d6180cd25,Pandebonos Colombianos,5,1 huevo grande,1,1.0,,,,huevo grande,,,,,
86afd89b-e16a-11ed-82bb-a96d6180cd25,Torta Negra Colombiana,1,2 tazas de ciruelas pasas sin semilla,2,2.0,,,tazas,ciruelas pasas sin semilla,,,,,
86afd89b-e16a-11ed-82bb-a96d6180cd25,Torta Negra Colombiana,2,2 tazas de uvas pasas,2,2.0,,,tazas,uvas pasas,,,,,
86afd89b-e16a-11ed-82bb-a96d6180cd25,Torta Negra Colombiana,3,1 taza de vino de Oporto,1,1.0,,,taza,vino de Oporto,,,,,
86afd89b-e16a-11ed-82bb-a96d6180cd25,Torta Negra Colombiana,4,½ taza de ron oscuro,½,0.5,,,taza,ron oscuro,,,,,
86afd89b-e16a-11ed-82bb-a96d6180cd25,Torta Negra Colombiana,5,2 tazas de brevas caladas,2,2.0,,,tazas,brevas caladas,,,,,
86afd89b-e16a-11ed-82bb-a96d6180cd25,Torta Negra Colombiana,6,1 libra de mantequilla,1,1.0,,,libra,mantequilla,,,,,
86afd89b-e16a-11ed-82bb-a96d6180cd25,Torta Negra Colombiana,7,1 libra de azuúcar,1,1.0,,,libra,azuúcar,,,,,
86afd89b-e16a-11ed-82bb-a96d6180cd25,Torta Negra Colombiana,8,12 huevos grandes a temperatura ambiente,12,12.0,,,,huevos grandes a temperatura ambiente,,,,,
86afd89b-e16a-11ed-82bb-a96d6180cd25,Torta Negra Colombiana,9,1 libra de harina,1,1.0,,,libra,harina,,,,,
86afd89b-e16a-11ed-82bb-a96d6180cd25,Torta Negra Colombiana,10,1 cucharadita de polvo para hornear,1,1.0,,,cucharadita,polvo para hornear,,,,,
86afd89b-e16a-11ed-82bb-a96d6180cd25,Torta Negra Colombiana,11,1 cucharadita de canela molida,1,1.0,,,cucharadita,canela molida,,,,,
86afd89b-e16a-11ed-82bb-a96d6180cd25,Torta Negra Colombiana,12,½ cucharadita de nuez moscada molida,½,0.5,,,cucharadita,nuez moscada molida,,,,,
86afd89b-e16a-11ed-82bb-a96d6180cd25,Torta Negra Colombiana,13,Media cucharadita de clavo molido,,,,,,Media cucharadita de clavo molido,,,,,
86afd89b-e16a-11ed-82bb-a96d6180cd25,Torta Negra Colombiana,14,1 cucharada de extracto de vainilla,1,1.0,,,cucharada,extracto de vainilla,,,,,
86afd89b-e16a-11ed-82bb-a96d6180cd25,Torta Negra Colombiana,15,3 cucharadas de dulce quemado o melaza,3,3.0,,,cucharadas,dulce quemado o melaza,,,,,
86afd89c-e16a-11ed-99b9-a96d6180cd25,Torta de Tres Leches,1,2 tazas de harina,2,2.0,,,tazas,harina,,,,,
86afd89c-e16a-11ed-99b9-a96d6180cd25,Torta de Tres Leches,2,2 cucharaditas de polvo de hornear,2,2.0,,,cucharaditas,polvo de hornear,,,,,
86afd89c-e16a-11ed-99b9-a96d6180cd25,Torta de Tres Leches,3,1 taza de leche,1,1.0,,,taza,leche,,,,,
86afd89c-e16a-11ed-99b9-a96d6180cd25,Torta de Tres Leches,4,5 huevos,5,5.0,,,,huevos,,,,,
86afd89c-e16a-11ed-99b9-a96d6180cd25,Torta de Tres Leches,5,1 cucharadita extracto de vainilla,1,1.0,,,cucharadita,extracto de vainilla,,,,,
86afd89c-e16a-11ed-99b9-a96d6180cd25,Torta de Tres Leches,6,6 cucharadas de mantequilla,6,6.0,,,cucharadas,mantequilla,,,,,
86afd89c-e16a-11ed-99b9-a96d6180cd25,Torta de Tres Leches,7,2 tazas de azúcar,2,2.0,,,tazas,azúcar,,,,,
86afd89c-e16a-11ed-99b9-a96d6180cd25,Torta de Tres Leches,8,½ cucharadita de sal,½,0.5,,,cucharadita,sal,,,,,
86afd89c-e16a-11ed-99b9-a96d6180cd25,Torta de Tres Leches,9,1 lata de leche condensada,1,1.0,,,lata,leche condensada,,,,,
86afd89c-e16a-11ed-99b9-a96d6180cd25,Torta de Tres Leches,10,1 lata de leche evaporada,1,1.0,,,lata,leche evaporada,,,,,
86afd89c-e16a-11ed-99b9-a96d6180cd25,Torta de Tres Leches,11,1 taza de crema de leche,1,1.0,,,taza,crema de leche,,,,,
86afd89c-e16a-11ed-99b9-a96d6180cd25,Torta de Tres Leches,12,½ cucharadita de extracto de vainilla,½,0.5,,,cucharadita,extracto de vainilla,,,,,
86afd89c-e16a-11ed-99b9-a96d6180cd25,Torta de Tres Leches,13,2 claras de huevo,2,2.0,,,,claras de huevo,,,,,
86afd89c-e16a-11ed-99b9-a96d6180cd25,Torta de Tres Leches,14,½ cucharadita de cremor tártaro,½,0.5,,,cucharadita,cremor tártaro,,,,,
86afd89c-e16a-11ed-99b9-a96d6180cd25,Torta de Tres Leches,15,½ taza de azúcar,½,0.5,,,taza,azúcar,,,,,
86afd89c-e16a-11ed-99b9-a96d6180cd25,Torta de Tres Leches,16,¼ de taza de agua,¼,0.25,,,,de taza de agua,,,,,
86afd89c-e16a-11ed-99b9-a96d6180cd25,Torta de Tres Leches,17,¼ de taza de agua,¼,0.25,,,,de taza de agua,,,,,
86afd89d-e16a-11ed-a634-a96d6180cd25,Almojábanas Colombianas,1,"1 ¼ taza Masarepa o harina de maíz blanco precocida, tamizada",1 ¼,1.25,,,taza,"Masarepa o harina de maíz blanco precocida, tamizada",,,,,
86afd89d-e16a-11ed-a634-a96d6180cd25,Almojábanas Colombianas,2,3 tazas Queso fresco o cuajada,3,3.0,,,tazas,Queso fresco o cuajada,,,,,
86afd89d-e16a-11ed-a634-a96d6180cd25,Almojábanas Colombianas,3,1 taza Queso mozzarella rallado,1,1.0,,,taza,Queso mozzarella rallado,,,,,
86afd89d-e16a-11ed-a634-a96d6180cd25,Almojábanas Colombianas,4,2 cucharadas Mantequilla derretida,2,2.0,,,cucharadas,Mantequilla derretida,,,,,
86afd89d-e16a-11ed-a634-a96d6180cd25,Almojábanas Colombianas,5,1 cucharadita Polvo para hornear,1,1.0,,,cucharadita,Polvo para hornear,,,,,
86afd89d-e16a-11ed-a634-a96d6180cd25,Almojábanas Colombianas,6,¼ cucharadita sal,¼,0.25,,,cucharadita,sal,,,,,
86afd89d-e16a-11ed-a634-a96d6180cd25,Almojábanas Colombianas,7,2 huevos,2,2.0,,,,huevos,,,,,
86afd89d-e16a-11ed-a634-a96d6180cd25,Almojábanas Colombianas,8,4 cucharadas leche,4,4.0,,,cucharadas,leche,,,,,
86afd89e-e16a-11ed-a11b-a96d6180cd25,Pan Aliñado Colombiano,1,3 tazas de harina para todo uso,3,3.0,,,tazas,harina para todo uso,,,,,
86afd89e-e16a-11ed-a11b-a96d6180cd25,Pan Aliñado Colombiano,2,¼ taza de leche en polvo,¼,0.25,,,taza,leche en polvo,,,,,
86afd89e-e16a-11ed-a11b-a96d6180cd25,Pan Aliñado Colombiano,3,1 + ¼ cucharadita de sal,1,1.0,,,,+ ¼ cucharadita de sal,,,,,
86afd89e-e16a-11ed-a11b-a96d6180cd25,Pan Aliñado Colombiano,4,1 paquete de levadura de crecimiento rápido,1,1.0,,,paquete,levadura de crecimiento rápido,,,,,
86afd89e-e16a-11ed-a11b-a96d6180cd25,Pan Aliñado Colombiano,5,4 cucharaditas de azúcar,4,4.0,,,cucharaditas,azúcar,,,,,
86afd89e-e16a-11ed-a11b-a96d6180cd25,Pan Aliñado Colombiano,6,¼ taza de mantequilla blanda,¼,0.25,,,taza,mantequilla blanda,,,,,
86afd89e-e16a-11ed-a11b-a96d6180cd25,Pan Aliñado Colombiano,7,¾ taza de taza de queso fresco o queso campesino desmenuzado,¾,0.75,,,taza,taza de queso fresco o queso campesino desmenuzado,,,,,
86afd89e-e16a-11ed-a11b-a96d6180cd25,Pan Aliñado Colombiano,8,¾ taza de agua tibia,¾,0.75,,,taza,agua tibia,,,,,
86afd89f-e16a-11ed-9270-a96d6180cd25,Pan Blandito Colombiano,1,2-1 / 4 tazas de harina para todo uso,2-1,,2.0,1.0,,/ 4 tazas de harina para todo uso,,,,,
86afd89f-e16a-11ed-9270-a96d6180cd25,Pan Blandito Colombiano,2,1 sobre de levadura instantanea,1,1.0,,,sobre,levadura instantanea,,,,,
86afd89f-e16a-11ed-9270-a96d6180cd25,Pan Blandito Colombiano,3,2 cucharadas de azúcar,2,2.0,,,cucharadas,azúcar,,,,,
86afd89f-e16a-11ed-9270-a96d6180cd25,Pan Blandito Colombiano,4,½ cucharadita de sal,½,0.5,,,cucharadita,sal,,,,,
86afd89f-e16a-11ed-9270-a96d6180cd25,Pan Blandito Colombiano,5,½ taza de agua,½,0.5,,,taza,agua,,,,,
86afd89f-e16a-11ed-9270-a96d6180cd25,Pan Blandito Colombiano,6,2 cucharadas de leche,2,2.0,,,cucharadas,leche,,,,,
86afd89f-e16a-11ed-9270-a96d6180cd25,Pan Blandito Colombiano,7,2 cucharadas de mantequilla,2,2.0,,,cucharadas,mantequilla,,,,,
86afd89f-e16a-11ed-9270-a96d6180cd25,Pan Blandito Colombiano,8,Queso Mozzarella opcional,,,,,,Queso Mozzarella opcional,,,,,
86afd89f-e16a-11ed-9270-a96d6180cd25,Pan Blandito Colombiano,9,Bocadillo opcional,,,,,,Bocadillo opcional,,,,,
86afd89f-e16a-11ed-9270-a96d6180cd25,Pan Blandito Colombiano,10,1 huevo batido,1,1.0,,,,huevo batido,,,,,
86afd8a0-e16a-11ed-a103-a96d6180cd25,Tres Leches de Café,1,2 tazas de harina,2,2.0,,,tazas,harina,,,,,
86afd8a0-e16a-11ed-a103-a96d6180cd25,Tres Leches de Café,2,2 cucharaditas de polvo de hornear,2,2.0,,,cucharaditas,polvo de hornear,,,,,
86afd8a0-e16a-11ed-a103-a96d6180cd25,Tres Leches de Café,3,1 taza de leche,1,1.0,,,taza,leche,,,,,
86afd8a0-e16a-11ed-a103-a96d6180cd25,Tres Leches de Café,4,5 huevos,5,5.0,,,,huevos,,,,,
86afd8a0-e16a-11ed-a103-a96d6180cd25,Tres Leches de Café,5,Extracto de vainilla 1 cucharadita,,,,,,Extracto de vainilla 1 cucharadita,,,,,
86afd8a0-e16a-11ed-a103-a96d6180cd25,Tres Leches de Café,6,6 cucharadas de mantequilla,6,6.0,,,cucharadas,mantequilla,,,,,
86afd8a0-e16a-11ed-a103-a96d6180cd25,Tres Leches de Café,7,2 tazas de azúcar,2,2.0,,,tazas,azúcar,,,,,
86afd8a0-e16a-11ed-a103-a96d6180cd25,Tres Leches de Café,8,½ cucharadita de sal,½,0.5,,,cucharadita,sal,,,,,
86afd8a0-e16a-11ed-a103-a96d6180cd25,Tres Leches de Café,9,1 lata de leche condensada,1,1.0,,,lata,leche condensada,,,,,
86afd8a0-e16a-11ed-a103-a96d6180cd25,Tres Leches de Café,10,1 lata de leche evaporada,1,1.0,,,lata,leche evaporada,,,,,
86afd8a0-e16a-11ed-a103-a96d6180cd25,Tres Leches de Café,11,1 taza de crema de leche,1,1.0,,,taza,crema de leche,,,,,
86afd8a0-e16a-11ed-a103-a96d6180cd25,Tres Leches de Café,12,½ cucharadita de extracto de vainilla,½,0.5,,,cucharadita,extracto de vainilla,,,,,
86afd8a0-e16a-11ed-a103-a96d6180cd25,Tres Leches de Café,13,5 cucharadas de café o espresso muy fuerte,5,5.0,,,cucharadas,café o espresso muy fuerte,,,,,
86afd8a0-e16a-11ed-a103-a96d6180cd25,Tres Leches de Café,14,2 claras de huevo,2,2.0,,,,claras de huevo,,,,,
86afd8a0-e16a-11ed-a103-a96d6180cd25,Tres Leches de Café,15,½ cucharadita de cremor tártaro,½,0.5,,,cucharadita,cremor tártaro,,,,,
86afd8a0-e16a-11ed-a103-a96d6180cd25,Tres Leches de Café,16,½ taza de azúcar,½,0.5,,,taza,azúcar,,,,,
86afd8a0-e16a-11ed-a103-a96d6180cd25,Tres Leches de Café,17,¼ de taza de agua,¼,0.25,,,,de taza de agua,,,,,
86afd8a0-e16a-11ed-a103-a96d6180cd25,Tres Leches de Café,18,½ cucharadita extracto de vainilla,½,0.5,,,cucharadita,extracto de vainilla,,,,,
86afd8a1-e16a-11ed-93d1-a96d6180cd25,Pan Trenza,1,3 ½ tazas de harina para todo uso,3 ½,3.5,,,tazas,harina para todo uso,,,,,
86afd8a1-e16a-11ed-93d1-a96d6180cd25,Pan Trenza,2,2 cucharadas de azúcar,2,2.0,,,cucharadas,azúcar,,,,,
86afd8a1-e16a-11ed-93d1-a96d6180cd25,Pan Trenza,3,½ cucharada de sal,½,0.5,,,cucharada,sal,,,,,
86afd8a1-e16a-11ed-93d1-a96d6180cd25,Pan Trenza,4,1 paquete de levadura de crecimiento rápido,1,1.0,,,paquete,levadura de crecimiento rápido,,,,,
86afd8a1-e16a-11ed-93d1-a96d6180cd25,Pan Trenza,5,¼ taza de aceite vegetal y más para engrasar el recipiente,¼,0.25,,,taza,aceite vegetal y más para engrasar el recipiente,,,,,
86afd8a1-e16a-11ed-93d1-a96d6180cd25,Pan Trenza,6,¾ taza de agua tibia,¾,0.75,,,taza,agua tibia,,,,,
86afd8a1-e16a-11ed-93d1-a96d6180cd25,Pan Trenza,7,3 huevos a temperatura ambiente,3,3.0,,,,huevos a temperatura ambiente,,,,,
86afd8a1-e16a-11ed-93d1-a96d6180cd25,Pan Trenza,8,2 cucharadas de queso parmesano o semillas de sésamo opcional,2,2.0,,,cucharadas,queso parmesano o semillas de sésamo opcional,,,,,
86afd8a2-e16a-11ed-a384-a96d6180cd25,Mogolla Chicharrona,1,1 sobre de levadura,1,1.0,,,sobre,levadura,,,,,
86afd8a2-e16a-11ed-a384-a96d6180cd25,Mogolla Chicharrona,2,7 oz más 4 cucharadas de agua tibia,7,7.0,,,,oz más 4 cucharadas de agua tibia,,,,,
86afd8a2-e16a-11ed-a384-a96d6180cd25,Mogolla Chicharrona,3,4 tazas de harina para todo uso,4,4.0,,,tazas,harina para todo uso,,,,,
86afd8a2-e16a-11ed-a384-a96d6180cd25,Mogolla Chicharrona,4,1 cucharadita de sal,1,1.0,,,cucharadita,sal,,,,,
86afd8a2-e16a-11ed-a384-a96d6180cd25,Mogolla Chicharrona,5,6 cucharadas de azúcar,6,6.0,,,cucharadas,azúcar,,,,,
86afd8a2-e16a-11ed-a384-a96d6180cd25,Mogolla Chicharrona,6,½ taza de mantequilla sin sal derretida,½,0.5,,,taza,mantequilla sin sal derretida,,,,,
86afd8a2-e16a-11ed-a384-a96d6180cd25,Mogolla Chicharrona,7,2 huevos grandes a temperatura ambiente,2,2.0,,,,huevos grandes a temperatura ambiente,,,,,
86afd8a2-e16a-11ed-a384-a96d6180cd25,Mogolla Chicharrona,8,1 huevo batido para el glaseado,1,1.0,,,,huevo batido para el glaseado,,,,,
86afd8a2-e16a-11ed-a384-a96d6180cd25,Mogolla Chicharrona,9,2 cucharadas de mantequilla derretida para el glaseado,2,2.0,,,cucharadas,mantequilla derretida para el glaseado,,,,,
86afd8a2-e16a-11ed-a384-a96d6180cd25,Mogolla Chicharrona,10,2 tazas de pequeños trozos de chicharrón de cerdo,2,2.0,,,tazas,pequeños trozos de chicharrón de cerdo,,,,,
86afd8a3-e16a-11ed-a371-a96d6180cd25,Torta de Plátano Maduro,1,5 plátanos maduros pelados y en puré,5,5.0,,,,plátanos maduros pelados y en puré,,,,,
86afd8a3-e16a-11ed-a371-a96d6180cd25,Torta de Plátano Maduro,2,2 tazas de queso mozzarella rallado,2,2.0,,,tazas,queso mozzarella rallado,,,,,
86afd8a3-e16a-11ed-a371-a96d6180cd25,Torta de Plátano Maduro,3,3 huevos batidos,3,3.0,,,,huevos batidos,,,,,
86afd8a3-e16a-11ed-a371-a96d6180cd25,Torta de Plátano Maduro,4,¼ taza de leche,¼,0.25,,,taza,leche,,,,,
86afd8a3-e16a-11ed-a371-a96d6180cd25,Torta de Plátano Maduro,5,3 cucharadas de azúcar morena o panela rallada,3,3.0,,,cucharadas,azúcar morena o panela rallada,,,,,
86afd8a3-e16a-11ed-a371-a96d6180cd25,Torta de Plátano Maduro,6,3 cucharadas de mantequilla derretida,3,3.0,,,cucharadas,mantequilla derretida,,,,,
86afd8a3-e16a-11ed-a371-a96d6180cd25,Torta de Plátano Maduro,7,½ cucharadita cucharaditas de extracto,½,0.5,,,cucharadita,cucharaditas de extracto,,,,,
86afd8a3-e16a-11ed-a371-a96d6180cd25,Torta de Plátano Maduro,8,½ cucharadita de polvo de hornear,½,0.5,,,cucharadita,polvo de hornear,,,,,
86afd8a3-e16a-11ed-a371-a96d6180cd25,Torta de Plátano Maduro,9,½ cucharadita de canela molida,½,0.5,,,cucharadita,canela molida,,,,,
86afd8a3-e16a-11ed-a371-a96d6180cd25,Torta de Plátano Maduro,10,¼ cucharadita de sal,¼,0.25,,,cucharadita,sal,,,,,
86afd8a4-e16a-11ed-b3cd-a96d6180cd25,Roscón de Bocadillo o Guayaba Colombiano,1,2 y ¼ cucharaditas de levadura,2,2.0,,,,y ¼ cucharaditas de levadura,,,,,
86afd8a4-e16a-11ed-b3cd-a96d6180cd25,Roscón de Bocadillo o Guayaba Colombiano,2,7 oz. más 4 cucharadas de agua tibia,7,7.0,,,,oz. más 4 cucharadas de agua tibia,,,,,
86afd8a4-e16a-11ed-b3cd-a96d6180cd25,Roscón de Bocadillo o Guayaba Colombiano,3,4 tazas de harina de trigo para todo uso,4,4.0,,,tazas,harina de trigo para todo uso,,,,,
86afd8a4-e16a-11ed-b3cd-a96d6180cd25,Roscón de Bocadillo o Guayaba Colombiano,4,1 cucharadita de sal,1,1.0,,,cucharadita,sal,,,,,
86afd8a4-e16a-11ed-b3cd-a96d6180cd25,Roscón de Bocadillo o Guayaba Colombiano,5,½ taza de azúcar un poco más para adornar,½,0.5,,,taza,azúcar un poco más para adornar,,,,,
86afd8a4-e16a-11ed-b3cd-a96d6180cd25,Roscón de Bocadillo o Guayaba Colombiano,6,½ taza de mantequilla sin sal derretida,½,0.5,,,taza,mantequilla sin sal derretida,,,,,
86afd8a4-e16a-11ed-b3cd-a96d6180cd25,Roscón de Bocadillo o Guayaba Colombiano,7,1 cucharada de extracto de vainilla,1,1.0,,,cucharada,extracto de vainilla,,,,,
86afd8a4-e16a-11ed-b3cd-a96d6180cd25,Roscón de Bocadillo o Guayaba Colombiano,8,2 huevos grandes a temperatura ambiente,2,2.0,,,,huevos grandes a temperatura ambiente,,,,,
86afd8a4-e16a-11ed-b3cd-a96d6180cd25,Roscón de Bocadillo o Guayaba Colombiano,9,1 huevo batido para el esmalte,1,1.0,,,,huevo batido para el esmalte,,,,,
86afd8a4-e16a-11ed-b3cd-a96d6180cd25,Roscón de Bocadillo o Guayaba Colombiano,10,2 cucharadas de mantequilla derretida para el glaseado,2,2.0,,,cucharadas,mantequilla derretida para el glaseado,,,,,
86afd8a4-e16a-11ed-b3cd-a96d6180cd25,Roscón de Bocadillo o Guayaba Colombiano,11,2 tazas de cubos o rebanadas de pasta de guayaba o bocadillo,2,2.0,,,tazas,cubos o rebanadas de pasta de guayaba o bocadillo,,,,,
86afd8a5-e16a-11ed-8996-a96d6180cd25,Brazo de Reina,1,4 huevos separados,4,4.0,,,,huevos separados,,,,,
86afd8a5-e16a-11ed-8996-a96d6180cd25,Brazo de Reina,2,½ taza de azúcar + 2 cucharadas,½,0.5,,,taza,azúcar + 2 cucharadas,,,,,
86afd8a5-e16a-11ed-8996-a96d6180cd25,Brazo de Reina,3,1 cucahradita de extracto de vainilla,1,1.0,,,,cucahradita de extracto de vainilla,,,,,
86afd8a5-e16a-11ed-8996-a96d6180cd25,Brazo de Reina,4,½ taza de harina tamizada,½,0.5,,,taza,harina tamizada,,,,,
86afd8a5-e16a-11ed-8996-a96d6180cd25,Brazo de Reina,5,½ cucharadita de polvo de hornear,½,0.5,,,cucharadita,polvo de hornear,,,,,
86afd8a5-e16a-11ed-8996-a96d6180cd25,Brazo de Reina,6,Para el relleno,,,,,,Para el relleno,,,,,
86afd8a5-e16a-11ed-8996-a96d6180cd25,Brazo de Reina,7,2 tazas de crema de leche fría,2,2.0,,,tazas,crema de leche fría,,,,,
86afd8a5-e16a-11ed-8996-a96d6180cd25,Brazo de Reina,8,6 cucharadas de azúcar en polvo,6,6.0,,,cucharadas,azúcar en polvo,,,,,
86afd8a5-e16a-11ed-8996-a96d6180cd25,Brazo de Reina,9,1 cucharadita de extracto de vainilla,1,1.0,,,cucharadita,extracto de vainilla,,,,,
86afd8a5-e16a-11ed-8996-a96d6180cd25,Brazo de Reina,10,3 tazas de fresas cortadas en cubitos,3,3.0,,,tazas,fresas cortadas en cubitos,,,,,
86afd8a6-e16a-11ed-bbcc-a96d6180cd25,Mantecada,1,1 ½ tazas de harina de maíz,1 ½,1.5,,,tazas,harina de maíz,,,,,
86afd8a6-e16a-11ed-bbcc-a96d6180cd25,Mantecada,2,½ taza de harina de trigo,½,0.5,,,taza,harina de trigo,,,,,
86afd8a6-e16a-11ed-bbcc-a96d6180cd25,Mantecada,3,1 cucharadita de polvo de hornear,1,1.0,,,cucharadita,polvo de hornear,,,,,
86afd8a6-e16a-11ed-bbcc-a96d6180cd25,Mantecada,4,2 barras de mantequilla sin sal,2,2.0,,,,barras de mantequilla sin sal,,,,,
86afd8a6-e16a-11ed-bbcc-a96d6180cd25,Mantecada,5,1 taza de azúcar,1,1.0,,,taza,azúcar,,,,,
86afd8a6-e16a-11ed-bbcc-a96d6180cd25,Mantecada,6,5 huevos grandes,5,5.0,,,,huevos grandes,,,,,
86afd8a6-e16a-11ed-bbcc-a96d6180cd25,Mantecada,7,1 cucharadita de extracto de vainilla,1,1.0,,,cucharadita,extracto de vainilla,,,,,
86afd8a6-e16a-11ed-bbcc-a96d6180cd25,Mantecada,8,1 cucharada de leche ron o aguardiente,1,1.0,,,cucharada,leche ron o aguardiente,,,,,
86afd8a7-e16a-11ed-b9d4-a96d6180cd25,Mojicones o Pan Mojicón,1,2 ¼ cucharaditas de levadura,2 ¼,2.25,,,cucharaditas,levadura,,,,,
86afd8a7-e16a-11ed-b9d4-a96d6180cd25,Mojicones o Pan Mojicón,2,7 oz + 4 cucharadas de agua tibia,7,7.0,,,,oz + 4 cucharadas de agua tibia,,,,,
86afd8a7-e16a-11ed-b9d4-a96d6180cd25,Mojicones o Pan Mojicón,3,4 tazas de harina para todo uso,4,4.0,,,tazas,harina para todo uso,,,,,
86afd8a7-e16a-11ed-b9d4-a96d6180cd25,Mojicones o Pan Mojicón,4,1 cucharadita de sal,1,1.0,,,cucharadita,sal,,,,,
86afd8a7-e16a-11ed-b9d4-a96d6180cd25,Mojicones o Pan Mojicón,5,½ taza de azúcar y un poco más para adornar,½,0.5,,,taza,azúcar y un poco más para adornar,,,,,
86afd8a7-e16a-11ed-b9d4-a96d6180cd25,Mojicones o Pan Mojicón,6,½ taza de mantequilla sin sal derretida,½,0.5,,,taza,mantequilla sin sal derretida,,,,,
86afd8a7-e16a-11ed-b9d4-a96d6180cd25,Mojicones o Pan Mojicón,7,1 cucharada de extracto de vainilla,1,1.0,,,cucharada,extracto de vainilla,,,,,
86afd8a7-e16a-11ed-b9d4-a96d6180cd25,Mojicones o Pan Mojicón,8,2 huevos grandes a temperatura ambiente,2,2.0,,,,huevos grandes a temperatura ambiente,,,,,
86afd8a7-e16a-11ed-b9d4-a96d6180cd25,Mojicones o Pan Mojicón,9,1 huevo batido para el glaseado,1,1.0,,,,huevo batido para el glaseado,,,,,
86afd8a7-e16a-11ed-b9d4-a96d6180cd25,Mojicones o Pan Mojicón,10,2 cucharadas de mantequilla derretida para el glaseado,2,2.0,,,cucharadas,mantequilla derretida para el glaseado,,,,,
86afd8a8-e16a-11ed-95e5-a96d6180cd25,Pan de Queso Colombiano,1,2 tazas de harina,2,2.0,,,tazas,harina,,,,,
86afd8a8-e16a-11ed-95e5-a96d6180cd25,Pan de Queso Colombiano,2,¼ de taza de leche caliente,¼,0.25,,,,de taza de leche caliente,,,,,
86afd8a8-e16a-11ed-95e5-a96d6180cd25,Pan de Queso Colombiano,3,½ cucharadita de azuúcar,½,0.5,,,cucharadita,azuúcar,,,,,
86afd8a8-e16a-11ed-95e5-a96d6180cd25,Pan de Queso Colombiano,4,1 cucharada de mantequilla derretida,1,1.0,,,cucharada,mantequilla derretida,,,,,
86afd8a8-e16a-11ed-95e5-a96d6180cd25,Pan de Queso Colombiano,5,½ taza de queso fresco o quesito,½,0.5,,,taza,queso fresco o quesito,,,,,
86afd8a8-e16a-11ed-95e5-a96d6180cd25,Pan de Queso Colombiano,6,½ taza de queso feta o queso costeño,½,0.5,,,taza,queso feta o queso costeño,,,,,
86afd8a8-e16a-11ed-95e5-a96d6180cd25,Pan de Queso Colombiano,7,1 huevo grande batido,1,1.0,,,,huevo grande batido,,,,,
86afd8a8-e16a-11ed-95e5-a96d6180cd25,Pan de Queso Colombiano,8,1 cucharadita de polvo para hornear,1,1.0,,,cucharadita,polvo para hornear,,,,,
86afd8a8-e16a-11ed-95e5-a96d6180cd25,Pan de Queso Colombiano,9,Sal al gusto,,,,,,Sal al gusto,,,,,
86afd8a9-e16a-11ed-ba7a-a96d6180cd25,Enyucado Colombiano,1,3 tazas de yuca rallada,3,3.0,,,tazas,yuca rallada,,,,,
86afd8a9-e16a-11ed-ba7a-a96d6180cd25,Enyucado Colombiano,2,1 y ½ tazas de queso rallado,1,1.0,,,,y ½ tazas de queso rallado,,,,,
86afd8a9-e16a-11ed-ba7a-a96d6180cd25,Enyucado Colombiano,3,1 taza de azuúcar,1,1.0,,,taza,azuúcar,,,,,
86afd8a9-e16a-11ed-ba7a-a96d6180cd25,Enyucado Colombiano,4,1 cucharada de mantequilla derretida,1,1.0,,,cucharada,mantequilla derretida,,,,,
86afd8a9-e16a-11ed-ba7a-a96d6180cd25,Enyucado Colombiano,5,¾ de taza de coco rallado,¾,0.75,,,,de taza de coco rallado,,,,,
86afd8a9-e16a-11ed-ba7a-a96d6180cd25,Enyucado Colombiano,6,1 taza de Leche de coco,1,1.0,,,taza,Leche de coco,,,,,
86afd8a9-e16a-11ed-ba7a-a96d6180cd25,Enyucado Colombiano,7,1 cucharadita de anís molido,1,1.0,,,cucharadita,anís molido,,,,,
86afd8aa-e16a-11ed-a70a-a96d6180cd25,Pan de Yuca Colombiano,1,1 taza de almidón de yuca,1,1.0,,,taza,almidón de yuca,,,,,
86afd8aa-e16a-11ed-a70a-a96d6180cd25,Pan de Yuca Colombiano,2,2 tazas de queso fresco,2,2.0,,,tazas,queso fresco,,,,,
86afd8aa-e16a-11ed-a70a-a96d6180cd25,Pan de Yuca Colombiano,3,1 ½ cucharaditas de polvo para hornear,1 ½,1.5,,,cucharaditas,polvo para hornear,,,,,
86afd8aa-e16a-11ed-a70a-a96d6180cd25,Pan de Yuca Colombiano,4,2 huevos,2,2.0,,,,huevos,,,,,
86afd8aa-e16a-11ed-a70a-a96d6180cd25,Pan de Yuca Colombiano,5,½ cucharadita de azúcar,½,0.5,,,cucharadita,azúcar,,,,,
86afd8ab-e16a-11ed-b117-a96d6180cd25,Ají Picante Colombiano,1,1 ají picante rojo,1,1.0,,,,ají picante rojo,,,,,
86afd8ab-e16a-11ed-b117-a96d6180cd25,Ají Picante Colombiano,2,½ taza de vinagre blanco,½,0.5,,,taza,vinagre blanco,,,,,
86afd8ab-e16a-11ed-b117-a96d6180cd25,Ají Picante Colombiano,3,½ de taza de agua,½,0.5,,,,de taza de agua,,,,,
86afd8ab-e16a-11ed-b117-a96d6180cd25,Ají Picante Colombiano,4,½ de cucharadita de sal,½,0.5,,,,de cucharadita de sal,,,,,
86afd8ab-e16a-11ed-b117-a96d6180cd25,Ají Picante Colombiano,5,1 cucharadita de azúcar,1,1.0,,,cucharadita,azúcar,,,,,
86afd8ab-e16a-11ed-b117-a96d6180cd25,Ají Picante Colombiano,6,1 cucharada de jugo de limón,1,1.0,,,cucharada,jugo de limón,,,,,
86afd8ab-e16a-11ed-b117-a96d6180cd25,Ají Picante Colombiano,7,2 cucharadas de aceite vegetal,2,2.0,,,cucharadas,aceite vegetal,,,,,
86afd8ab-e16a-11ed-b117-a96d6180cd25,Ají Picante Colombiano,8,½ taza de cilantro fresco picado,½,0.5,,,taza,cilantro fresco picado,,,,,
86afd8ab-e16a-11ed-b117-a96d6180cd25,Ají Picante Colombiano,9,½ de taza de perejil fresco picado,½,0.5,,,,de taza de perejil fresco picado,,,,,
86afd8ab-e16a-11ed-b117-a96d6180cd25,Ají Picante Colombiano,10,½ taza de cebolla larga picada,½,0.5,,,taza,cebolla larga picada,,,,,
86afd8ab-e16a-11ed-b117-a96d6180cd25,Ají Picante Colombiano,11,½ taza de tomate picado,½,0.5,,,taza,tomate picado,,,,,
86afd8ac-e16a-11ed-8a07-a96d6180cd25,Hogao Colombiano,1,3 cucharadas de aceite vegetal,3,3.0,,,cucharadas,aceite vegetal,,,,,
86afd8ac-e16a-11ed-8a07-a96d6180cd25,Hogao Colombiano,2,1 taza de cebolla larga picada,1,1.0,,,taza,cebolla larga picada,,,,,
86afd8ac-e16a-11ed-8a07-a96d6180cd25,Hogao Colombiano,3,2 tazas de tomates frescos picados,2,2.0,,,tazas,tomates frescos picados,,,,,
86afd8ac-e16a-11ed-8a07-a96d6180cd25,Hogao Colombiano,4,1 diente de ajo picado,1,1.0,,,diente,ajo picado,,,,,
86afd8ac-e16a-11ed-8a07-a96d6180cd25,Hogao Colombiano,5,1 cucharadita de comino molido,1,1.0,,,cucharadita,comino molido,,,,,
86afd8ac-e16a-11ed-8a07-a96d6180cd25,Hogao Colombiano,6,¼ de cucharadita de sal,¼,0.25,,,,de cucharadita de sal,,,,,
86afd8ac-e16a-11ed-8a07-a96d6180cd25,Hogao Colombiano,7,¼ cucharadita de pimienta molida,¼,0.25,,,cucharadita,pimienta molida,,,,,
86afd8ad-e16a-11ed-af91-a96d6180cd25,Salsa de Aliños,1,½ pimentón verde mediano picado,½,0.5,,,,pimentón verde mediano picado,,,,,
86afd8ad-e16a-11ed-af91-a96d6180cd25,Salsa de Aliños,2,½ pimentón rojo mediano picado,½,0.5,,,,pimentón rojo mediano picado,,,,,
86afd8ad-e16a-11ed-af91-a96d6180cd25,Salsa de Aliños,3,½ cebolla mediana picada,½,0.5,,,,cebolla mediana picada,,,,,
86afd8ad-e16a-11ed-af91-a96d6180cd25,Salsa de Aliños,4,4 cebollas largas picadas,4,4.0,,,,cebollas largas picadas,,,,,
86afd8ad-e16a-11ed-af91-a96d6180cd25,Salsa de Aliños,5,½ cucharadita de comino molido,½,0.5,,,cucharadita,comino molido,,,,,
86afd8ad-e16a-11ed-af91-a96d6180cd25,Salsa de Aliños,6,3 dientes de ajo machacados,3,3.0,,,dientes,ajo machacados,,,,,
86afd8ad-e16a-11ed-af91-a96d6180cd25,Salsa de Aliños,7,1 taza de agua,1,1.0,,,taza,agua,,,,,
86afd8ad-e16a-11ed-af91-a96d6180cd25,Salsa de Aliños,8,½ cucharada de Sazón con azafran,½,0.5,,,cucharada,Sazón con azafran,,,,,
86afd8ae-e16a-11ed-9c8c-a96d6180cd25,Salsa Rosada o Salsa Golf,1,½ taza de mayonesa,½,0.5,,,taza,mayonesa,,,,,
86afd8ae-e16a-11ed-9c8c-a96d6180cd25,Salsa Rosada o Salsa Golf,2,¼ de taza de salsa de tomate,¼,0.25,,,,de taza de salsa de tomate,,,,,
86afd8ae-e16a-11ed-9c8c-a96d6180cd25,Salsa Rosada o Salsa Golf,3,¼ cucharadita de jugo de limón,¼,0.25,,,cucharadita,jugo de limón,,,,,
86afd8ae-e16a-11ed-9c8c-a96d6180cd25,Salsa Rosada o Salsa Golf,4,Sal y pimienta recién molida,,,,,,Sal y pimienta recién molida,,,,,
86afd8ae-e16a-11ed-9c8c-a96d6180cd25,Salsa Rosada o Salsa Golf,5,¼ cucharadita de aji opcional,¼,0.25,,,cucharadita,aji opcional,,,,,
86afd8af-e16a-11ed-9fe0-a96d6180cd25,Salsa de Aguacate,1,2 aguacates pequeños,2,2.0,,,,aguacates pequeños,,,,,
86afd8af-e16a-11ed-9fe0-a96d6180cd25,Salsa de Aguacate,2,3 cucharadas de aceite de oliva,3,3.0,,,cucharadas,aceite de oliva,,,,,
86afd8af-e16a-11ed-9fe0-a96d6180cd25,Salsa de Aguacate,3,4 cucharadas de jugo de limón fresco,4,4.0,,,cucharadas,jugo de limón fresco,,,,,
86afd8af-e16a-11ed-9fe0-a96d6180cd25,Salsa de Aguacate,4,¼ de cucharadita de salsa picante opcional,¼,0.25,,,,de cucharadita de salsa picante opcional,,,,,
86afd8af-e16a-11ed-9fe0-a96d6180cd25,Salsa de Aguacate,5,¼ taza de crema agria,¼,0.25,,,taza,crema agria,,,,,
86afd8af-e16a-11ed-9fe0-a96d6180cd25,Salsa de Aguacate,6,¼ de taza de mayonesa,¼,0.25,,,,de taza de mayonesa,,,,,
86afd8af-e16a-11ed-9fe0-a96d6180cd25,Salsa de Aguacate,7,1 cucharada de cebolla picada,1,1.0,,,cucharada,cebolla picada,,,,,
86afd8af-e16a-11ed-9fe0-a96d6180cd25,Salsa de Aguacate,8,2 cucharadas de cilantro fresco picado,2,2.0,,,cucharadas,cilantro fresco picado,,,,,
86afd8af-e16a-11ed-9fe0-a96d6180cd25,Salsa de Aguacate,9,¼ de cucharadita de sal,¼,0.25,,,,de cucharadita de sal,,,,,
86afd8af-e16a-11ed-9fe0-a96d6180cd25,Salsa de Aguacate,10,¼ de cucharadita de pimienta molida fresca,¼,0.25,,,,de cucharadita de pimienta molida fresca,,,,,
86afd8b0-e16a-11ed-a60e-a96d6180cd25,Salsa de Ajo,1,1 taza de mayonesa,1,1.0,,,taza,mayonesa,,,,,
86afd8b0-e16a-11ed-a60e-a96d6180cd25,Salsa de Ajo,2,5 dientes de ajo,5,5.0,,,dientes,ajo,,,,,
86afd8b0-e16a-11ed-a60e-a96d6180cd25,Salsa de Ajo,3,¼ taza de cilantro fresco,¼,0.25,,,taza,cilantro fresco,,,,,
86afd8b0-e16a-11ed-a60e-a96d6180cd25,Salsa de Ajo,4,Sal al gusto,,,,,,Sal al gusto,,,,,
86afd8b0-e16a-11ed-a60e-a96d6180cd25,Salsa de Ajo,5,2 cucharadas de jugo de limón fresco,2,2.0,,,cucharadas,jugo de limón fresco,,,,,
86afd8b1-e16a-11ed-a587-a96d6180cd25,Chuletas de Cerdo con Salsa de Ciruelas,1,4 chuletas de cerdo,4,4.0,,,,chuletas de cerdo,,,,,
86afd8b1-e16a-11ed-a587-a96d6180cd25,Chuletas de Cerdo con Salsa de Ciruelas,2,¼ taza de sal,¼,0.25,,,taza,sal,,,,,
86afd8b1-e16a-11ed-a587-a96d6180cd25,Chuletas de Cerdo con Salsa de Ciruelas,3,4 tazas de agua,4,4.0,,,tazas,agua,,,,,
86afd8b1-e16a-11ed-a587-a96d6180cd25,Chuletas de Cerdo con Salsa de Ciruelas,4,2 cucharadas de aceite de oliva,2,2.0,,,cucharadas,aceite de oliva,,,,,
86afd8b1-e16a-11ed-a587-a96d6180cd25,Chuletas de Cerdo con Salsa de Ciruelas,5,1 taza de ciruelas pasas sin semilla,1,1.0,,,taza,ciruelas pasas sin semilla,,,,,
86afd8b1-e16a-11ed-a587-a96d6180cd25,Chuletas de Cerdo con Salsa de Ciruelas,6,2 cucharadas de azúcar,2,2.0,,,cucharadas,azúcar,,,,,
86afd8b1-e16a-11ed-a587-a96d6180cd25,Chuletas de Cerdo con Salsa de Ciruelas,7,½ taza de vino tinto,½,0.5,,,taza,vino tinto,,,,,
86afd8b1-e16a-11ed-a587-a96d6180cd25,Chuletas de Cerdo con Salsa de Ciruelas,8,2 cucharadas de mantequilla,2,2.0,,,cucharadas,mantequilla,,,,,
86afd8b1-e16a-11ed-a587-a96d6180cd25,Chuletas de Cerdo con Salsa de Ciruelas,9,1 taza de agua,1,1.0,,,taza,agua,,,,,
86afd8b1-e16a-11ed-a587-a96d6180cd25,Chuletas de Cerdo con Salsa de Ciruelas,10,Una pizca de sal,,,,,,Una pizca de sal,,,,,
86afd8b2-e16a-11ed-93a6-a96d6180cd25,Ají de Aguacate,1,2 aguacates,2,2.0,,,,aguacates,,,,,
86afd8b2-e16a-11ed-93a6-a96d6180cd25,Ají de Aguacate,2,1 ají,1,1.0,,,,ají,,,,,
86afd8b2-e16a-11ed-93a6-a96d6180cd25,Ají de Aguacate,3,1 huevo duro picado,1,1.0,,,,huevo duro picado,,,,,
86afd8b2-e16a-11ed-93a6-a96d6180cd25,Ají de Aguacate,4,Jugo de dos limones,,,,,,Jugo de dos limones,,,,,
86afd8b2-e16a-11ed-93a6-a96d6180cd25,Ají de Aguacate,5,Sal al gusto,,,,,,Sal al gusto,,,,,
86afd8b2-e16a-11ed-93a6-a96d6180cd25,Ají de Aguacate,6,2 cucharadas de vinagre blanco,2,2.0,,,cucharadas,vinagre blanco,,,,,
86afd8b2-e16a-11ed-93a6-a96d6180cd25,Ají de Aguacate,7,1 cebolla pequeña finamente picada,1,1.0,,,,cebolla pequeña finamente picada,,,,,
86afd8b2-e16a-11ed-93a6-a96d6180cd25,Ají de Aguacate,8,2 cebollas largas cortadas en trozos pequeños,2,2.0,,,,cebollas largas cortadas en trozos pequeños,,,,,
86afd8b2-e16a-11ed-93a6-a96d6180cd25,Ají de Aguacate,9,4 cucharadas de cilantro picado,4,4.0,,,cucharadas,cilantro picado,,,,,
86afd8b3-e16a-11ed-8e4e-a96d6180cd25,Carne con Chimichurri al Estilo Colombiano,1,1 ½ libra carne para asar,1 ½,1.5,,,libra,carne para asar,,,,,
86afd8b3-e16a-11ed-8e4e-a96d6180cd25,Carne con Chimichurri al Estilo Colombiano,2,El jugo de ½ limón,,,,,,El jugo de ½ limón,,,,,
86afd8b3-e16a-11ed-8e4e-a96d6180cd25,Carne con Chimichurri al Estilo Colombiano,3,2 cucharadas de aceite de oliva,2,2.0,,,cucharadas,aceite de oliva,,,,,
86afd8b3-e16a-11ed-8e4e-a96d6180cd25,Carne con Chimichurri al Estilo Colombiano,4,½ cucharadita de sal,½,0.5,,,cucharadita,sal,,,,,
86afd8b3-e16a-11ed-8e4e-a96d6180cd25,Carne con Chimichurri al Estilo Colombiano,5,½ cucharadita de pimienta negra,½,0.5,,,cucharadita,pimienta negra,,,,,
86afd8b3-e16a-11ed-8e4e-a96d6180cd25,Carne con Chimichurri al Estilo Colombiano,6,½ cucharada de comino molido,½,0.5,,,cucharada,comino molido,,,,,
86afd8b3-e16a-11ed-8e4e-a96d6180cd25,Carne con Chimichurri al Estilo Colombiano,7,1 diente de ajo pelado,1,1.0,,,diente,ajo pelado,,,,,
86afd8b3-e16a-11ed-8e4e-a96d6180cd25,Carne con Chimichurri al Estilo Colombiano,8,1 ½ taza de perejil fresco,1 ½,1.5,,,taza,perejil fresco,,,,,
86afd8b3-e16a-11ed-8e4e-a96d6180cd25,Carne con Chimichurri al Estilo Colombiano,9,½ taza de cilantro fresco,½,0.5,,,taza,cilantro fresco,,,,,
86afd8b3-e16a-11ed-8e4e-a96d6180cd25,Carne con Chimichurri al Estilo Colombiano,10,½ de taza de cebolla verde picada,½,0.5,,,,de taza de cebolla verde picada,,,,,
86afd8b3-e16a-11ed-8e4e-a96d6180cd25,Carne con Chimichurri al Estilo Colombiano,11,3 cucharadas de vinagre de vino tinto,3,3.0,,,cucharadas,vinagre de vino tinto,,,,,
86afd8b3-e16a-11ed-8e4e-a96d6180cd25,Carne con Chimichurri al Estilo Colombiano,12,3 cucharadas de aceite de oliva,3,3.0,,,cucharadas,aceite de oliva,,,,,
86afd8b3-e16a-11ed-8e4e-a96d6180cd25,Carne con Chimichurri al Estilo Colombiano,13,Sal y pimienta,,,,,,Sal y pimienta,,,,,
86afd8b4-e16a-11ed-aa75-a96d6180cd25,Vinagreta de Aguacate,1,2 aguacates maduros pequeños,2,2.0,,,,aguacates maduros pequeños,,,,,
86afd8b4-e16a-11ed-aa75-a96d6180cd25,Vinagreta de Aguacate,2,Jugo de1 limón,,,,,,Jugo de1 limón,,,,,
86afd8b4-e16a-11ed-aa75-a96d6180cd25,Vinagreta de Aguacate,3,⅓ taza de vinagre blanco,⅓,0.3333333333,,,taza,vinagre blanco,,,,,
86afd8b4-e16a-11ed-aa75-a96d6180cd25,Vinagreta de Aguacate,4,½ taza de aceite de oliva,½,0.5,,,taza,aceite de oliva,,,,,
86afd8b4-e16a-11ed-aa75-a96d6180cd25,Vinagreta de Aguacate,5,1 cucharada de perejil picado,1,1.0,,,cucharada,perejil picado,,,,,
86afd8b4-e16a-11ed-aa75-a96d6180cd25,Vinagreta de Aguacate,6,1 cucharada de cilantro fresco picado,1,1.0,,,cucharada,cilantro fresco picado,,,,,
86afd8b4-e16a-11ed-aa75-a96d6180cd25,Vinagreta de Aguacate,7,Sal y pimienta al gusto,,,,,,Sal y pimienta al gusto,,,,,
86afd8b5-e16a-11ed-bbea-a96d6180cd25,Ají de Uchuvas,1,1 taza de uchuvas,1,1.0,,,taza,uchuvas,,,,,
86afd8b5-e16a-11ed-bbea-a96d6180cd25,Ají de Uchuvas,2,1 cucharada de azúcar,1,1.0,,,cucharada,azúcar,,,,,
86afd8b5-e16a-11ed-bbea-a96d6180cd25,Ají de Uchuvas,3,1 ají cortados en cubitos,1,1.0,,,,ají cortados en cubitos,,,,,
86afd8b5-e16a-11ed-bbea-a96d6180cd25,Ají de Uchuvas,4,1 cebolla larga picada,1,1.0,,,,cebolla larga picada,,,,,
86afd8b5-e16a-11ed-bbea-a96d6180cd25,Ají de Uchuvas,5,3 cucharadas de cilantro picado,3,3.0,,,cucharadas,cilantro picado,,,,,
86afd8b5-e16a-11ed-bbea-a96d6180cd25,Ají de Uchuvas,6,1 cucharada de jugo de limón,1,1.0,,,cucharada,jugo de limón,,,,,
86afd8b5-e16a-11ed-bbea-a96d6180cd25,Ají de Uchuvas,7,½ de taza de agua,½,0.5,,,,de taza de agua,,,,,
86afd8b5-e16a-11ed-bbea-a96d6180cd25,Ají de Uchuvas,8,Sal al gusto,,,,,,Sal al gusto,,,,,
86afd8b6-e16a-11ed-807a-a96d6180cd25,Dulce de Uchuvas,1,1 taza de grosellas o uchuvas lavadas,1,1.0,,,taza,grosellas o uchuvas lavadas,,,,,
86afd8b6-e16a-11ed-807a-a96d6180cd25,Dulce de Uchuvas,2,⅓ taza de agua,⅓,0.3333333333,,,taza,agua,,,,,
86afd8b6-e16a-11ed-807a-a96d6180cd25,Dulce de Uchuvas,3,½ taza de azúcar,½,0.5,,,taza,azúcar,,,,,
86afd8b7-e16a-11ed-9bf1-a96d6180cd25,Ají de Maní,1,2 cebollas largas cortadas en trozos pequeños,2,2.0,,,,cebollas largas cortadas en trozos pequeños,,,,,
86afd8b7-e16a-11ed-9bf1-a96d6180cd25,Ají de Maní,2,2 cucharadas de aceite vegetal,2,2.0,,,cucharadas,aceite vegetal,,,,,
86afd8b7-e16a-11ed-9bf1-a96d6180cd25,Ají de Maní,3,¾ taza de maní tostado,¾,0.75,,,taza,maní tostado,,,,,
86afd8b7-e16a-11ed-9bf1-a96d6180cd25,Ají de Maní,4,¼ taza de cilantro fresco,¼,0.25,,,taza,cilantro fresco,,,,,
86afd8b8-e16a-11ed-bcfc-a96d6180cd25,Guacamole,1,2 aguacates maduros pequeuños,2,2.0,,,,aguacates maduros pequeuños,,,,,
86afd8b8-e16a-11ed-bcfc-a96d6180cd25,Guacamole,2,1 limón,1,1.0,,,,limón,,,,,
86afd8b8-e16a-11ed-bcfc-a96d6180cd25,Guacamole,3,¼ taza de cebolla finamente picada,¼,0.25,,,taza,cebolla finamente picada,,,,,
86afd8b8-e16a-11ed-bcfc-a96d6180cd25,Guacamole,4,3 cucharadas de chile jalapeño fresco finamente picado,3,3.0,,,cucharadas,chile jalapeño fresco finamente picado,,,,,
86afd8b8-e16a-11ed-bcfc-a96d6180cd25,Guacamole,5,¼ taza de hojas de cilantro fresco picado,¼,0.25,,,taza,hojas de cilantro fresco picado,,,,,
86afd8b8-e16a-11ed-bcfc-a96d6180cd25,Guacamole,6,½ de cucharadita de sal,½,0.5,,,,de cucharadita de sal,,,,,
