grupo_Alimento,codigo,nombre_alimento,parte_analizada,humedad_g,energia_kcal,energia_kj,proteina_g,lipidos_g,carbohidratos_totales_g,carbohidratos_disponibles_g,fibra_dietaria_g,cenizas_g,calcio_mg,hierro_mg,sodio_mg,fosforo_mg,yodo_mg,zinc_mg,magnesio_mg,potasio_mg,tiamina_mg,riboflavina_mg,niacina_mg,Folatos (mcg),vitamina_b12_mcg,vitamina_c_mg,vitamina_a_er,grasa_saturada_g,grasa_monoinsaturada_g,grasa_poliinsaturada_g,colesterol_mg,parte_comestible_pct,puntaje_positivo,puntaje_negativo,carga_nutricional_nrf,ratio_carbo_fibra,calidad_carbo_fibra,ratio_grasas_saludables,calidad_grasa,Energía (kcal)
Cereales_Derivados,A001,"Almidón de maíz, crudo",,8,370,1571,0.3,0.1,91.4,90.5,0.9,0.1,2,0.5,9,14,0.5,0.1,3,3,0,0,0,0,0,0,0,0,0,0,0,100,7.524025147,0,7.524025147,101.5555556,Baja (Refinado),0,Baja (Proaterogénica),
Cereales_Derivados,A002,"Almojábana, bogotana, horneada",,41.3,285,1196,13,12.3,30.6,,,2.8,320,2.2,,330,,,,,0.08,0.4,0.9,,,0,,,,,,100,62.83760684,0,62.83760684,,Baja (Sin Fibra),,,
Cereales_Derivados,A003,"Almojábana, vallecaucana, horneada",,29.1,341,1430,17.5,14.7,34.6,,,4.1,500,2.2,,340,,,,,0.04,0.4,0.1,,,0,,,,,,100,85.68376068,0,85.68376068,,Baja (Sin Fibra),,,
Cereales_Derivados,A004,"Arepa de maíz precocido, con sal",,60.3,163,690,3.3,0.9,35,34.1,0.9,0.6,17,0.7,188,22,,0.2,10,55,0.09,0.09,0.1,,,0,36,,,,,100,22.56203206,0,22.56203206,38.88888889,Baja (Refinado),,,
Cereales_Derivados,A005,"Arepa de maíz precocido, sin sal",,61.3,156,664,3.4,0.5,34.5,,,0.3,19,0.5,,163,,0.2,10,33,0.36,0.05,1.4,,0,0,0,,,,,100,14.12239628,0,14.12239628,,Baja (Sin Fibra),,,
Cereales_Derivados,A006,"Arepa de maíz, asada",,59.5,162,688,4.1,0,36.3,,,0.1,3,1.5,,50,,,20,220,0.03,0.01,0.1,,0,0,0,,,,,100,26.20685839,0,26.20685839,,Baja (Sin Fibra),,,
Cereales_Derivados,A007,"Arepa de maíz, con queso, asada",,57.3,211,884,4.8,8.4,29,,,0.5,,,,,,,,,,,,,0,,,,,,,100,9.6,0,9.6,,Baja (Sin Fibra),,,
Cereales_Derivados,A008,"Arepa de maíz, frita",,44.1,325,1355,3.4,20.3,32.1,,,0.1,2,0.4,,18,,,,,0.02,0.01,0.1,,0,0,,,,,,100,9.176068376,0,9.176068376,,Baja (Sin Fibra),,,
Cereales_Derivados,A009,"Arroz blanco, pulido, cocido, sin sal",Semilla,62.9,161,683,2.3,2.1,32.5,30.9,1.6,0.1,10,0.2,4,37,5,0.7,9,34,0.01,0.02,0.3,2,0,0,0,0.7,1.1,0,0,100,15.56088899,0,15.56088899,20.3125,Baja (Refinado),1.571428571,Baja (Proaterogénica),
Cereales_Derivados,A010,"Arroz blanco, pulido, crudo",Semilla,12.3,353,1498,6.7,0.4,80.1,79,1,0.5,9,0.8,2,140,14,1.2,35,85,0.07,0.03,1.8,9,0,0,0,0.2,0.2,0.2,0,100,34.50002468,0,34.50002468,80.1,Baja (Refinado),2,Alta (Cardioprotectora),
Cereales_Derivados,A011,"Arroz integral, cocido, sin sal",Semilla,11.5,370,1567,7.5,2.6,77.3,73.7,3.6,1.1,28,1.8,4,278,2.2,2,143,268,0.4,0.06,5.3,20,0,0,0,0.5,0.9,0.9,0,100,84.76073572,0,84.76073572,21.47222222,Baja (Refinado),3.6,Alta (Cardioprotectora),
Cereales_Derivados,A012,"Avena en hojuelas, precocida",Semilla,10,411,1733,16.9,7.5,64.1,54.3,9.8,1.5,54,4.5,3,320,6,4,155,434,0.72,0.13,1.6,57,0,0,0,1.3,2.4,2.6,0,100,158.3426506,0,158.3426506,6.540816327,Alta (Grano Entero),3.846153846,Alta (Cardioprotectora),
Cereales_Derivados,A013,"Brownie, de chocolate, horneado",,13.6,427,1792,4.8,16.3,64.2,62.1,2.1,1.1,29,2.2,286,101,,0.7,31,149,0.26,0.21,1.7,47,0.07,0,20,4.2,9,2.3,17,100,56.07637882,0,56.07637882,30.57142857,Baja (Refinado),2.69047619,Alta (Cardioprotectora),
Cereales_Derivados,A014,"Cebada, perlada, cruda",Semilla,12.4,385,1627,12.5,1.8,72.1,56.7,15.4,1.2,36,2.7,7,214,7,2.1,79,278,0.37,0.08,5.3,23,0,0,0,0.3,0.2,0.6,0,100,128.2436482,0,128.2436482,4.681818182,Alta (Grano Entero),2.666666667,Alta (Cardioprotectora),
Cereales_Derivados,A015,"Cereal para el desayuno, hojuelas de maíz, sin azúcar",,3.6,383,1624,8.1,0.4,85,81.7,3.3,2.9,5,7.9,680,58,10,0.4,10,92,1.76,1.78,14.1,333,3.84,0,0,0.2,0.2,0.3,0,100,159.8476177,0,159.8476177,25.75757576,Baja (Refinado),2.5,Alta (Cardioprotectora),
Cereales_Derivados,A016,"Croissant, de queso, horneado",,17,445,1860,9.2,23,48.9,46.3,2.6,1.9,48,1.6,423,111,7.7,0.8,20,134,0.52,0.21,2,68,0.32,0,227,10.2,5.9,1.6,53,100,90.10210168,0,90.10210168,18.80769231,Baja (Refinado),0.7352941176,Baja (Proaterogénica),
Cereales_Derivados,A017,"Cuchuco de cebada, crudo",Semilla,10.2,358,1518,8.4,0.7,79.4,,,1.3,36,1.7,,480,,,,,,,,,0,,,,,,,100,29.01367521,0,29.01367521,,Baja (Sin Fibra),,,
Cereales_Derivados,A018,"Cuchuco de trigo, crudo",Semilla,10.5,358,1520,12.8,1.2,74,,,1.5,50,4.3,,330,,,,,0.98,0.21,2.5,,0,0,,,,,,100,53.33504274,0,53.33504274,,Baja (Sin Fibra),,,
Cereales_Derivados,A019,"Envuelto de mazorca, precocido",,63,186,780,4.8,7.9,23.5,22.7,0.8,0.8,104,0.2,132,70,,0.4,15,125,0.12,0.05,1,,,5,5,0.5,0.7,1.4,,100,33.91036812,0,33.91036812,29.375,Baja (Refinado),4.2,Alta (Cardioprotectora),
Cereales_Derivados,A020,"Galletas dulces, con relleno",,1.2,516,2161,3.8,24.1,70.1,68.6,1.6,0.8,36,3.6,103,74,,0.4,16,126,0.08,0.13,2.3,78,0,0,0,12.3,7.6,3,0,100,62.07389136,0,62.07389136,43.8125,Baja (Refinado),0.8617886179,Baja (Proaterogénica),
Cereales_Derivados,A021,"Galletas dulces, cucas",,5.4,390,1655,7.6,3,83.2,,,0.8,8,0.4,,54,,,,,0.04,0.03,0.3,,,0,,,,,,100,18.03760684,0,18.03760684,,Baja (Sin Fibra),,,
Cereales_Derivados,A022,"Galletas dulces, de avena, con uvas pasas",,6.4,451,1897,6.5,16.2,68.6,66.1,2.6,2.3,100,2.6,538,161,,0.9,42,238,0.26,0.16,1.3,30,0.08,0,143,3.2,6.9,5,33,100,82.8751851,0,82.8751851,26.38461538,Baja (Refinado),3.71875,Alta (Cardioprotectora),
Cereales_Derivados,A023,"Galletas dulces, sin relleno",,5.4,472,1982,6.4,19.6,67.1,65.8,1.2,1.5,38,2,306,122,0,0.7,17,105,0.13,0.06,1.7,13,0.04,0,0,7.7,7,3.7,12,100,40.65156392,0,40.65156392,55.91666667,Baja (Refinado),1.38961039,Baja (Proaterogénica),
Cereales_Derivados,A024,"Galletas dulces, tipo polvorosas",,3.2,448,1889,7.6,12,76.4,74.3,2.1,0.8,54,1.8,352,166,,1,37,142,1.01,0.42,3.9,,,6,,3.9,3.7,2.2,,100,55.35131323,0,55.35131323,36.38095238,Baja (Refinado),1.512820513,Baja (Proaterogénica),
Cereales_Derivados,A025,"Galletas dulces, tipo wafer",,5.1,455,1913,5.4,15.2,73.2,71.3,1.9,1.1,48,3,388,104,,0.4,14,97,0.27,0.32,3.1,60,0.13,0,8,3.8,6.5,3.9,51,100,59.23074065,0,59.23074065,38.52631579,Baja (Refinado),2.736842105,Alta (Cardioprotectora),
Cereales_Derivados,A026,"Galletas saladas, tipo cracker",,3.6,466,1956,8.4,17.2,68.2,65.9,2.3,2.7,107,2.6,708,196,13,1,38,173,0.41,0.15,4,22,0,0,0,4.7,5.1,6.1,0,100,65.9179695,0,65.9179695,29.65217391,Baja (Refinado),2.382978723,Alta (Cardioprotectora),
Cereales_Derivados,A027,"Galletas saladas, tipo soda",,5,424,1786,9.6,9.7,72.9,70,3,2.7,38,5.6,944,145,,0.7,23,152,0.12,0.37,6.2,134,0.06,0,1,1.7,3.2,4,0,100,106.2698179,0,106.2698179,24.3,Baja (Refinado),4.235294118,Alta (Cardioprotectora),
Cereales_Derivados,A028,"Harina de arroz, cruda",,12,361,1533,6,1.4,80,77.6,2.4,0.6,8,0.4,0,98,,0.8,35,76,0.14,0.04,2.6,4,0,0,0,0.4,0.4,0.3,0,100,34.35939002,0,34.35939002,33.33333333,Baja (Refinado),1.75,Baja (Proaterogénica),
Cereales_Derivados,A029,"Harina de avena, cruda",,8.6,414,1745,14.7,8.6,66.2,59.7,6.5,2,54,4,19,440,20,3.2,132,371,0.63,0.13,1.5,32,0,0,0,1.5,2.7,3.1,0,100,126.3125425,0,126.3125425,10.18461538,Baja (Refinado),3.866666667,Alta (Cardioprotectora),
Cereales_Derivados,A030,"Harina de cebada, cruda",,11.4,378,1600,10.5,1.6,75.4,65.3,10.1,1.1,32,2.7,4,296,,2,96,309,0.37,0.11,6.3,8,0,0,0,0.3,0.2,0.8,0,100,105.964578,0,105.964578,7.465346535,Alta (Grano Entero),3.333333333,Alta (Cardioprotectora),
Cereales_Derivados,A031,"Harina de centeno, para panificación, cruda",,10.7,390,1646,15.9,2.9,68.3,54.9,13.4,2.2,37,5,2,499,,5,160,717,0.32,0.25,4.3,33,0,0,1,0.3,0.3,1,0,100,171.9927428,0,171.9927428,5.097014925,Alta (Grano Entero),4.333333333,Alta (Cardioprotectora),
Cereales_Derivados,A032,"Harina de centeno, para repostería, cruda",,11.5,370,1567,9.1,1.6,76.6,70.3,6.3,1.2,25,1.5,2,180,,1.7,78,305,0.2,0.1,1.2,21,0,0,0,0.2,0.2,0.7,0,100,81.26720053,0,81.26720053,12.15873016,Baja (Refinado),4.5,Alta (Cardioprotectora),
Cereales_Derivados,A033,"Harina de maíz amarillo, precocida",,10.1,386,1632,7.7,3.3,77.6,70.3,7.3,1.2,6,2.7,22,276,1,1.4,39,242,0.3,0.13,2.1,30,0,0,13,0.4,0.8,1.4,0,100,80.31206193,0,80.31206193,10.63013699,Baja (Refinado),5.5,Alta (Cardioprotectora),
Cereales_Derivados,A034,"Harina de maíz blanco, precocida",,12,380,1608,9.1,3.7,73.9,66.4,7.5,1.3,4,2.7,1,248,1,1.3,44,170,0.3,0.12,2.7,35,0,0,0,0.4,0.8,1.3,0,100,83.13661835,0,83.13661835,9.853333333,Alta (Grano Entero),5.25,Alta (Cardioprotectora),
Cereales_Derivados,A035,"Harina de maíz, extra cruda",,10.6,396,1671,8.8,4.9,74.3,64.7,9.6,1.4,11,2.4,5,272,,1.7,93,315,0.35,0.08,2,25,0,0,0,0.5,1,1.8,0,100,101.1601863,0,101.1601863,7.739583333,Alta (Grano Entero),5.6,Alta (Cardioprotectora),
Cereales_Derivados,A036,"Harina de maíz, extra tostada",,7.5,385,1630,9.9,3.4,77.9,76.5,1.4,1.3,9,4.1,420,194,,3.2,28,340,0.2,0.17,2,,0,0,0,,,,,100,62.17079469,0,62.17079469,55.64285714,Baja (Refinado),,,
Cereales_Derivados,A037,"Harina de quinua, cruda",,13.7,360,1525,11,4.1,69,67.5,1.5,2.2,44,4.9,12,97,,2.7,146,465,,,,,0,,,,,,,100,102.6195022,0,102.6195022,46,Baja (Refinado),,,
Cereales_Derivados,A038,"Harina de trigo, fortificada, para panificación, cruda",,12.2,363,1541,13.2,1.9,72.1,69.7,2.4,0.6,18,5.1,2,146,,1.6,34,120,0.77,0.46,6,214,0,0,0,0.3,0.2,0.7,0,100,128.8378069,0,128.8378069,30.04166667,Baja (Refinado),3,Alta (Cardioprotectora),
Cereales_Derivados,A039,"Harina de trigo, fortificada, para repostería, cruda",,12.8,358,1517,9.5,1.4,75.6,73.3,2.3,0.7,30,5.2,2,140,10,0.8,24,140,0.57,0.05,6.3,210,0,0,0,0.3,0.2,0.6,0,100,119.603876,0,119.603876,32.86956522,Baja (Refinado),2.666666667,Alta (Cardioprotectora),
Cereales_Derivados,A040,"Harina de trigo, fortificada, todo propósito, cruda",,13,360,1527,12.5,1.7,72.3,69.7,2.6,0.5,15,4.3,2,107,,1,26,103,0.98,0.47,6.1,216,0,0,0,0.3,0.1,0.7,0,100,121.7104149,0,121.7104149,27.80769231,Baja (Refinado),2.666666667,Alta (Cardioprotectora),
Cereales_Derivados,A041,"Harina de trigo, integral, cruda",,11,382,1616,13.8,2.1,71.2,59.8,11.4,1.8,48,4,3,390,0,3.4,124,500,0.45,0.26,5.2,49,0,0,0,0.4,0.3,1.1,0,100,146.640923,0,146.640923,6.245614035,Alta (Grano Entero),3.5,Alta (Cardioprotectora),
Cereales_Derivados,A042,"Hojaldre, regular, horneado",,10,555,2310,7.4,38.5,44,42.5,1.5,0.1,14,2.4,307,43,,0.5,16,62,0.01,0.06,3.8,55,0,0,17,5.5,8.8,22.2,0,100,55.3349609,0,55.3349609,29.33333333,Baja (Refinado),5.636363636,Alta (Cardioprotectora),
Cereales_Derivados,A043,"Maíz amarillo, crudo",Semilla,10.1,393,1660,9.4,4.7,74.5,67.2,7.3,1.2,7,2.7,35,213,,2.2,127,287,0.38,0.2,3.6,19,0,0,34,0.7,1.3,2.2,0,100,105.2821461,0,105.2821461,10.20547945,Baja (Refinado),5,Alta (Cardioprotectora),
Cereales_Derivados,A044,"Maíz amarillo, trillado",Semilla,13.2,347,1472,8.8,0.8,76,,,1.1,7,2.1,,281,,3.2,,,0.34,0.1,1.9,,0,0,90,,,,,100,39.80512821,0,39.80512821,,Baja (Sin Fibra),,,
Cereales_Derivados,A045,"Maíz blanco, crudo",Semilla,13.3,363,1539,9.4,3.8,72.2,70.8,1.4,1.3,4,2.4,35,228,,2.2,127,287,0.32,0.09,2.3,,0,1,0,0.7,1.3,2.2,0,100,74.89661497,0,74.89661497,51.57142857,Baja (Refinado),5,Alta (Cardioprotectora),
Cereales_Derivados,A046,"Maíz blanco, trillado",Semilla,12.2,357,1517,8.7,0.9,77.9,76.5,1.4,0.3,10,2,6,71,,,,,0.2,0.03,1.1,,0,0,0,,,,,100,34.28034188,0,34.28034188,55.64285714,Baja (Refinado),,,
Cereales_Derivados,A047,"Maíz maravilla, crudo",Semilla,54.5,180,764,2.8,0.4,41.3,,,1,60,3,,62,,,,,0.13,0.1,1.6,,0,3,,,,,,100,30.21538462,0,30.21538462,,Baja (Sin Fibra),,,
Cereales_Derivados,A048,"Maíz mute, cocido, sin sal",Semilla,75.7,98,418,2.5,0.5,21,,,0.3,13,0.6,,53,,,,,0.04,0.02,0.2,,0,0,,,,,,100,9.333333333,0,9.333333333,,Baja (Sin Fibra),,,
Cereales_Derivados,A049,"Maíz opaco 2, crudo",Semilla,10.7,378,1600,10.1,5.1,72.9,,,1.2,,,,,,,,,0.48,0.13,1.7,,0,1,45,,,,,100,26.31111111,0,26.31111111,,Baja (Sin Fibra),,,
Cereales_Derivados,A050,"Maíz opaco, crudo",Semilla,11.4,366,1549,9.6,3.8,73.3,,,1.9,12,10,12,28,,,,6,,,,,0,,,,,,,100,75.80629205,0,75.80629205,,Baja (Sin Fibra),,,
Cereales_Derivados,A051,"Maíz pira o reventón, crudo",Semilla,12.5,392,1655,10.9,4.3,71.1,58.4,12.7,1.2,5,3,7,299,,2.8,123,274,0.39,0.1,1.8,24,0,1,0,0.6,1,2.5,,100,126.4350375,0,126.4350375,5.598425197,Alta (Grano Entero),5.833333333,Alta (Cardioprotectora),
Cereales_Derivados,A052,"Maíz porva, crudo",Semilla,13.5,366,1551,7.7,5.2,72.2,,,1.4,5,2.5,,14,,,,,0.45,0.08,2.2,,0,2,7,,,,,100,32.67350427,0,32.67350427,,Baja (Sin Fibra),,,
Cereales_Derivados,A053,"Maíz tierno, crudo",Semilla,64.2,152,642,3.4,1.2,30.5,27.9,2.6,0.7,5,0.8,3,120,2,0.4,34,266,0.13,0.07,1.6,42,0,10,28,0.2,0.3,0.5,0,60,59.3918089,0,59.3918089,11.73076923,Baja (Refinado),4,Alta (Cardioprotectora),
Cereales_Derivados,A054,"Mantecada, horneada",,27,405,1691,7.9,24.2,38.7,38.3,0.4,2.2,88,2.9,506,143,,0.5,16,106,0.04,0.12,1.4,53,0.07,0,18,,,,,100,61.42375627,0,61.42375627,96.75,Baja (Refinado),,,
Cereales_Derivados,A055,"Mezcla lista para preparar pancakes, en polvo",,9.7,363,1536,11.7,1.6,72.8,67.4,5.4,4.3,158,3,1482,683,,0.8,31,191,0.39,0.55,3.8,84,0,0,0,0.1,0.2,0.5,0,100,103.9510093,0,103.9510093,13.48148148,Baja (Refinado),7,Alta (Cardioprotectora),
Cereales_Derivados,A056,"Mijo, crudo",Semilla,11,381,1610,11,4.2,70.5,62.1,8.5,3.2,8,3,5,285,2.5,1.7,114,195,0.42,0.29,4.7,85,0,0,0,0.7,0.8,2.1,0,100,122.1809875,0,122.1809875,8.294117647,Alta (Grano Entero),4.142857143,Alta (Cardioprotectora),
Cereales_Derivados,A057,"Mogolla, integral, horneada",,23,310,1316,7.2,1.9,66.1,,,1.8,40,6,1,,,,,,,,,,,,,,,,,100,50.81025641,0,50.81025641,,Baja (Sin Fibra),,,
Cereales_Derivados,A058,"Mojicón, horneado",,24.5,310,1316,9.3,1.9,63.7,63.1,0.6,0.6,25,3,,121,,,,,0.13,0.08,1.3,,,0,,,,,,100,39.33260073,0,39.33260073,106.1666667,Baja (Refinado),,,
Cereales_Derivados,A059,"Muffins dulces, con chips de chocolate",,33.3,325,1365,7.3,12.4,45.1,43.1,2,1.9,161,2.5,254,259,21,0.8,33,177,0.28,0.24,2.1,61,0.5,0,144,4.4,4.8,2.4,33,100,90.88946172,0,90.88946172,22.55,Baja (Refinado),1.636363636,Baja (Proaterogénica),
Cereales_Derivados,A060,"Pan blanco, regular, horneado",,37.2,268,1133,8.9,3.4,48.8,45.6,3.2,1.7,54,3,541,105,6,0.9,34,135,0.46,0.29,3.6,118,0.03,0,0,0.6,0.6,1.2,0,100,90.51666277,0,90.51666277,15.25,Baja (Refinado),3,Alta (Cardioprotectora),
Cereales_Derivados,A061,"Pan blanco, tipo molde, horneado",,31.4,278,1181,8.9,1.6,56.8,56.1,0.7,1.3,25,1.9,1183,97,4,0.8,30,137,0.09,0.06,0.7,25,0,0,0,0.3,0.3,0.5,0,100,49.08638324,0,49.08638324,81.14285714,Baja (Refinado),2.666666667,Alta (Cardioprotectora),
Cereales_Derivados,A062,"Pan de centeno, horneado",,35.2,257,1092,9.3,1.2,52.3,,,2,50,4,,150,,,,,0.2,0.08,1.5,,,0,,,,,,100,44.66837607,0,44.66837607,,Baja (Sin Fibra),,,
Cereales_Derivados,A063,"Pan de dulce, regular, horneado",,23.1,328,1388,8.9,4.3,63.1,62.5,0.6,0.6,31,3,203,133,,1.4,,129,0.08,0.11,1.2,,,0,0,,,,,100,41.73882005,0,41.73882005,105.1666667,Baja (Refinado),,,
Cereales_Derivados,A064,"Pan de leche, horneado",,35.4,281,1187,8.6,4.8,49.7,47.6,2.1,1.5,83,3,352,119,,0.6,22,146,0.41,0.38,2.8,112,0.08,0,22,2,1.5,2.7,4,100,86.54020471,0,86.54020471,23.66666667,Baja (Refinado),2.1,Alta (Cardioprotectora),
Cereales_Derivados,A065,"Pan de queso, horneado",,32.5,367,1533,10.4,20.8,33.5,31.4,2.1,2.8,90,2,750,120,,1,17,84,0.43,0.3,3.3,107,0.24,0,32,6.2,4.3,9.2,10,100,82.47459668,0,82.47459668,15.95238095,Baja (Refinado),2.177419355,Alta (Cardioprotectora),
Cereales_Derivados,A066,"Pan de sal, regular, horneado",,22.4,340,1437,11.1,6.4,59.3,58.9,0.4,0.8,36,1.9,,99,,,,,0.12,0.06,1.7,,,0,,,,,,100,36.95335775,0,36.95335775,148.25,Baja (Refinado),,,
Cereales_Derivados,A067,"Pan de yuca, horneado",,23.5,355,1494,15.8,12.2,45.5,,,3,550,1.2,,380,,,34,280,0.05,0.52,0.1,,,,,,,,,100,94.62704388,0,94.62704388,,Baja (Sin Fibra),,,
Cereales_Derivados,A068,"Pan francés, horneado",,25.3,308,1307,10.1,2.1,61.1,58.8,2.3,1.4,32,1.9,625,126,10,0.8,31,120,0.23,0.17,1.6,62,0,0,0,0.5,0.4,0.7,0,100,66.8655236,0,66.8655236,26.56521739,Baja (Refinado),2.2,Alta (Cardioprotectora),
Cereales_Derivados,A069,"Pan integral, regular, horneado",,35.3,279,1181,9.4,3.1,50.4,43.9,6.5,1.9,50,2.7,448,220,5,1.5,62,214,0.2,0.1,3.4,36,0,0,0,0.7,0.9,1.1,0,100,89.17553581,0,89.17553581,7.753846154,Alta (Grano Entero),2.857142857,Alta (Cardioprotectora),
Cereales_Derivados,A070,"Pandebono, horneado",,20,357,1504,15.8,10.1,50.7,,,3.4,450,7.3,,221,,,,,0.07,0.45,1,,,0,,,,,,100,106.7709402,0,106.7709402,,Baja (Sin Fibra),,,
Cereales_Derivados,A071,"Pasta alimenticia, con huevo, sin enriquecer, cocida, sin sal",,68.3,132,558,4.5,1,25.5,24.3,1.2,0.6,12,0.5,5,76,2.9,0.6,21,32,0.03,0.02,0.4,7,0.09,0,5,0.3,0.5,0.4,29,100,24.97297561,0,24.97297561,21.25,Baja (Refinado),3,Alta (Cardioprotectora),
Cereales_Derivados,A072,"Pasta alimenticia, enriquecida, cruda",,9.9,371,1573,13,1.5,74.7,71.5,3.2,0.9,25,3.9,6,120,,1.3,53,223,0.95,0.39,7.1,237,0,0,0,0.3,0.2,0.6,0,100,137.6320435,0,137.6320435,23.34375,Baja (Refinado),2.666666667,Alta (Cardioprotectora),
Cereales_Derivados,A073,"Pasta alimenticia, sin enriquecer, cocida, sin sal",,65.7,143,606,5.8,0.9,27,25.2,1.8,0.6,7,0.5,1,58,0,0.5,18,44,0.02,0.02,0.4,7,0,0,0,0.2,0.1,0.3,0,100,28.31669524,0,28.31669524,15,Baja (Refinado),2,Alta (Cardioprotectora),
Cereales_Derivados,A074,"Pasta alimenticia, sin enriquecer, cruda",,9.9,371,1572,13,1.4,74.8,71.6,3.2,0.9,21,1,5,167,10,1.5,55,236,0.15,0.03,2.5,18,0,0,0,0.2,1.5,0.6,0,100,67.21602629,0,67.21602629,23.375,Baja (Refinado),10.5,Alta (Cardioprotectora),
Cereales_Derivados,A075,"Ponqué blanco, cubierto de chocolate, horneado",,22.1,398,1669,3,17.8,55.9,54.4,1.5,1.3,26,1.5,310,138,,0.4,20,187,0.07,0.09,0.8,22,0,0,47,5.8,7.2,4.7,16,100,41.15332658,0,41.15332658,37.26666667,Baja (Refinado),2.051724138,Alta (Cardioprotectora),
Cereales_Derivados,A076,"Ponqué blanco, cubierto de crema blanca y chocolate, horneado",,22.1,398,1669,3,17.8,55.9,54.4,1.5,1.3,30,1,310,138,,0.4,20,187,0.07,0.09,0.8,22,0,0,47,5.8,7.2,4.7,16,100,38.68324111,0,38.68324111,37.26666667,Baja (Refinado),2.051724138,Alta (Cardioprotectora),
Cereales_Derivados,A077,"Ponqué blanco, regular, sin cubierta, horneado",,22.4,403,1687,5.3,19.2,51.7,50.7,1,1.4,65,1.2,393,136,12.1,0.4,12,100,0.04,0.13,0.3,24,0.23,0,81,5.7,9.5,2.9,77,100,45.82289767,0,45.82289767,51.7,Baja (Refinado),2.175438596,Alta (Cardioprotectora),
Cereales_Derivados,A078,"Ponqué negro, cubierto de chocolate, horneado",,20.5,417,1744,3.5,20.1,54.4,52.2,2.2,1.6,30,3,348,137,,0.6,31,270,0.09,0.06,0.8,17,0,0,71,5.9,7.3,4.6,22,100,59.09602395,0,59.09602395,24.72727273,Baja (Refinado),2.016949153,Alta (Cardioprotectora),
Cereales_Derivados,A079,"Quinua, cruda",Semilla,12,375,1590,14.6,4.4,66.4,59.9,6.5,2.6,55,8.4,5,354,,3.2,202,652,0.36,0.24,1.7,184,0,0,0,0.6,1.5,2.8,0,100,211.2793001,0,211.2793001,10.21538462,Baja (Refinado),7.166666667,Alta (Cardioprotectora),
Cereales_Derivados,A080,"Roscas de harina de maíz y cuajada, horneadas",,20.4,388,1629,18.6,17.6,38.9,,,4.5,372,1.3,,220,,,,,0.26,0.33,0.3,,,0,1,,,,,100,73.14871795,0,73.14871795,,Baja (Sin Fibra),,,
Cereales_Derivados,A081,"Roscas de harina de maíz, horneadas",,19.3,353,1492,12.1,7.6,59.1,,,1.9,33,5.1,,108,,,,,0.12,0.18,1,,,0,10,,,,,100,56.18290598,0,56.18290598,,Baja (Sin Fibra),,,
Cereales_Derivados,A082,"Roscas de harina de trigo, horneadas",,34.2,324,1359,7.2,13.2,43.8,43.4,0.4,1.6,41,2.6,281,110,15,0.3,11,90,0.2,0.21,1,39,0.24,0,41,7.9,3.9,0.8,41,100,52.26635882,0,52.26635882,109.5,Baja (Refinado),0.5949367089,Baja (Proaterogénica),
Cereales_Derivados,A083,"Roscón, relleno de arequipe, horneado",,20.1,349,1475,6.2,6.6,66.1,,,0.9,58,3.8,757,,,,25,460,,,,,,,,,,,,100,53.71226457,0,53.71226457,,Baja (Sin Fibra),,,
Cereales_Derivados,A084,"Roscón, relleno de bocadillo, horneado",,21,345,1457,7.9,6.8,62.9,,,1.4,36,4,606,,,54.2,15,342,,,,,,,,,,,,100,51.63947731,0,51.63947731,,Baja (Sin Fibra),,,
Cereales_Derivados,A085,"Semolina, enriquecida, cruda",,12.7,362,1534,12.7,1.6,72.3,68.4,3.9,0.8,20,2.4,1,93,,1.1,47,186,0.34,0.36,3.2,261,0,0,0,0.2,0.1,0.4,0,100,134.5982893,0,134.5982893,18.53846154,Baja (Refinado),2.5,Alta (Cardioprotectora),
Cereales_Derivados,A086,"Semolina, sin enriquecer, cruda",,12.9,362,1536,12.7,1.8,71.9,68,3.9,0.8,18,1,1,110,,1.1,47,186,0.29,0.08,3.3,72,0,0,0,0.2,0.1,0.4,0,100,79.41666537,0,79.41666537,18.43589744,Baja (Refinado),2.5,Alta (Cardioprotectora),
Cereales_Derivados,A087,"Tostadas o calados, horneados",,9,398,1682,10,6.8,72.3,68.7,3.6,1.8,40,3.6,570,139,7,0.9,26,122,0.4,0.37,1.5,103,0.05,0,0,0.7,0.6,1.4,0,100,90.47028681,0,90.47028681,20.08333333,Baja (Refinado),2.857142857,Alta (Cardioprotectora),
Cereales_Derivados,A088,"Trigo blando, crudo",Semilla,13.5,373,1577,10.1,1.6,73.3,60.9,12.5,1.5,35,4.2,2,359,,3.1,90,435,0.46,0.13,4.8,41,0,0,0,0.3,0.2,0.8,0,100,131.8023887,0,131.8023887,5.864,Alta (Grano Entero),3.333333333,Alta (Cardioprotectora),
Cereales_Derivados,A089,"Trigo duro, crudo",Semilla,13,375,1585,11.3,1.8,72.4,60.2,12.2,1.5,31,3.9,2,346,0.6,3.6,93,411,0.38,0.12,4.6,38,0,0,0,0.3,0.2,0.9,0,100,130.6102486,0,130.6102486,5.93442623,Alta (Grano Entero),3.666666667,Alta (Cardioprotectora),
Análisis Proximal de Vegetales_ Continuación,B001,"Aceituna, cruda",Pulpa sin semilla,74.8,,730,1.1,14.7,8.3,5,3.3,1.1,52,0.5,1556,7,,0,11,42,0.02,0.01,0.2,3,0,1,24,,,,,100,28.80393448,0,28.80393448,,,,,176
Análisis Proximal de Vegetales_ Continuación,B002,"Aceitunas, encurtidas",Pulpa sin semilla,75.8,,632,1.2,13.6,4.8,1.5,3.3,4.6,56,0.5,1842,5,,0,11,42,0.03,0.01,0,2,0,0,29,,,,,100,28.50607123,0,28.50607123,,,,,153
Análisis Proximal de Vegetales_ Continuación,B003,"Acelga, hojas, cruda",Hojas,90,,161,2.4,0.2,5.3,2.5,2.8,2.1,49,1.8,212,52,,0.4,81,441,0.07,0.15,0.4,165,0,30,413,,,,,85,177.710146,0,177.710146,,,,,38
Análisis Proximal de Vegetales_ Continuación,B004,"Acelga, tallos, cruda",Tallos,94.5,,79,0.8,0.1,3,1.6,1.4,1.6,31,0.8,150,14,1,0.3,10,427,0.02,0.03,0.1,22,0,3,263,,,,,100,62.95067415,0,62.95067415,,,,,19
Análisis Proximal de Vegetales_ Continuación,B005,"Ahuyama, cocida, sin sal",Pulpa sin semillas,89.2,,201,0.7,0.7,8.4,5.9,2.5,1,14,0.3,1,24,,0.2,11,218,0.05,0.04,0.3,,0,3,1093,,,,,100,123.66284,0,123.66284,,,,,48
Análisis Proximal de Vegetales_ Continuación,B006,"Ahuyama, cruda",Pulpa sin semillas,92.7,,126,0.8,0.2,5.8,4.7,1.1,0.6,20,0.8,1,34,,0.2,12,340,0.05,0.05,0.6,16,0,9,1775,,,,,85,135.6026628,0,135.6026628,,,,,30
Análisis Proximal de Vegetales_ Continuación,B007,"Ají dulce, crudo",Pulpa sin semillas,91.9,,177,1,1.6,5.1,3.3,1.8,0.5,13,1,2,29,,0.2,12,211,0.07,0.09,1.6,18,0,100,460,,,,,90,177.9417427,0,177.9417427,,,,,42
Análisis Proximal de Vegetales_ Continuación,B008,"Ají rojo, crudo",Pulpa sin semillas,80.1,,338,1.7,0.4,16.6,15.1,1.5,1.2,19,1.1,8,48,,0.3,23,334,0.08,0.12,1.4,23,0,234,544,,,,,90,195.1068103,0,195.1068103,,,,,80
Análisis Proximal de Vegetales_ Continuación,B009,"Ajo, crudo",Pulpa,64.2,,611,4.7,0.3,29.3,26.5,2.8,1.5,40,1.3,19,135,4.7,1,23,520,0.12,0.07,0.7,4,0,9,0,,,,,95,57.23916556,0,57.23916556,,,,,144
Análisis Proximal de Vegetales_ Continuación,B010,"Alcachofa, cruda",Flor,86.4,,257,2.6,0.2,9.7,4.6,5.1,1.1,47,0.9,94,66,1,0.5,60,368,0.06,0.06,0.8,68,0,10,6,,,,,30,82.92294963,0,82.92294963,,,,,61
Análisis Proximal de Vegetales_ Continuación,B011,"Alcaparras, encurtidas",Pulpa,85,,161,2.3,0.9,3.8,0.6,3.2,8,40,1.7,2348,8,,0.3,33,40,0.02,0.15,0.7,23,0,4,1,,,,,100,47.56370119,2.086956522,45.47674467,,,,,39
Análisis Proximal de Vegetales_ Continuación,B012,"Almidón de achira, crudo",,17.1,,1407,0.4,0.1,82.1,82.1,0,0.3,,,,,,,,,,,,,0,,,,,,,100,0.8,0,0.8,,,,,331
Análisis Proximal de Vegetales_ Continuación,B013,"Almidón de yuca, crudo",,15.1,,1445,0.4,0.4,83.6,83.3,0.3,0.5,27,0.4,31,16,,0.7,46,48,0.01,0.02,0.5,59,0,,0,,,,,100,32.89423142,0,32.89423142,,,,,340
Análisis Proximal de Vegetales_ Continuación,B014,"Apio, crudo",Tallos,93.7,,111,0.7,0.2,4.6,2.7,1.9,0.8,42,0.4,80,33,0,0.2,14,367,0.04,0.04,0.3,36,0,5,22,,,,,50,41.78054971,0,41.78054971,,,,,26
Análisis Proximal de Vegetales_ Continuación,B015,"Arracacha amarilla, sin cáscara, cruda",Raíz,71.5,,472,0.9,0.1,26.3,25.7,0.6,1.2,21,0.9,1,52,,0.2,12,505,0.06,0.06,3.8,,0,20,57,,,,,80,52.71562102,0,52.71562102,,,,,111
Análisis Proximal de Vegetales_ Continuación,B016,"Arracacha blanca, sin cáscara, cruda",Raíz,72.7,,463,0.8,0.1,25.2,23.1,2.1,1.2,23,1.1,1,40,,0.2,12,505,0.06,0.06,3.9,,0,15,1,,,,,85,47.35994337,0,47.35994337,,,,,109
Análisis Proximal de Vegetales_ Continuación,B017,"Arracacha morada, sin cáscara, cruda",Raíz,71.5,,483,0.9,0.1,26.3,24.2,2.1,1.2,24,1.1,0,50,,0.2,12,505,0.05,0.05,3.4,,0,18,2,,,,,80,51.08131089,0,51.08131089,,,,,114
Análisis Proximal de Vegetales_ Continuación,B018,"Arveja verde, cocida, sin sal",Semilla,72,,508,6.7,0.3,19.7,13.7,6,1.3,19,1.5,3,112,2,1.2,39,251,0.26,0.1,1.7,63,0,14,41,,,,,100,95.11069415,0,95.11069415,,,,,120
Análisis Proximal de Vegetales_ Continuación,B019,"Arveja verde, cruda",Semilla,77.3,,418,5.9,0.3,15.5,10.2,5.3,1,36,1.5,5,110,2,1.2,33,244,0.36,0.12,2.2,65,0,33,51,,,,,40,113.4631011,0,113.4631011,,,,,99
Análisis Proximal de Vegetales_ Continuación,B020,"Balú o chachafruto verde, crudo",Semilla,80.5,,315,4,0.1,14.3,,,1.1,16,1.2,,78,,,,,0.09,0.05,0.9,,0,15,,,,,,40,32.56410256,0,32.56410256,,,,,74
Análisis Proximal de Vegetales_ Continuación,B021,"Batata, sin cáscara, cruda",Médula,75.8,,419,1.2,0.1,21.9,19,2.8,1,25,0.4,21,40,2,0.3,17,340,0.07,0.03,0.6,13,0,20,673,,,,,80,128.0769607,0,128.0769607,,,,,99
Análisis Proximal de Vegetales_ Continuación,B022,"Berenjena, con cáscara, cocida, sin sal",Pulpa,91.8,,155,0.8,0.2,6.7,4.2,2.5,0.5,7,0.2,1,15,,0.1,11,118,0.08,0.02,0.6,14,0,1,6,,,,,100,22.58560777,0,22.58560777,,,,,37
Análisis Proximal de Vegetales_ Continuación,B023,"Berenjena, con cáscara, cruda",Pulpa,92.6,,145,1,0.2,5.7,2.7,3,0.5,10,0.4,2,29,0,0.1,14,227,0.08,0.05,1,21,0,5,10,,,,,75,35.78552594,0,35.78552594,,,,,35
Análisis Proximal de Vegetales_ Continuación,B024,"Berro, crudo",Hojas,93.6,,112,1.7,0.3,3.3,1.3,2,1.1,195,1.6,50,58,0,0.2,19,317,0.08,0.16,0.8,80,0,70,240,,,,,90,170.1446809,0,170.1446809,,,,,27
Análisis Proximal de Vegetales_ Continuación,B025,"Brócoli, crudo",Flor,88.9,,195,3,0.3,6.6,4,2.6,1.2,60,1.1,33,70,2,0.4,21,317,0.07,0.14,0.9,63,0,89,31,,,,,40,155.8402242,0,155.8402242,,,,,46
Análisis Proximal de Vegetales_ Continuación,B026,"Calabaza, sin cáscara, cruda",Pulpa,93.9,,129,0.8,0.4,4.5,1.6,2.9,0.4,24,0.3,0,16,1,0.2,10,130,0.03,0.03,0.1,10,0,16,75,,,,,90,49.22798431,0,49.22798431,,,,,31
Análisis Proximal de Vegetales_ Continuación,B027,"Cebolla cabezona, cruda",Pulpa,90.3,,171,1.4,0.1,7.7,6,1.7,0.5,24,0.3,4,40,3,0.2,7,154,0.04,0.03,0.2,18,0,10,1,,,,,95,33.04973372,0,33.04973372,,,,,40
Análisis Proximal de Vegetales_ Continuación,B028,"Cebolla junca, hojas, cruda",Hojas,90.3,,172,1.6,0.2,7.1,5,2.1,0.8,44,1.5,16,31,,0.4,20,276,0.06,0.09,0.6,64,0,15,60,,,,,45,72.38552724,0,72.38552724,,,,,41
Análisis Proximal de Vegetales_ Continuación,B029,"Cebolla junca, tallos, cruda",Tallos,91.4,,156,1.2,0.1,6.8,4.8,2,0.5,57,0.5,15,31,,0.2,17,232,0.04,0.05,0.3,26,0,13,200,,,,,40,68.85570623,0,68.85570623,,,,,37
Análisis Proximal de Vegetales_ Continuación,B030,"Cebolla puerro, cruda",Tallos,83.1,,291,1.6,0.1,14.4,12.6,1.8,0.8,58,0.8,20,51,,0.1,28,180,0.07,0.05,0.5,64,0,12,50,,,,,95,63.91989712,0,63.91989712,,,,,69
Análisis Proximal de Vegetales_ Continuación,B031,"Cebolla, deshidratada",Pulpa,3.9,,1659,8.6,0.5,83.6,74.4,9.2,3.4,257,1.6,21,303,26,1.9,92,1622,0.5,0.1,1,166,0,75,12,,,,,100,261.2973294,0,261.2973294,,,,,391
Análisis Proximal de Vegetales_ Continuación,B032,"Cebolla, pasta escaldada",,79.7,,408,1.5,3.5,13.8,11.5,2.3,1.4,31,0.6,369,,,,,338,,,,,0,1,,,,,,100,25.23483491,0,25.23483491,,,,,97
Análisis Proximal de Vegetales_ Continuación,B033,"Champiñón, crudo",Sombrero y tallo,92.4,,134,3.1,0.6,3,2,1,0.8,6,0.5,5,80,3,0.5,9,318,0.09,0.4,3.9,17,0.04,2,0,,,,,100,28.39178162,0,28.39178162,,,,,32
Análisis Proximal de Vegetales_ Continuación,B034,"Champiñón, en conserva",Sombrero y tallo,90,,180,1.9,0.4,6.6,4.1,2.5,1.1,11,0.8,425,65,2,0.7,15,123,0.09,0.09,1.4,12,0,0,0,,,,,100,27.20761957,0,27.20761957,,,,,43
Análisis Proximal de Vegetales_ Continuación,B035,"Cilantro, crudo",Hojas,89,,184,2.3,0.6,5.9,3.1,2.8,2.2,82,1.8,46,60,,0.5,26,521,0.26,0.21,1.5,62,0,68,390,,,,,90,182.5721638,0,182.5721638,,,,,44
Análisis Proximal de Vegetales_ Continuación,B036,"Col o repollitas de bruselas, cruda",Flor,85.8,,254,3.4,0.3,9.1,5.3,3.8,1.4,42,1.4,25,71,10,0.4,23,389,0.14,0.13,0.7,61,0,94,43,,,,,80,165.1605396,0,165.1605396,,,,,60
Análisis Proximal de Vegetales_ Continuación,B037,"Col silvestre, cruda",Flor,86.7,,210,2.5,0.5,8.4,7.6,0.8,1.9,60,1.2,,43,,,,,0.13,0.06,1,,0,125,65,,,,,60,126.3614164,0,126.3614164,,,,,50
Análisis Proximal de Vegetales_ Continuación,B038,"Coliflor, cocido, sin sal",Flor,90.6,,173,1.9,0.2,6.7,4.2,2.4,0.6,16,0.3,3,49,0,0.3,10,87,0.04,0.03,0.9,36,0,18,1,,,,,100,48.61199179,0,48.61199179,,,,,41
Análisis Proximal de Vegetales_ Continuación,B039,"Coliflor, crudo",Flor,91.7,,152,1.9,0.1,5.7,3.3,2.4,0.6,25,0.7,41,57,,0.3,12,310,0.03,0.08,0.5,57,0,55,15,,,,,80,104.6640597,0,104.6640597,,,,,36
Análisis Proximal de Vegetales_ Continuación,B040,"Colinabo, sin cáscara, crudo",Raíz,91.6,,149,1.7,0.1,5.7,3.3,2.4,0.9,48,0.4,13,46,,0.2,19,333,0.06,0.03,0.5,21,0,60,1,,,,,60,101.5226522,0,101.5226522,,,,,35
Análisis Proximal de Vegetales_ Continuación,B041,"Espárrago, cocido, sin sal",Tallos,92,,146,2.6,0.3,4.4,2.4,2,0.7,23,0.9,14,54,0,0.6,14,224,0.16,0.14,1.1,149,0,8,56,,,,,100,79.5724898,0,79.5724898,,,,,35
Análisis Proximal de Vegetales_ Continuación,B042,"Espárrago, crudo",Tallos,92.7,,133,2,0.2,4.4,2.3,2.1,0.7,25,1.7,2,47,8,0.5,14,202,0.15,0.14,0.9,113,0,18,38,,,,,95,82.97094926,0,82.97094926,,,,,32
Análisis Proximal de Vegetales_ Continuación,B043,"Espinaca, cocida, sin sal",Hojas,91.1,,146,2.9,0.1,4.1,1.5,2.6,1.7,132,1.9,67,54,8.8,0.7,41,427,0.1,0.2,0.9,146,0,14,479,,,,,100,159.9199049,0,159.9199049,,,,,35
Análisis Proximal de Vegetales_ Continuación,B044,"Espinaca, cruda",Hojas,91.4,,142,2.9,0.2,3.8,1.1,2.6,1.7,123,2.4,66,42,1,0.5,79,474,0.08,0.19,0.7,194,0,26,533,,,,,60,203.3863274,0,203.3863274,,,,,34
Análisis Proximal de Vegetales_ Continuación,B045,"Fríjol verde, cocido, con sal",Semilla,63,,624,9.3,0.4,25.5,23.3,2.2,1.8,31,1.9,216,185,,1.3,48,486,0.53,0.11,1.6,,0,7,3,,,,,100,69.27742187,0,69.27742187,,,,,147
Análisis Proximal de Vegetales_ Continuación,B046,"Fríjol verde, crudo",Semilla,58.2,,702,10.5,0.4,29,27,2,1.9,67,3.3,,220,,,,756,0.39,0.08,1.4,,0,16,4,,,,,50,85.93736524,0,85.93736524,,,,,166
Análisis Proximal de Vegetales_ Continuación,B047,"Guascas, crudas",Hojas,86.1,,214,3.2,0.5,8.3,,,1.9,245,7.1,,45,,,,,0.11,0.27,2.1,,0,30,320,,,,,35,133.5794872,0,133.5794872,,,,,50
Análisis Proximal de Vegetales_ Continuación,B048,"Guatila, sin cáscara, cruda",Pulpa,93.5,,115,0.8,0,5.2,3.5,1.7,0.5,15,0.4,2,23,,0.7,12,125,0.03,0.04,0.6,93,0,15,4,,,,,65,56.92532538,0,56.92532538,,,,,27
Análisis Proximal de Vegetales_ Continuación,B049,"Guisantes dulces, crudos",Semilla,86.2,,226,2.6,0.1,10.5,,,0.6,44,0.8,4,54,,0.6,25,150,0.17,0.1,0.8,7,0,30,33,,,,,95,60.92293014,0,60.92293014,,,,,53
Análisis Proximal de Vegetales_ Continuación,B050,"Haba verde, cruda",Semilla,65.7,,607,9.9,0.6,22.5,18.3,4.2,1.3,33,2,26,143,4,0.6,33,386,0.29,0.15,1.6,96,0,32,19,,,,,60,126.1861481,0,126.1861481,,,,,144
Análisis Proximal de Vegetales_ Continuación,B051,"Habichuela, cocida, sin sal",Pulpa,92.7,,135,1.6,0.1,4.8,2,2.8,0.8,46,0.6,1,30,3.8,0.2,18,149,0.07,0.1,0.4,33,0,8,37,,,,,100,48.77772192,0,48.77772192,,,,,32
Análisis Proximal de Vegetales_ Continuación,B052,"Habichuela, cruda",Pulpa,90,,182,2.1,0,7.2,4.2,3,0.7,40,1,6,39,1,0.2,22,209,0.06,0.1,0.7,34,0,10,33,,,,,90,56.50944587,0,56.50944587,,,,,43
Análisis Proximal de Vegetales_ Continuación,B053,"Harina de ahuyama, cruda",,6.1,,1513,6.6,2.5,77,,,7.9,186,2,,402,,,13,,0.21,0.79,8.2,,0,0,1300,,,,,100,141.7140415,0,141.7140415,,,,,357
Análisis Proximal de Vegetales_ Continuación,B054,"Harina de arracacha, cruda",,8,,1564,0.6,0.8,89.7,,,0.9,,,,,,,,,,,,,0,10,,,,,,100,12.31111111,0,12.31111111,,,,,368
Análisis Proximal de Vegetales_ Continuación,B055,"Harina de papa común, cruda",,6.5,,1567,7.2,0.4,83.6,82.3,1.3,2.3,65,1.4,55,167,13,0.5,65,1001,0.23,0.05,3.5,25,0,4,0,,,,,100,79.28914218,0,79.28914218,,,,,369
Análisis Proximal de Vegetales_ Continuación,B056,"Harina de papa criolla, cruda",,6.6,,1533,4.6,0.1,85.3,,,3.4,6,5.8,22,,,,,,,,,,0,,,,,,,100,41.88376068,0,41.88376068,,,,,361
Análisis Proximal de Vegetales_ Continuación,B057,"Harina de plátano, cruda",,13.9,,1445,3.3,0.3,80.5,79.6,0.9,1.9,11,1.2,,65,,0.6,209,,0.07,0.04,1,,0,2,12,,,,,100,70.64456654,0,70.64456654,,,,,340
Análisis Proximal de Vegetales_ Continuación,B058,"Harina de yuca, cruda",,12,,1492,1.1,0.3,85.9,85.7,0.3,0.7,53,1.1,1,28,,0.4,37,340,0.06,0.08,0.8,,0,0,0,,,,,100,29.50302912,0,29.50302912,,,,,351
Análisis Proximal de Vegetales_ Continuación,B059,"Lechuga común, cruda",Hojas,96,,74,0.8,0.1,2.6,0.9,1.7,0.5,21,0.9,6,27,2,0.3,6,143,0.06,0.04,0.4,53,0,3,10,,,,,55,36.45238225,0,36.45238225,,,,,18
Análisis Proximal de Vegetales_ Continuación,B060,"Lechuga romana, cruda",Hojas,94.8,,95,1.1,0.1,3.3,1.2,2.1,0.7,30,1,8,30,2,0.2,14,247,0.07,0.03,0.4,136,0,6,290,,,,,55,99.04078923,0,99.04078923,,,,,23
Análisis Proximal de Vegetales_ Continuación,B061,"Nabo, sin cáscara, crudo",Raíz,92.6,,125,0.7,0,5.9,4.3,1.6,0.8,41,0.5,65,29,20,0.2,11,216,0.04,0.03,0.4,15,0,20,0,,,,,80,46.23292417,0,46.23292417,,,,,30
Análisis Proximal de Vegetales_ Continuación,B062,"Ocra, cruda",Pulpa,89.8,,188,1.9,0.2,7.2,4,3.2,0.9,82,0.6,7,61,,0.6,57,300,0.2,0.06,1,72,0,22,47,,,,,0,92.49067103,0,92.49067103,,,,,45
Análisis Proximal de Vegetales_ Continuación,B063,"Palmito, crudo",Tallos,82.8,,283,1.6,0.2,13.9,12.4,1.5,1.5,40,1.7,14,101,,3.7,10,1806,0.06,0.06,1.1,24,0,11,30,,,,,95,83.44055023,0,83.44055023,,,,,67
Análisis Proximal de Vegetales_ Continuación,B064,"Papa, variedad cerosa, sabanera, con cáscara, cocida, sin sal",Médula y corteza,75.4,,418,2.3,0.1,21,18.7,2.3,1.2,8,0.8,9,49,3.5,0.3,28,415,0.09,0.06,1.3,11,0,14,0,,,,,100,51.67612423,0,51.67612423,,,,,99
Análisis Proximal de Vegetales_ Continuación,B065,"Papa, variedad cerosa, sabanera, con cáscara, cruda",Médula y corteza,79.7,,341,2.2,0.1,16.9,15.3,1.6,1.1,12,0.8,6,58,,0.3,23,422,0.08,0.03,1.1,16,0,20,0,,,,,100,56.15894318,0,56.15894318,,,,,80
Análisis Proximal de Vegetales_ Continuación,B066,"Papa, variedad cerosa, sabanera, con cáscara, frita, sin sal",Médula,36.5,,1156,5.9,5.6,49.9,,,2.1,14,,,,,0.6,36,741,,,,,0,,,,,,,100,37.2143091,0,37.2143091,,,,,274
Análisis Proximal de Vegetales_ Continuación,B067,"Papa, variedad cerosa, sabanera, sin cáscara, cocida, sin sal",Médula,75.7,,416,2.1,0.1,21.4,19.7,1.7,0.7,7,0.8,6,49,3,0.3,20,355,0.1,0.02,1.3,9,0,6,2,,,,,100,36.70831969,0,36.70831969,,,,,98
Análisis Proximal de Vegetales_ Continuación,B068,"Papa, variedad cerosa, sabanera, sin cáscara, cruda",Médula,81.7,,313,1.9,0.1,15.3,13.3,2.1,1,14,0.3,11,57,3,0.2,22,321,0.08,0.02,0.9,16,0,16,0,,,,,80,47.88924999,0,47.88924999,,,,,74
Análisis Proximal de Vegetales_ Continuación,B069,"Papa, variedad cerosa, sabanera, sin cáscara, frita, tipo francesa, sin sal",Médula,41.1,,1310,3.4,15.5,38.2,34.5,3.7,1.8,16,0.7,25,75,1,0.6,40,696,0.17,0.04,2.9,30,0,4,0,,,,,100,61.41070844,0,61.41070844,,,,,313
Análisis Proximal de Vegetales_ Continuación,B070,"Papa, variedad harinosa, criolla, con cáscara, cocida, sin sal",Médula y corteza,79.4,,358,1.4,0,18.1,15.2,3,1,4,0.5,2,41,,0.4,21,482,,,,,0,,,,,,,100,31.85507495,0,31.85507495,,,,,85
Análisis Proximal de Vegetales_ Continuación,B071,"Papa, variedad harinosa, criolla, con cáscara, cruda",Médula y corteza,75.4,,406,2.2,0.1,21.1,20.5,0.6,1.2,11,1,18,36,,,,,0.11,0.03,2.4,,0,32,2,,,,,100,48.72234432,0,48.72234432,,,,,96
Análisis Proximal de Vegetales_ Continuación,B072,"Papa, variedad harinosa, criolla, sin cáscara, cruda",Médula,73.2,,448,2,0.4,23.3,22.9,0.4,1.1,6,0.4,,52,,0.3,,,0.08,0.06,1.8,,0,9,2,,,,,92,18.33455433,0,18.33455433,,,,,106
Análisis Proximal de Vegetales_ Continuación,B073,"Papa, variedad harinosa, pastusa, con cáscara, cocida, sin sal",Médula y corteza,78.9,,359,2.4,0.1,17.2,14.5,2.7,1.4,6,1,9,49,3.5,0.4,22,417,0.09,0.03,1.2,9,0,13,0,,,,,100,51.26483127,0,51.26483127,,,,,85
Análisis Proximal de Vegetales_ Continuación,B074,"Papa, variedad harinosa, pastusa, con cáscara, cruda",Médula y corteza,77.7,,376,2.1,0.1,18.9,17.1,1.8,1.1,12,0.8,6,57,,0.3,23,422,0.08,0.03,1.1,16,0,20,0,,,,,100,56.6732289,0,56.6732289,,,,,89
Análisis Proximal de Vegetales_ Continuación,B075,"Papa, variedad harinosa, pastusa, sin cáscara, cocida, sin sal",Médula,76.3,,407,2,0.1,20.9,19.1,1.8,0.7,6,0.3,6,47,3,0.3,20,352,0.15,0.02,1.3,9,0,7,1,,,,,100,34.94693191,0,34.94693191,,,,,96
Análisis Proximal de Vegetales_ Continuación,B076,"Papa, variedad harinosa, pastusa, sin cáscara, cruda",Médula,76.2,,410,2,0.2,20.9,19,1.9,0.8,8,0.8,10,59,2.6,0.3,22,445,0.11,0.06,1.5,16,0,18,0,,,,,90,54.55172369,0,54.55172369,,,,,97
Análisis Proximal de Vegetales_ Continuación,B077,"Pepino cohombro, crudo",Pulpa sin semillas,96.7,,57,0.5,0.1,2.3,1.6,0.7,0.4,18,0.3,2,22,3,0.1,12,141,0.02,0.02,0.1,14,0,8,2,,,,,75,25.01953602,0,25.01953602,,,,,14
Análisis Proximal de Vegetales_ Continuación,B078,"Pepino de rellenar, crudo",Pulpa sin semillas,94.5,,89,0.6,0.2,3.8,3,0.8,0.8,15,0.7,4,24,,,10,68,0.04,0.05,0.2,,0,14,3,,,,,90,28.81652768,0,28.81652768,,,,,21
Análisis Proximal de Vegetales_ Continuación,B079,"Perejil, crudo",Hojas,86.9,,230,2.9,1,6.9,3.6,3.3,2.2,138,6.6,56,59,,1.1,50,554,0.11,0.09,1.3,152,0,161,421,,,,,90,273.3375393,0,273.3375393,,,,,55
Análisis Proximal de Vegetales_ Continuación,B080,"Pimentón rojo, crudo",Pulpa sin semillas,91.9,,149,1,0.3,6.3,4.6,1.7,0.5,7,0.4,4,24,1,0.2,12,211,0.05,0.07,1.1,35,0,160,184,,,,,85,147.3730613,0,147.3730613,,,,,35
Análisis Proximal de Vegetales_ Continuación,B081,"Pimentón verde, crudo",Pulpa sin semillas,93.7,,118,0.9,0.1,4.9,3,1.9,0.4,11,0.4,3,20,1,0.1,10,175,0.06,0.03,0.5,10,0,93,20,,,,,80,122.4806692,0,122.4806692,,,,,28
Análisis Proximal de Vegetales_ Continuación,B082,"Plátano áfrica, maduro, crudo",Pulpa,66.3,,578,1.3,0.3,31,28.7,2.3,1.2,4,0.6,4,35,0.4,0.1,37,499,0.05,0.05,0.6,22,0,18,57,,,,,72,65.71518977,0,65.71518977,,,,,136
Análisis Proximal de Vegetales_ Continuación,B083,"Plátano áfrica, verde, crudo",Pulpa,59.8,,690,1,0.2,38.1,35.8,2.3,0.9,8,0.5,30,43,0.5,0.1,,,0.09,0.14,0.6,,0,19,56,,,,,68,40.94078144,0,40.94078144,,,,,163
Análisis Proximal de Vegetales_ Continuación,B084,"Plátano colí o guineo, verde, crudo",Pulpa,67.4,,544,1.3,0.1,30.3,29.9,0.4,0.9,4,0.7,,38,,0.2,,,0.04,0.04,0.6,,0,15,16,,,,,60,26.66959707,0,26.66959707,,,,,128
Análisis Proximal de Vegetales_ Continuación,B085,"Plátano dominico, maduro, crudo",Pulpa,66.3,,578,1.1,0.3,31.1,28.8,2.4,1.2,4,0.5,4,35,0.8,0.1,37,499,0.05,0.05,0.6,,0,17,57,,,,,65,58.50566597,0,58.50566597,,,,,136
Análisis Proximal de Vegetales_ Continuación,B086,"Plátano dominico, verde, crudo",Pulpa,58.4,,703,1.2,0.1,39.4,38.3,1.1,0.9,8,0.9,10,31,0.8,0.1,,,0.07,0.03,0.5,,0,20,100,,,,,60,45.27728938,0,45.27728938,,,,,166
Análisis Proximal de Vegetales_ Continuación,B087,"Plátano espermo, maduro, crudo",Pulpa,69.1,,529,1.2,0.3,28.2,25.9,2.3,1.2,3,0.5,4,30,,0.1,37,499,0.05,0.06,0.5,22,0,17,58,,,,,60,63.88271114,0,63.88271114,,,,,125
Análisis Proximal de Vegetales_ Continuación,B088,"Plátano hartón, maduro, cocido, sin sal",Pulpa,68.4,,550,0.8,0.2,30.1,27.8,2.3,0.6,4,0.5,5,30,,0.2,34,414,0.05,0.05,0.6,26,0,9,56,,,,,100,52.52572676,0,52.52572676,,,,,130
Análisis Proximal de Vegetales_ Continuación,B089,"Plátano hartón, maduro, crudo",Pulpa,67.3,,559,1.1,0.2,30.3,28,2.3,1.2,4,0.5,4,36,,0.1,37,500,0.07,0.05,0.7,22,0,15,54,,,,,72,61.11424415,0,61.11424415,,,,,132
Análisis Proximal de Vegetales_ Continuación,B090,"Plátano hartón, maduro, frito, en tajadas, sin sal",Pulpa,34.7,,1314,1.2,10.2,52.6,50.1,2.5,1.2,3,0.8,4,33,,0.3,40,434,0.05,0.05,0.8,24,0,20,61,,,,,100,69.76163718,0,69.76163718,,,,,312
Análisis Proximal de Vegetales_ Continuación,B091,"Plátano hartón, verde, cocido, sin sal",Pulpa,67.1,,563,0.9,0.3,30.6,28.3,2.3,1.1,7,0.5,,22,,0.2,25,277,0.06,0.17,1.6,,0,0,45,,,,,100,30.176523,0,30.176523,,,,,133
Análisis Proximal de Vegetales_ Continuación,B092,"Plátano hartón, verde, crudo",Pulpa,58.5,,705,1.2,0.2,39.3,38.1,1.2,0.8,8,0.4,26,20,,0.1,,627,0.06,0.04,0.5,,0,20,106,,,,,68,56.86374666,0,56.86374666,,,,,166
Análisis Proximal de Vegetales_ Continuación,B093,"Plátano hartón, verde, frito, en patacón, sin sal",Pulpa,36.1,,1476,1.6,19.2,41.8,38.3,3.5,1.4,4,0.7,2,42,,0.2,53,482,0.05,0.1,0.8,15,0,3,60,,,,,100,56.52094796,0,56.52094796,,,,,353
Análisis Proximal de Vegetales_ Continuación,B094,"Plátano maritú, maduro, crudo",Pulpa,67.5,,560,1.3,0.3,29.9,27.6,2.3,1,3,0.5,4,36,,0.1,37,500,0.05,0.05,0.7,22,0,15,60,,,,,60,62.10398774,0,62.10398774,,,,,132
Análisis Proximal de Vegetales_ Continuación,B095,"Plátano popocho, verde, crudo",Pulpa,68.9,,521,1,0.2,29,28.5,0.5,0.9,6,0.4,,40,,0.1,,,0.07,0.04,0.5,,0,20,130,,,,,60,43.13614164,0,43.13614164,,,,,123
Análisis Proximal de Vegetales_ Continuación,B096,"Rábano, sin cáscara, crudo",Raíz,94.7,,93,0.8,0.1,3.7,2.1,1.6,0.7,23,0.6,13,24,1,0.3,10,235,0.03,0.03,0.3,29,0,20,0,,,,,90,49.27002442,0,49.27002442,,,,,22
Análisis Proximal de Vegetales_ Continuación,B097,"Remolacha, sin cáscara, cocida, sin sal",Pulpa,87.1,,224,1.5,0.2,10.1,7.4,2.7,1.1,17,0.8,77,45,,0.5,23,377,0.03,0.05,0.2,80,0,3,5,,,,,100,55.78134986,0,55.78134986,,,,,53
Análisis Proximal de Vegetales_ Continuación,B098,"Remolacha, sin cáscara, cruda",Pulpa,87.2,,226,1.4,0.1,10.3,7.5,2.8,1,16,0.8,71,40,,0.4,23,352,0.03,0.04,0.3,109,0,6,2,,,,,80,65.57965474,0,65.57965474,,,,,53
Análisis Proximal de Vegetales_ Continuación,B099,"Repollo blanco, crudo",Hojas,90.7,,169,1.8,0.3,6.4,3.7,2.6,0.9,44,0.5,18,40,2,0.2,13,224,0.06,0.08,0.3,43,0,35,24,,,,,70,79.21485855,0,79.21485855,,,,,40
Análisis Proximal de Vegetales_ Continuación,B100,"Repollo morado, cocido, sin sal",Hojas,93.6,,124,1,0.2,4.7,2.2,2.5,0.5,41,0.5,5,33,1,0.3,17,262,0.07,0.06,0.3,29,0,33,3,,,,,100,70.73228249,0,70.73228249,,,,,30
Análisis Proximal de Vegetales_ Continuación,B101,"Repollo morado, crudo",Hojas,91.1,,163,1.4,0.3,6.5,4.4,2.1,0.7,45,0.6,27,33,2,0.2,16,246,0.07,0.06,0.4,18,0,56,4,,,,,85,93.30510482,0,93.30510482,,,,,39
Análisis Proximal de Vegetales_ Continuación,B102,"Salsifí, sin cáscara, crudo",Raíz,75.4,,435,3.3,0.3,20.1,16.8,3.3,0.9,60,0.7,20,75,,0.4,23,380,0.08,0.05,0.5,26,0,8,0,,,,,60,55.84017354,0,55.84017354,,,,,103
Análisis Proximal de Vegetales_ Continuación,B103,"Tomate, crudo",Pulpa,94.3,,98,0.9,0.1,4.1,2.9,1.2,0.6,9,0.5,6,24,2.2,0.1,10,236,0.05,0.05,0.6,23,0,20,62,,,,,80,51.81913984,0,51.81913984,,,,,23
Análisis Proximal de Vegetales_ Continuación,B104,"Tomate, escaldado, sin sal",Pulpa,94.1,,104,0.9,0.1,4.3,2.8,1.5,0.6,12,0.7,7,28,3,0.1,10,227,0.05,0.02,0.5,13,0,27,41,,,,,100,56.98540384,0,56.98540384,,,,,25
Análisis Proximal de Vegetales_ Continuación,B105,"Tomate, extracto, fresco",Extracto/Jugo,94.4,,82,0.6,0,4,3.5,0.5,1,10,0.4,9,28,2,0.1,11,220,0.08,0.02,0.7,20,0,11,25,,,,,100,33.27706596,0,33.27706596,,,,,19
Análisis Proximal de Vegetales_ Continuación,B106,"Yuca blanca, sin cáscara, cocida, sin sal",Pulpa,61.6,,664,0.7,0.2,36.6,33.9,2.7,0.9,16,0.5,4,45,,0.2,16,100,0.03,0.02,0.5,11,0,21,1,,,,,100,47.18303198,0,47.18303198,,,,,157
Análisis Proximal de Vegetales_ Continuación,B107,"Yuca blanca, sin cáscara, cruda",Pulpa,60.9,,675,0.9,0.3,37.4,35.6,1.8,0.6,16,0.3,14,30,,0.3,21,185,0.04,0.03,0.8,27,0,30,1,,,,,80,60.25662198,0,60.25662198,,,,,159
Análisis Proximal de Vegetales_ Continuación,B108,"Yuca blanca, sin cáscara, dorada, con sal",Pulpa,49.5,,972,0.9,5.1,43.6,40.1,3.4,1,20,0.9,179,52,,0.4,21,325,0.04,0.07,0.5,,0,0,,,,,,100,32.3962123,0,32.3962123,,,,,231
Análisis Proximal de Vegetales_ Continuación,B109,"Zanahoria, sin cáscara, cocida, sin sal",Pulpa,90.3,,181,0.8,0.2,8.1,5.3,2.8,0.7,30,0.4,22,29,2,0.2,11,265,0.07,0.04,0.6,14,0,2,1667,,,,,100,130.1094822,0,130.1094822,,,,,43
Análisis Proximal de Vegetales_ Continuación,B110,"Zanahoria, sin cáscara, cruda",Pulpa,88.9,,199,0.7,0.1,9.5,6.8,2.7,0.8,27,0.4,35,35,2,0.2,10,320,0.04,0.04,0.4,22,0,3,1318,,,,,85,133.3647988,0,133.3647988,,,,,47
Análisis Proximal de Vegetales_ Continuación,B111,"Zapallo, crudo",Pulpa sin semillas,88.5,,195,0.9,0.2,9.5,8.2,1.3,0.9,26,0.7,2,18,,0.3,9,346,0.04,0.05,0.4,16,0,4,340,,,,,65,68.05852752,0,68.05852752,,,,,46
Tabla de Frutas y Derivados,C001,"Aguacate Hass, crudo",Pulpa sin semilla,66.9,,915,1.3,16.4,13.5,6.7,6.8,1.8,8,0.5,0,12,2,0.7,9,143,0.08,0.14,1.6,89,0,5,7,,,,,64,64.04762035,0,64.04762035,,,,,221
Tabla de Frutas y Derivados,C002,"Aguacate Lorena, crudo",Pulpa sin semilla,74.3,,741,1.6,13.3,10,3.4,6.6,0.8,10,0.4,6,40,2,0.5,27,456,0.05,0.12,1.4,81,0,8,3,,,,,77,75.36580287,0,75.36580287,,,,,179
Tabla de Frutas y Derivados,C003,"Almendra, seca",Nuez,12,,2642,18.6,54.1,13.9,3,10.9,1.4,228,3.4,21,480,2,3.1,271,699,0.2,0.61,3.6,47,0,0,0,,,,,11,203.7020718,0,203.7020718,,,,,639
Tabla de Frutas y Derivados,C004,"Anón, crudo",Pulpa sin semillas,69.7,,527,2.3,0.1,27,23.9,3.1,0.9,10,0.4,6,40,,0.2,26,273,0.1,0.17,0.8,14,0,40,1,,,,,40,78.71742395,0,78.71742395,,,,,124
Tabla de Frutas y Derivados,C005,"Babaco, maduro, crudo",Pulpa sin semillas,92.3,,135,0.9,0.2,6.5,6,0.5,0.2,46,0.7,10,14,,0.1,6,223,0.02,0.06,1,,0,0,12,,,,,45,18.51965033,0,18.51965033,,,,,32
Tabla de Frutas y Derivados,C006,"Babaco, pintón, crudo",Pulpa sin semillas,91.9,,143,0.9,0.2,6.9,6.4,0.5,0.2,33,0.2,5,14,,0.1,6,224,0.02,0.06,1,,0,0,12,,,,,45,14.76314914,0,14.76314914,,,,,34
Tabla de Frutas y Derivados,C007,"Babaco, verde, crudo",Pulpa sin semillas,90.1,,172,1.5,0.2,7.9,7.4,0.5,0.3,76,1.7,16,14,,0.1,6,198,0.02,0.06,1,,0,0,12,,,,,45,27.0509833,0,27.0509833,,,,,41
Tabla de Frutas y Derivados,C008,"Badea, cruda",Pulpa sin semillas,87.9,,194,0.9,0.2,10.1,,,0.9,10,0.6,,22,,,,,0,0.11,2.7,,0,20,7,,,,,20,28.9025641,0,28.9025641,,,,,46
Tabla de Frutas y Derivados,C009,"Banano bocadillo, crudo",Pulpa,69.1,,531,1.2,0.1,28.9,26.9,2,0.7,5,0.4,,26,,0.3,28,355,0.04,0.04,0.5,,0,10,20,,,,,80,39.70288624,0,39.70288624,,,,,125
Tabla de Frutas y Derivados,C010,"Banano común, crudo",Pulpa,75.3,,430,1.5,0.1,22.3,19.6,2.6,0.8,8,0.9,3,27,2,0.2,29,328,0.05,0.03,0.6,21,0,19,22,,,,,70,60.59013977,0,60.59013977,,,,,101
Tabla de Frutas y Derivados,C011,"Banano manzano, crudo",Pulpa,69.6,,526,1.2,0.2,28.1,25.5,2.6,0.9,6,0.4,1,29,,0.2,24,342,0.05,0.03,0.5,,0,15,14,,,,,80,45.58257865,0,45.58257865,,,,,124
Tabla de Frutas y Derivados,C012,"Breva, madura, cruda",Pulpa sin semillas,89,,201,0.9,0.2,9.2,6.4,2.8,0.7,25,0.4,2,24,1.5,0.2,16,232,0.04,0.06,0.3,6,0,5,8,,,,,100,32.63543761,0,32.63543761,,,,,48
Tabla de Frutas y Derivados,C013,"Breva, verde, cruda",Pulpa sin semillas,86.1,,251,1.7,0.3,11.1,8.3,2.8,0.8,68,0.5,2,34,1.5,0.2,16,232,0.05,0.06,0.3,6,0,18,2,,,,,100,51.87646325,0,51.87646325,,,,,59
Tabla de Frutas y Derivados,C014,"Cereza, cruda",Pulpa sin semilla,74.1,,442,1.2,0.1,23.7,21.9,1.8,0.9,40,1,1,30,0,0.1,11,236,0.04,0.04,1.5,6,0,30,20,,,,,50,62.15692983,0,62.15692983,,,,,104
Tabla de Frutas y Derivados,C015,"Chirimoya, cruda",Pulpa sin semillas,76.7,,403,1.5,0.5,20.2,18,2.2,1.1,7,0.5,0,36,1.5,0.2,5,31,0.1,0.01,0.9,18,0,5,5,,,,,51,26.63454394,0,26.63454394,,,,,95
Tabla de Frutas y Derivados,C016,"Chontaduro, crudo",Pulpa sin semilla,48.2,,1482,6.3,25.7,19,6.3,12.7,0.8,81,7,22,359,,0.9,100,620,0.04,0.28,1.4,,0,18,,,,,,77,160.0778141,0,160.0778141,,,,,358
Tabla de Frutas y Derivados,C017,"Ciruela, común, cruda",Pulpa sin semilla,87.8,,222,0.6,0.1,11.1,8.7,2.4,0.4,17,0.4,2,24,,0.1,5,134,0.06,0.02,0.4,3,0,8,2,,,,,95,27.20399423,0,27.20399423,,,,,53
Tabla de Frutas y Derivados,C018,"Citrón, crudo",Pulpa sin semillas,88,,199,0.6,0.1,10.9,,,0.4,66,0.3,,17,,,,,0.04,0.04,0.2,,0,24,0,,,,,41,34.61025641,0,34.61025641,,,,,47
Tabla de Frutas y Derivados,C019,"Coco, crudo",Pulpa,47.3,,1660,3.6,35.5,12.6,3.6,9,1.1,7,1.3,18,80,1,0.8,40,359,0.05,0.02,0.5,26,0,5,0,,,,,45,76.32120386,0,76.32120386,,,,,402
Tabla de Frutas y Derivados,C020,"Coco, deshidratado",Pulpa,3,,2467,3.8,35.1,56.9,39.9,17,1.2,80,434.4,66,206,0.3,2,90,1165,0.03,0.02,0.3,9,0,2,0,,,,,100,225.1561596,0,225.1561596,,,,,593
Tabla de Frutas y Derivados,C021,"Curuba, cruda",Pulpa sin semilla,90.1,,160,0.6,0.1,8.5,8.4,0.1,0.6,7,1,85,24,,,8,187,0,0.03,2.5,,0,57,170,,,,,50,95.75686748,0,95.75686748,,,,,38
Tabla de Frutas y Derivados,C022,"Dátil, seco",Pulpa,21.3,,1377,2.4,0.2,74.7,67.3,7.4,1.4,57,0.9,2,45,1,0.3,52,676,0.06,0.34,0.2,22,0,0,2,,,,,100,73.09934014,0,73.09934014,,,,,325
Tabla de Frutas y Derivados,C023,"Durazno, crudo",Pulpa sin semilla,85.7,,244,1,0.1,12.5,11,1.5,0.8,9,0.6,1,32,3,0.1,9,224,0.04,0.02,0.4,4,0,29,46,,,,,85,56.62493181,0,56.62493181,,,,,58
Tabla de Frutas y Derivados,C024,"Feijoa, crudo",Pulpa sin semilla,82,,349,1.7,0,15.8,9.4,6.4,0.5,41,1.9,3,16,,0.6,23,159,0.04,0.04,1,23,0,28,2,,,,,83,85.9090471,0,85.9090471,,,,,83
Tabla de Frutas y Derivados,C025,"Fresa, madura, cruda",Pulpa,89.9,,189,0.8,0.5,8.3,6.3,2,0.5,21,0.5,2,26,8,0.2,13,157,0.03,0.03,0.4,22,0,67,4,,,,,95,99.96057205,0,99.96057205,,,,,45
Tabla de Frutas y Derivados,C026,"Fresa, pintona, cruda",Pulpa,91.5,,159,0.8,0.3,7,5.2,1.9,0.4,20,0.4,1,22,8,0.2,10,183,0.03,0.07,0.4,22,0,64,1,,,,,95,95.14318967,0,95.14318967,,,,,38
Tabla de Frutas y Derivados,C027,"Granada, cruda",Pulpa sin semillas,84.4,,295,1,1.2,12.9,11.1,1.8,0.5,13,0.5,2,26,,0.2,12,244,0.02,0.04,0.2,35,0,5,5,,,,,30,35.11609254,0,35.11609254,,,,,70
Tabla de Frutas y Derivados,C028,"Granadilla, cruda",Pulpa sin semillas,80.2,,398,2.1,1.6,14.9,9,5.9,1.1,12,0.9,20,50,,0.8,25,480,0.02,0.35,2.1,14,0,0,28,,,,,30,53.97076352,0,53.97076352,,,,,95
Tabla de Frutas y Derivados,C029,"Guama, cruda",Pulpa,85.6,,249,0.9,0.1,13.1,12.2,0.9,0.3,38,0.8,,13,,,,,0.03,0.05,0.3,,0,4,0,,,,,23,16.82625153,0,16.82625153,,,,,59
Tabla de Frutas y Derivados,C030,"Guanábana, cruda",Pulpa sin semillas,92.1,,139,0.6,0.2,6.8,6,0.8,0.3,11,0.2,9,12,,15.7,5,57,0.03,0.06,1.1,14,0,0,1,,,,,70,12.02876107,0,12.02876107,,,,,33
Tabla de Frutas y Derivados,C031,"Guayaba, madura, cruda",Pulpa sin semillas,84.6,,298,0.9,0.3,13.4,8,5.4,0.7,13,0.3,3,33,1.5,0.3,12,337,0.04,0.04,1.5,49,0,217,31,,,,,75,149.474181,0,149.474181,,,,,71
Tabla de Frutas y Derivados,C032,"Guayaba, pintona, cruda",Pulpa sin semillas,82.8,,330,0.9,0.4,15.1,9.7,5.4,0.8,16,0.3,3,26,1.5,0.2,14,353,0.04,0.04,1.1,49,0,214,31,,,,,75,150.5215663,0,150.5215663,,,,,78
Tabla de Frutas y Derivados,C033,"Gulupa, madura, cruda",Pulpa sin semillas,81.5,,315,0.9,0.1,17.2,17,0.2,0.2,4,0.2,7,13,,0.1,17,278,0,0.13,1.5,7,0,30,36,,,,,56,52.97893513,0,52.97893513,,,,,74
Tabla de Frutas y Derivados,C034,"Gulupa, pintona, cruda",Pulpa sin semillas,83.2,,279,0.7,0,15.6,15.4,0.2,0.5,4,0.2,6,13,,0,17,278,0,0.13,1.5,7,0,30,36,,,,,56,52.57893513,0,52.57893513,,,,,66
Tabla de Frutas y Derivados,C035,"Gulupa, verde, cruda",Pulpa sin semillas,85.3,,241,0.8,0,13.3,13.1,0.2,0.6,4,0.2,6,13,,0,17,278,0,0.13,1.5,7,0,30,36,,,,,56,52.77893513,0,52.77893513,,,,,57
Tabla de Frutas y Derivados,C036,"Harina de banano, cruda",,14.1,,1444,3,0.4,80.7,79.8,0.9,1.8,10,1.5,,95,,0.6,,,0.08,0.06,1.1,,0,1,28,,,,,100,22.53907204,0,22.53907204,,,,,340
Tabla de Frutas y Derivados,C037,"Harina de chontaduro, cruda",,7.8,,1590,6.4,0.6,83.9,79.7,4.2,1.3,,,,,,,,,,,,,0,,,,,,,100,27.8,0,27.8,,,,,375
Tabla de Frutas y Derivados,C038,"Higo, maduro, crudo",Pulpa sin semillas,89,,203,0.7,0.1,9.7,6.8,2.8,0.5,46,0.5,3,27,1.5,0.1,57,240,0.03,0.05,0.5,6,0,15,7,,,,,61,55.33849531,0,55.33849531,,,,,48
Tabla de Frutas y Derivados,C039,"Higo, pintón, crudo",Pulpa sin semillas,83.3,,302,1.4,1.1,12.5,9.6,2.9,1.7,48,0.4,4,27,1.5,0.1,57,231,0.03,0.05,0.5,6,0,14,7,,,,,61,55.39132829,0,55.39132829,,,,,72
Tabla de Frutas y Derivados,C040,"Higo, verde, crudo",Pulpa sin semillas,85.1,,273,0.7,0.5,12.5,8.9,3,1.1,51,0.5,3,28,1.5,0.1,52,235,0.03,0.06,0.4,6,0,14,8,,,,,61,54.14053724,0,54.14053724,,,,,65
Tabla de Frutas y Derivados,C041,"Icaco, crudo",Pulpa sin semilla,84.8,,243,0.3,0.1,13.8,,,1,50,0.3,,20,,,,,0.03,0.02,0.3,,0,24,0,,,,,20,32.77948718,0,32.77948718,,,,,57
Tabla de Frutas y Derivados,C042,"Kiwi, crudo",Pulpa sin semillas,83,,310,1,0.4,15,12.1,2.9,0.6,30,0.4,3,34,0.3,0.1,16,299,0.03,0.03,0.4,25,0,80,18,,,,,91,124.1971722,0,124.1971722,,,,,73
Tabla de Frutas y Derivados,C043,"Lima, cruda",Pulpa sin semillas,92.4,,147,0.5,0.1,6.6,3.8,2.8,0.4,28,0.3,2,10,1.5,0.1,19,39,0.04,0.01,0.2,8,0,45,0,,,,,40,72.17410958,0,72.17410958,,,,,35
Tabla de Frutas y Derivados,C044,"Limón, crudo",Pulpa sin semillas,89.7,,186,0.3,0.3,9.3,7.8,1.5,0.4,19,0.5,4,15,,0.1,8,143,0.05,0.01,0.1,11,0,42,1,,,,,50,64.67155197,0,64.67155197,,,,,44
Tabla de Frutas y Derivados,C045,"Lulo, crudo",Pulpa sin semillas,89.2,,200,0.9,0.1,8.9,5.3,3.6,0.8,10,0.6,0,15,,0.1,19,248,0.04,0.04,0.1,7,0,20,37,,,,,60,56.64344556,0,56.64344556,,,,,48
Tabla de Frutas y Derivados,C046,"Macadamia, seca",Nuez,3,,2411,5.9,36.4,52.6,44,8.6,2,85,3.7,5,188,,1.2,130,368,1.2,0.16,2.5,11,0,1,0,,,,,100,112.2515821,0,112.2515821,,,,,579
Tabla de Frutas y Derivados,C047,"Madroño, crudo",Pulpa sin semillas,88.3,,198,0.5,0.1,10.9,,,0.2,10,0.3,,21,,,,,0.05,0.05,0.3,,0,10,0,,,,,15,14.54700855,0,14.54700855,,,,,47
Tabla de Frutas y Derivados,C048,"Mamey, crudo",Pulpa sin semillas,85.8,,262,0.4,0.1,13.4,10.4,3,0.3,20,0.4,15,15,,0.1,16,47,0.04,0.04,0.4,14,0,8,120,,,,,65,45.80671551,0,45.80671551,,,,,62
Tabla de Frutas y Derivados,C049,"Mamoncillo, crudo",Pulpa sin semilla,77.4,,381,1,0.2,21,,,0.4,15,0.6,,20,,,,,0.03,0.02,0.9,,0,3,7,,,,,35,10.5982906,0,10.5982906,,,,,90
Tabla de Frutas y Derivados,C050,"Mandarina, cruda",Pulpa sin semillas,87.2,,228,0.9,0.1,11.4,9.6,1.8,0.4,35,0.3,2,21,,0.2,12,151,0.06,0.03,0.2,18,0,24,35,,,,,70,53.71301016,0,53.71301016,,,,,54
Tabla de Frutas y Derivados,C051,"Mango común, crudo",Pulpa sin semilla,81.8,,334,0.6,0,17.1,13.2,3.9,0.5,15,0.5,4,21,0,0.1,24,382,0.12,0.12,0.5,39,0,48,140,,,,,50,111.5410295,0,111.5410295,,,,,79
Tabla de Frutas y Derivados,C052,"Mango Tommy Atkins, crudo",Pulpa sin semilla,52.6,,824,0.4,0.1,46.9,44.8,2.1,0,8,0.1,,14,,0.1,7,138,,0.04,,,0,70,,,,,,76,91.85155483,0,91.85155483,,,,,194
Tabla de Frutas y Derivados,C053,"Mangostino, crudo",Pulpa sin semillas,82,,319,0.8,0.1,16.8,15,1.8,0.2,7,1.6,2,12,,0.2,13,130,0.05,0.01,0.3,31,0,13,0,,,,,32,45.51156184,0,45.51156184,,,,,75
Tabla de Frutas y Derivados,C054,"Manzana común, cruda",Pulpa sin semillas,82.7,,305,0.3,0.2,16.5,15,1.5,0.3,16,0.3,2,10,0,0,5,107,0.05,0.02,0.2,1,0,10,3,,,,,85,24.01609513,0,24.01609513,,,,,72
Tabla de Frutas y Derivados,C055,"Manzana de agua, cruda",Pulpa sin semillas,87.8,,222,1.7,1,9.2,,,0.3,12,0.4,8,10,,,,,0.05,,,,0,4,,,,,,65,10.98974359,0,10.98974359,,,,,53
Tabla de Frutas y Derivados,C056,"Maracuyá, cruda",Pulpa sin semillas,84.9,,256,1.5,0.5,12.4,12.2,0.2,0.7,9,1.7,6,21,,0.1,25,271,0.01,0.17,0.8,8,0,20,173,,,,,32,69.01382069,0,69.01382069,,,,,60
Tabla de Frutas y Derivados,C057,"Marañón, frito, sin sal",Nuez,4.1,,2587,16.1,48.2,29.6,26.3,3.3,2,43,6,13,531,,5.3,273,632,0.36,0.22,1.7,25,0,0,0,,,,,100,165.3235484,0,165.3235484,,,,,623
Tabla de Frutas y Derivados,C058,"Marañón, seco",Nuez,87,,237,0.7,0.4,11.5,9.8,1.7,0.4,5,0.4,7,24,,0.1,10,122,0.03,0.05,0.4,,0,200,5,,,,,70,115.6105188,0,115.6105188,,,,,56
Tabla de Frutas y Derivados,C059,"Marañón, tostado, sin sal",Nuez,2,,2576,15.3,46.4,33.9,30.9,3,2.5,45,6,16,495,11,5.6,258,565,0.2,0.2,1.4,69,0,0,0,,,,,100,168.8090055,0,168.8090055,,,,,620
Tabla de Frutas y Derivados,C060,"Melón, crudo",Pulpa sin semillas,93.6,,106,0.7,0,5,4,1,0.6,11,0.4,7,17,0.6,0.1,7,224,0.04,0.02,0.6,21,0,0,68,,,,,50,27.27798431,0,27.27798431,,,,,25
Tabla de Frutas y Derivados,C061,"Mora de Castilla, cruda",Pulpa sin semillas,83.7,,311,1,0.1,14.6,9.3,5.3,0.6,42,1.7,1,10,,0.5,20,161,0.22,0.05,0.9,25,0,18,0,,,,,90,68.04122178,0,68.04122178,,,,,74
Tabla de Frutas y Derivados,C062,"Naranja, cruda",Pulpa sin semillas,88.5,,174,0.7,0.3,8.8,8.6,0.2,1.7,33,1.3,2,20,2,0.5,213,134,0.35,0.16,0.2,30,0,27,2,,,,,60,103.1625412,0,103.1625412,,,,,41
Tabla de Frutas y Derivados,C063,"Noni, crudo",Pulpa sin semillas,90.8,,153,0.6,0.2,8,,,0.4,,,,,,,,,,,,,0,,,,,,,65,1.2,0,1.2,,,,,36
Tabla de Frutas y Derivados,C064,"Nuez de Brasil, seca",Nuez,3.6,,2976,14.3,66.8,11.8,4.2,7.5,3.5,166,2.4,3,746,20,4.1,378,662,0.64,0.04,0.3,22,0,1,0,,,,,100,192.1844959,0,192.1844959,,,,,721
Tabla de Frutas y Derivados,C065,"Papaya, madura, cruda",Pulpa sin semillas,90.7,,169,0.5,0.1,8.2,6.2,2,0.5,24,0.3,5,9,1,0.1,23,216,0.03,0.03,0.3,37,0,62,235,,,,,70,125.9776128,0,125.9776128,,,,,40
Tabla de Frutas y Derivados,C066,"Papaya, pintona, cruda",Pulpa sin semillas,89,,197,0.5,0.1,9.9,8,1.9,0.5,22,0.3,3,11,1,0.1,21,203,0.03,0.03,0.3,37,0,62,179,,,,,79,118.4916154,0,118.4916154,,,,,47
Tabla de Frutas y Derivados,C067,"Papayuela, cruda",Pulpa sin semillas,93.5,,113,0.7,0.1,5.1,3.8,1.3,0.6,10,0.3,,11,,,,,0.02,0.03,0.6,,0,70,24,,,,,45,88.92319902,0,88.92319902,,,,,27
Tabla de Frutas y Derivados,C068,"Pepino dulce, maduro, crudo",Pulpa sin semillas,92,,138,0.3,0,7.4,6.6,0.8,0.3,7,0.9,,9,,,,,0.06,0.04,0.3,,0,82,32,,,,,89,103.6622711,0,103.6622711,,,,,33
Tabla de Frutas y Derivados,C069,"Pepino dulce, pintón, crudo",Pulpa sin semillas,91.7,,146,0.3,0.2,7.4,6.6,0.8,0.4,7,0.9,,9,,,,,0.06,0.04,0.3,,0,82,32,,,,,88,103.6622711,0,103.6622711,,,,,34
Tabla de Frutas y Derivados,C070,"Pepino dulce, verde, crudo",Pulpa sin semillas,91.5,,152,0.2,0.4,7.5,6.7,0.8,0.4,7,0.9,,9,,,,,0.06,0.04,0.3,,0,82,32,,,,,87,103.4622711,0,103.4622711,,,,,36
Tabla de Frutas y Derivados,C071,"Pera, cruda",Pulpa sin semillas,86.3,,265,0.3,0.2,12.9,8.5,4.4,0.3,8,0.4,1,9,2,0.1,5,106,0.07,0.04,0.2,7,0,2,0,,,,,85,26.56991011,0,26.56991011,,,,,63
Tabla de Frutas y Derivados,C072,"Piña, cruda",Pulpa sin semillas,86.5,,239,0.6,0.1,12.4,10.7,1.7,0.4,16,0.5,3,9,0,0.2,12,159,0.06,0.05,0.3,16,0,23,8,,,,,55,47.9645416,0,47.9645416,,,,,56
Tabla de Frutas y Derivados,C073,"Piñuela, cruda",Pulpa sin semillas,85.9,,228,0.2,1.1,10.8,,,2,31,0.2,2,30,,,11,75,0.06,0.02,0.3,,0,57,,,,,,23,71.44385213,0,71.44385213,,,,,54
Tabla de Frutas y Derivados,C074,"Pistacho, tostado, sin sal",Nuez,2.1,,2759,14.9,52.8,27.6,17.3,10.3,2.6,109,4.2,1,486,,2.3,120,1040,0.85,0.16,1.3,50,0,6,24,,,,,100,170.8360845,0,170.8360845,,,,,666
Tabla de Frutas y Derivados,C075,"Pitahaya amarilla, cruda",Pulpa sin semillas,85.5,,268,0.4,0.1,13.6,10.3,3.3,0.4,26,0.3,4,26,,0.1,19,155,0.03,0.04,0.2,6,0,20,2,,,,,55,48.01850726,0,48.01850726,,,,,63
Tabla de Frutas y Derivados,C076,"Pitahaya roja, cruda",Pulpa sin semillas,87.3,,236,0.5,0.1,11.6,8.3,3.3,0.5,26,0.2,,26,,0.1,,,0.01,0.03,0.2,,0,25,3,,,,,55,44.00793651,0,44.00793651,,,,,56
Tabla de Frutas y Derivados,C077,"Pomarrosa, cruda",Pulpa sin semillas,81.1,,358,0.6,0.2,17.7,12.6,5.1,0.4,49,0.9,2,31,,0.2,14,78,0.02,0.03,0.7,,0,25,40,,,,,65,65.39864651,0,65.39864651,,,,,85
Tabla de Frutas y Derivados,C078,"Ruibarbo, crudo",Tallo,94.9,,91,0.9,0.1,3.4,1.6,1.8,0.7,88,0.3,4,15,,0.1,12,289,0.02,0.02,0.3,7,0,10,3,,,,,65,38.86499234,0,38.86499234,,,,,22
Tabla de Frutas y Derivados,C079,"Sandía, cruda",Pulpa sin semillas,95.7,,73,0.4,0,3.7,3.3,0.4,0.2,4,0.3,1,5,0,0.1,10,111,0.02,0.01,0.1,3,0,7,30,,,,,40,20.80669602,0,20.80669602,,,,,17
Tabla de Frutas y Derivados,C080,"Tamarindo, crudo",Pulpa sin semillas,18.4,,1396,5.4,0.5,73.2,68.1,5.1,2.5,81,1.1,28,86,,0.1,92,621,0.2,0.19,2.5,14,0,20,2,,,,,45,102.4181384,0,102.4181384,,,,,329
Tabla de Frutas y Derivados,C081,"Tomate de árbol amarillo, crudo",Pulpa sin semillas,84.9,,245,1.7,0.1,12.5,,,0.8,10,0.8,1,43,,0.1,19,300,0.06,0.03,0.3,,0,23,155,,,,,60,62.29824124,0,62.29824124,,,,,58
Tabla de Frutas y Derivados,C082,"Tomate de árbol rojo, crudo",Pulpa sin semillas,86.7,,232,2,0.2,10.2,8.2,2,0.8,10,0.9,0,41,,0.1,16,280,0.05,0.03,1.1,,0,29,112,,,,,86,71.3457252,0,71.3457252,,,,,55
Tabla de Frutas y Derivados,C083,"Toronja, cruda",Pulpa sin semillas,87.3,,222,0.7,0.1,11.4,9.8,1.6,0.5,27,0.5,0,32,,0.1,9,135,0.06,0.02,0.2,13,0,40,55,,,,,60,70.78973969,0,70.78973969,,,,,53
Tabla de Frutas y Derivados,C084,"Uchuva, cruda",Pulpa sin semillas,82.1,,326,1.5,0.5,14.2,9.1,5.1,1.7,7,1,0,23,,,17,134,0.01,0.17,0.8,6,0,34,202,,,,,94,95.92920791,0,95.92920791,,,,,77
Tabla de Frutas y Derivados,C085,"Uva blanca, cruda",Pulpa sin semillas,90.5,,162,0.5,0,8.6,7.7,0.9,0.4,6,0.4,2,20,2,0.1,20,128,0.03,0.01,0.1,9,0,5,7,,,,,90,22.96668875,0,22.96668875,,,,,38
Tabla de Frutas y Derivados,C086,"Uva Isabella, cruda",Pulpa sin semillas,87.2,,216,0.4,0,12.1,11.7,0.4,0.3,8,0.4,9,10,2,0.1,4,320,0.03,0.01,0.1,27,0,14,7,,,,,90,35.91040319,0,35.91040319,,,,,51
Tabla de Frutas y Derivados,C087,"Uva, deshidratada",Pulpa sin semillas,20.2,,1385,2.5,0.3,75.2,68.5,6.7,1.8,38,2.4,25,75,2,0.3,32,792,0.12,0.11,0.8,7,0,2,3,,,,,100,73.96064869,0,73.96064869,,,,,327
Tabla de Frutas y Derivados,C088,"Zapote blanco, crudo",Pulpa sin semillas,76.9,,430,1.2,2.6,18.5,,,0.8,0,0.3,,,,,,45,,,,,0,27,,,,,,82,35.02411348,0,35.02411348,,,,,102
Tabla de Frutas y Derivados,C089,"Zapote común, crudo",Pulpa sin semillas,86.6,,248,1.1,0,11.7,8.2,3.5,0.6,38,1.4,11,18,,0.1,12,192,0.05,0.09,0.4,14,0,20,141,,,,,30,73.73199283,0,73.73199283,,,,,59
Base de datos de aceites y grasas,D001,Aceite de ajonjolí o sésamo,,0,,3700,0,100,0,,0,0,0,0,0,0,0,0,0,0,0,0,0,0,0,0,0,14.3,39.3,42,0,100,0,0,0,,,5.685314685,Alta (Cardioprotectora),900
Base de datos de aceites y grasas,D002,Aceite de algodón,,0,,3700,0,100,0,,0,0,0,0,0,0,,0,0,0,0,0,0,0,0,0,0,25.9,17.9,51.5,0,100,0,29.5,-29.5,,,2.67953668,Alta (Cardioprotectora),900
Base de datos de aceites y grasas,D003,Aceite de canola o colza,,0,,3699,0,100,0,,0,0,0,0,0,0,,0,0,0,0,0,0,0,0,0,0,6.9,61.5,29.3,0,100,0,0,0,,,13.15942029,Alta (Cardioprotectora),900
Base de datos de aceites y grasas,D004,Aceite de girasol,,0,,3700,0,100,0,,0,0,0,0,0,0,,0,0,0,0,0,0,0,0,0,0,10.5,34.4,51.6,0,100,0,0,0,,,8.19047619,Alta (Cardioprotectora),900
Base de datos de aceites y grasas,D005,Aceite de linaza o lino,,0,,3700,0,100,0,,0,0,1,0,0,1,0,0.1,0,0,0,0,0,0,0,0,0,9.1,19,67.2,0,100,0.07692307692,0,0.07692307692,,,9.472527473,Alta (Cardioprotectora),900
Base de datos de aceites y grasas,D006,Aceite de maíz,,0,,3700,0,100,0,,0,0,0,0,0,0,,0,0,0,0,0,0,0,0,0,0,14.2,85.8,0,0,100,0,0,0,,,6.042253521,Alta (Cardioprotectora),900
Base de datos de aceites y grasas,D007,Aceite de maní,,0,,3700,0,100,0,,0,0,0,0,0,0,,0,0,0,0,0,0,0,0,0,0,18.1,46.1,30.9,0,100,0,0,0,,,4.254143646,Alta (Cardioprotectora),900
Base de datos de aceites y grasas,D008,Aceite de oliva,,0,,3700,0,100,0,,0,0,0,0,2,0,,0,0,1,0,0,0,0,0,0,0,8.4,90.6,0,0,100,0.02127659574,0,0.02127659574,,,10.78571429,Alta (Cardioprotectora),900
Base de datos de aceites y grasas,D009,Aceite de palma,,0,,3700,0,100,0,,0,0,0,0,0,0,,0,0,0,0,0,0,0,0,0,0,49.3,37,9.3,0,100,0,146.5,-146.5,,,0.939148073,Baja (Proaterogénica),900
Base de datos de aceites y grasas,D010,Aceite de palma africana,,0,,3700,0,100,0,,0,0,0,0,0,,,0,0,0,0,0,0,0,0,0,0,50.9,47.3,0,0,100,0,154.5,-154.5,,,0.9292730845,Baja (Proaterogénica),900
Base de datos de aceites y grasas,D011,Aceite de sacha inchi,,0,,3700,0,100,0,,0,0,,,,,,,,,,,,,0,,,6.1,7.8,86.1,0,100,0,0,0,,,15.39344262,Alta (Cardioprotectora),900
Base de datos de aceites y grasas,D012,Aceite de soya,,0,,3700,0,100,0,,0,0,0,0,0,0,0,0,0,0,0,0,0,0,0,0,0,14.4,23.3,57.9,0,100,0,0,0,,,5.638888889,Alta (Cardioprotectora),900
Base de datos de aceites y grasas,D013,"Aceite, mezcla vegetal",,0,,3700,0,100,0,,0,0,0,0,0,1,11,0,0,0,0,0,0,0,0,0,0,13.4,51.1,31.7,0,100,0,0,0,,,6.179104478,Alta (Cardioprotectora),900
Base de datos de aceites y grasas,D014,Manteca o grasa de cerdo,,1,,3663,0,99,0,,0,0,0,0,0,0,,0.1,157,721,0,0,0,0,0,0,0,39.6,45.1,11.2,95,100,52.72137791,98,-45.27862209,,,1.421717172,Baja (Proaterogénica),891
Base de datos de aceites y grasas,D015,Mantequilla,,16.9,,3055,0.8,82.2,0,,0,0.1,22,0.2,223,20,38,0.1,2,19,0,0.01,0.1,1,0.3,0,1170,52.6,21.4,2.7,214,100,105.5338646,163,-57.4661354,,,0.4581749049,Baja (Proaterogénica),743
Base de datos de aceites y grasas,D016,Mantequilla de maní,,1.4,,2666,24.6,50,20.7,,5.8,3.3,34,1.7,478,323,,2.5,162,649,0.1,0.1,13.3,74,0,0,0,9.6,23.6,14.4,0,100,152.854054,0,152.854054,,,3.958333333,Alta (Cardioprotectora),643
Base de datos de aceites y grasas,D017,Margarina de canola,,16,,3005,0.5,81,0,,0,2.5,4,0.1,742,11,,0,1,44,0,0,0,0,0,0,819,15.2,31.6,25.9,0,100,94.03751331,0,94.03751331,,,3.782894737,Alta (Cardioprotectora),731
Base de datos de aceites y grasas,D018,"Margarina, con sal",,15.8,,3011,0.6,81.1,0,,0,2.5,14,0,877,14,26,0,2,44,0.01,0.04,0,1,0.1,0,819,34.6,45.8,0,0,100,94.93928377,73,21.93928377,,,1.323699422,Baja (Proaterogénica),732
Base de datos de aceites y grasas,D019,"Margarina, esparcible",,16,,3006,0.6,81,0,,0,2.5,3,0.1,685,12,,0.4,1,32,0,0.01,0,0,0.04,0,819,14.9,38.6,26.4,0,100,93.90527109,0,93.90527109,,,4.362416107,Alta (Cardioprotectora),731
Base de datos de aceites y grasas,D020,"Mayonesa, con sal",,58.4,,1343,0.9,33.4,5.4,,0,1.9,14,0.2,711,26,35,0.2,1,18,0.01,0.04,0,6,0.24,0,84,4.9,9,18,50,100,15.44244148,0,15.44244148,,,5.510204082,Alta (Cardioprotectora),326
Tabla Nutricional_ Pescados y Mariscos,E001,"Almeja, de agua dulce, cruda",,82.8,,278,14,1,0.3,,0,2,43,1.7,46,170,160,1.3,19,274,0.08,0.14,1.3,16,11.28,2,90,0.2,0.1,0.2,30,11,67.32795573,0,67.32795573,,,1.5,Baja (Proaterogénica),66
Tabla Nutricional_ Pescados y Mariscos,E002,"Arenque, entero, crudo",,70.3,,651,17.9,9,0.7,,0,2.1,57,1.1,80,235,29,1,32,326,0.09,0.24,3.6,10,13.54,0,32,2,3.7,2.1,60,54,66.90649988,0,66.90649988,,,2.9,Alta (Cardioprotectora),156
Tabla Nutricional_ Pescados y Mariscos,E003,"Atún, enlatado en aceite",,61.4,,881,25.5,12.1,0,,0,1.5,8,1.5,391,250,14,0.5,34,212,0.02,0.08,12.3,5,2.2,0,5,1.8,3.6,5.5,40,100,74.3601499,0,74.3601499,,,5.055555556,Alta (Cardioprotectora),211
Tabla Nutricional_ Pescados y Mariscos,E004,"Atún, enlatado en agua",,70,,537,24.2,3,0.9,,0,1.9,14,1,377,219,13,0.5,33,237,0.02,0.05,5.8,2,1.17,0,6,0.8,0.8,1.1,42,100,69.09884135,0,69.09884135,,,2.375,Alta (Cardioprotectora),127
Tabla Nutricional_ Pescados y Mariscos,E005,"Bagre, graso, sin cabeza, crudo",Cuerpo sin cabeza,72.5,,685,15.5,11.4,0,,0,0.8,8,0.6,98,200,,0.5,19,302,0.02,0.1,2,10,2.88,0,0,1.3,2.6,1.1,55,85,48.39805939,0,48.39805939,,,2.846153846,Alta (Cardioprotectora),165
Tabla Nutricional_ Pescados y Mariscos,E006,"Bagre, magro, entero, cocido, sin sal",,74.7,,576,18.2,7.2,0,,0,1.1,15,0.5,101,200,100,0.6,24,301,0.04,0.08,2.3,12,2,0,1,1.6,3.1,1.4,66,66,55.56127608,0,55.56127608,,,2.8125,Alta (Cardioprotectora),138
Tabla Nutricional_ Pescados y Mariscos,E007,"Bagre, magro, sin cabeza, crudo",Cuerpo sin cabeza,78.7,,390,17.5,2.4,0.2,,0,1.2,19,1.9,83,201,90,0.6,27,279,0.19,0.08,2,5,2.09,0,15,0.4,0.8,0.8,46,92,62.29850233,0,62.29850233,,,4,Alta (Cardioprotectora),93
Tabla Nutricional_ Pescados y Mariscos,E008,"Bagre, semigraso, sin cabeza, crudo",Cuerpo sin cabeza,76.9,,494,15.5,5.9,0.7,,0,1,8,0.2,98,204,,0.5,19,302,0.02,0.08,2.1,10,2.88,0,0,1.3,2.6,1.1,55,92,46.17583717,0,46.17583717,,,2.846153846,Alta (Cardioprotectora),118
Tabla Nutricional_ Pescados y Mariscos,E009,"Bocachico, entero, cocido, sin sal",,72.3,,578,20.1,6.4,0,,0,1.2,76,0.9,97,166,,0.8,22,266,0.06,0.13,24.5,,,,88,3.2,1.3,0.7,105,51,71.72160133,0,71.72160133,,,0.625,Baja (Proaterogénica),138
Tabla Nutricional_ Pescados y Mariscos,E010,"Bocachico, sin cabeza, crudo",Cuerpo sin cabeza,76.6,,408,20.2,1.5,0.5,,0,1.2,24,2.1,,255,,,,,,0.08,3,,,,,,,,,64,53.91282051,0,53.91282051,,,,,96
Tabla Nutricional_ Pescados y Mariscos,E011,"Bocachico, sin cabeza, salado, crudo",Cuerpo sin cabeza,78.8,,526,17,6.4,0,,0,1.1,50,2.5,,200,,,,,,0.08,3,,,,,,,,,70,51.73504274,0,51.73504274,,,,,126
Tabla Nutricional_ Pescados y Mariscos,E012,"Bonito, sin cabeza, crudo",Cuerpo sin cabeza,70.6,,564,24,4.2,0,,0,1.2,27,3.1,40,258,,0.3,,293,0.02,0.06,12.8,,0,0,,0,0,0,,51,73.53318785,0,73.53318785,,,0,Baja (Proaterogénica),134
Tabla Nutricional_ Pescados y Mariscos,E013,"Cachama, entera, frita, con sal",,61.1,,1058,27,16.2,0,,0,2.2,21,1.2,610,229,,0.5,36,460,0.04,0.12,51.8,,,,8,10,5.8,0.4,152,83,81.52960278,0,81.52960278,,,0.62,Baja (Proaterogénica),254
Tabla Nutricional_ Pescados y Mariscos,E014,"Cachama, sin cabeza, cruda",Cuerpo sin cabeza,77,,447,18.1,3.8,0,,0,1.1,18,1.4,,203,,,,,,,,,,,,,,,,78,45.36239316,0,45.36239316,,,,,106
Tabla Nutricional_ Pescados y Mariscos,E015,"Calamar, crudo",,80.5,,336,16.4,1.5,0.1,,0,1.5,32,0.7,44,148,20,1.5,33,246,0.02,0.41,2.2,5,1.3,0,10,0.4,0.1,0.5,233,70,54.60272387,0,54.60272387,,,1.5,Baja (Proaterogénica),79
Tabla Nutricional_ Pescados y Mariscos,E016,"Camarón, cocido, sin sal",,74,,436,23.5,1,0,,0,1.5,90,3,223,257,100,1.6,36,182,0.01,0.03,2,4,1.49,0,68,0.3,0.2,0.4,205,83,91.58906814,0,91.58906814,,,2,Alta (Cardioprotectora),103
Tabla Nutricional_ Pescados y Mariscos,E017,"Camarón, crudo",,76.6,,400,20.3,1.2,0.5,,0,1.4,82,2.5,163,196,90,1.3,36,181,0.03,0.02,2.2,12,1.24,0,54,0.3,0.2,0.6,145,87,82.2190736,0,82.2190736,,,2.666666667,Alta (Cardioprotectora),94
Tabla Nutricional_ Pescados y Mariscos,E018,"Cangrejo, crudo",,79.7,,353,17.3,1.6,0,,0,1.6,75,0.5,423,180,37,3.3,36,208,0.14,0.06,1.6,10,1.15,0,1,0.2,0.3,0.5,139,30,58.75508014,0,58.75508014,,,4,Alta (Cardioprotectora),84
Tabla Nutricional_ Pescados y Mariscos,E019,"Caracol de mar, crudo",,68.3,,519,23.8,1.4,3.7,,0,2.8,10,3.5,70,272,,1,250,382,0.01,0.12,1.4,6,0.5,0,26,0,0,0,65,100,139.8540332,0,139.8540332,,,0,Baja (Proaterogénica),123
Tabla Nutricional_ Pescados y Mariscos,E020,"Carite, entero, crudo",,76.3,,445,18.6,3.5,0.1,,0,1.6,19,0.3,65,257,40,0.4,24,435,0.06,0.05,6.4,9,1.04,0,20,0.3,0.5,0.4,49,80,59.77003221,0,59.77003221,,,3,Alta (Cardioprotectora),106
Tabla Nutricional_ Pescados y Mariscos,E021,"Corvina, de mar, filete, crudo",Filete,78,,420,17.8,3.2,0,,0,1,15,0.4,56,208,,0.4,40,345,0.08,0.09,4.2,15,2.5,0,18,1.1,1.1,0.5,61,100,61.59030343,0,61.59030343,,,1.454545455,Baja (Proaterogénica),100
Tabla Nutricional_ Pescados y Mariscos,E022,"Jaiba o cangrejo azul, cocida, sin sal",,77.9,,367,19.1,1.1,0.1,,0,1.8,89,0.7,293,229,40,3.6,34,329,0.08,0.04,2.7,44,9,3,2,0.2,0.4,0.4,78,100,78.58583639,0,78.58583639,,,4,Alta (Cardioprotectora),87
Tabla Nutricional_ Pescados y Mariscos,E023,"Langosta, cruda",,79.7,,346,16.2,1.9,0,,0,2.2,61,0.6,423,180,37,2.8,37,206,0.13,0.06,1.9,10,1.13,0,1,0.2,0.3,0.4,127,35,56.22925467,0,56.22925467,,,3.5,Alta (Cardioprotectora),82
Tabla Nutricional_ Pescados y Mariscos,E024,"Langostino, crudo",,82.5,,300,14.6,1.4,0,,0,1.5,52,0.9,531,252,21,1.2,26,300,0.02,0.02,2,30,1.66,0,30,0.3,0.4,0.3,158,47,61.60678825,0,61.60678825,,,2.333333333,Alta (Cardioprotectora),71
Tabla Nutricional_ Pescados y Mariscos,E025,"Lenguado, entero, crudo",,80.2,,341,16.7,1.4,0.3,,0,1.4,19,0.3,119,181,33,0.5,22,278,0.09,0.18,3.2,11,1,0,10,0.2,0.2,0.3,48,80,51.54230509,0,51.54230509,,,2.5,Alta (Cardioprotectora),81
Tabla Nutricional_ Pescados y Mariscos,E026,"Lisa, sin cabeza, cruda",Cuerpo sin cabeza,76.6,,442,18,3.4,0.6,,0,1.4,34,1.2,65,199,330,0.7,29,376,0.05,0.11,4.8,9,0.22,0,37,1.1,1,1.1,40,50,66.5479243,0,66.5479243,,,1.909090909,Baja (Proaterogénica),105
Tabla Nutricional_ Pescados y Mariscos,E027,"Lisa, sin cabeza, salada, cruda",Cuerpo sin cabeza,72.3,,526,21.8,4,0.4,,0,1.5,33,1,65,202,190,0.5,29,359,0.01,0.08,4.6,9,0.22,0,37,0.9,0.9,0.6,40,50,72.59818798,0,72.59818798,,,1.666666667,Baja (Proaterogénica),125
Tabla Nutricional_ Pescados y Mariscos,E028,"Macabí o machete, entero, crudo",,72.5,,555,20.5,5.4,0.4,,0,1.2,49,1.9,,217,,,,,0.01,0.08,4.7,,,6,,,,,,50,61.99145299,0,61.99145299,,,,,132
Tabla Nutricional_ Pescados y Mariscos,E029,"Machuelo o moncholo, sin cabeza, crudo",Cuerpo sin cabeza,75.2,,497,19,4.7,0,,0,1.1,7,0.8,,,,,,,,,,,,,,,,,,100,42.98290598,0,42.98290598,,,,,118
Tabla Nutricional_ Pescados y Mariscos,E030,"Merluza, filete, crudo",Filete,79,,361,18.3,1.3,0.1,,0,1.3,27,0.8,75,186,27,0.3,24,288,0.06,0.07,1.3,12,1.2,0,17,0.3,0.5,0.5,41,100,59.8522017,0,59.8522017,,,3.333333333,Alta (Cardioprotectora),85
Tabla Nutricional_ Pescados y Mariscos,E031,"Mero, entero, crudo",,77.9,,378,19.4,1.2,0.2,,0,1.3,14,0.9,80,210,7,0.5,20,255,0.8,0.14,2.4,11,2,0,47,0.2,0.2,0.3,32,57,63.03658198,0,63.03658198,,,2.5,Alta (Cardioprotectora),89
Tabla Nutricional_ Pescados y Mariscos,E032,"Ostra, cruda",,89.9,,180,5.4,2.2,0.4,,0,2.1,109,5.2,325,81,20,59.1,43,239,0.1,0.17,1.6,11,16.74,0,4,0.4,0.3,0.9,53,15,66.59115034,0,66.59115034,,,3,Alta (Cardioprotectora),43
Tabla Nutricional_ Pescados y Mariscos,E033,"Pescado seco, crudo",,16.1,,1156,62.8,2.4,0,,0,18.7,160,3.6,7027,891,,1.6,133,1458,0.27,0.24,7.5,25,10,0,42,0.5,0.3,0.8,152,100,205.9123022,205.5217391,0.3905631063,,,2.2,Alta (Cardioprotectora),273
Tabla Nutricional_ Pescados y Mariscos,E034,"Pulpo, crudo",,82.4,,292,14.9,1,0.1,,0,1.6,53,3.4,230,180,20,1.7,30,350,0.04,0.07,2.1,16,20,0,45,0.3,0.1,0.3,48,79,76.35547762,0,76.35547762,,,1.333333333,Baja (Proaterogénica),69
Tabla Nutricional_ Pescados y Mariscos,E035,"Raya, filete, asado",Filete,65.9,,566,31.1,0.5,1.1,,0,1.4,15,1.2,150,215,25,0,37,320,0.15,0.15,3.8,,8,0,,0,0,0,,100,85.63854727,0,85.63854727,,,0,Baja (Proaterogénica),133
Tabla Nutricional_ Pescados y Mariscos,E036,"Róbalo o gualajo, entero, crudo",,78.6,,387,18.4,2,0,,0,1,55,1.2,69,208,7,0.5,29,350,0.09,0.07,1.4,9,3.07,0,44,0.5,0.4,0.7,68,67,69.1878952,0,69.1878952,,,2.2,Alta (Cardioprotectora),92
Tabla Nutricional_ Pescados y Mariscos,E037,"Salmón, enlatado en aceite",,61.6,,885,21.7,13.9,0.1,,0,2.7,200,1,484,300,76,1,30,350,0.02,0.16,5.7,11,4,0,28,1.9,3,2.4,46,100,84.7909477,0,84.7909477,,,2.842105263,Alta (Cardioprotectora),212
Tabla Nutricional_ Pescados y Mariscos,E038,"Salmón, filete, crudo",Filete,67.2,,755,20.2,11,0.3,,0,1.3,17,0.4,49,250,37,0.5,27,362,0.21,0.13,7.6,26,3.84,0,13,2.2,4.2,3.2,51,100,66.00505806,0,66.00505806,,,3.363636364,Alta (Cardioprotectora),181
Tabla Nutricional_ Pescados y Mariscos,E039,"Sardinas, enlatadas en aceite",,58.6,,940,24.6,14.1,0,,0,2.9,350,2.9,450,430,23,1.6,40,389,0.08,0.29,6.7,8,8.94,0,28,2.9,3.9,5.1,142,100,115.1457044,0,115.1457044,,,3.103448276,Alta (Cardioprotectora),225
Tabla Nutricional_ Pescados y Mariscos,E040,"Sardinas, enlatadas en salsa de tomate",,66.9,,738,20.9,10.3,0.1,,0,1.9,380,2.3,414,400,10,1.4,33,341,0.04,0.23,5.3,24,9,0,46,2.7,3.8,2.4,61,100,110.0321201,0,110.0321201,,,2.296296296,Alta (Cardioprotectora),177
Tabla Nutricional_ Pescados y Mariscos,E041,"Sierra, entera, cruda",,72.3,,541,21.8,4.6,0,,0,1.3,54,1.2,54,238,,0.4,,413,0.14,0.19,4.1,7,0.91,,12,0.1,0.1,0.2,43,82,66.2910802,0,66.2910802,,,3,Alta (Cardioprotectora),129
Tabla Nutricional_ Pescados y Mariscos,E042,"Tiburón, filete, crudo",Filete,73.6,,515,20.5,4.5,0,,0,1.4,34,0.8,79,210,,0.4,49,160,0.05,0.07,3,3,1.49,0,70,0.9,1.8,1.2,51,100,71.65852882,0,71.65852882,,,3.333333333,Alta (Cardioprotectora),122
Tabla Nutricional_ Pescados y Mariscos,E043,"Tilapia o mojarra, entera, cruda",,77.3,,405,20.1,1.7,0,,0,0.9,10,0.6,52,170,,0.3,27,302,0.04,0.06,3.9,24,1.59,0,0,0.6,0.5,0.4,50,62,63.15666745,0,63.15666745,,,1.5,Baja (Proaterogénica),96
Tabla Nutricional_ Pescados y Mariscos,E044,"Tilapia o mojarra, frita, sin sal",,62.4,,947,26.3,13.5,0,,0,3.1,72,1.9,250,199,,0.9,27,388,0.04,0.12,1.5,,,,9,,,,141,44,84.37790767,0,84.37790767,,,,,227
Tabla Nutricional_ Pescados y Mariscos,E045,"Tilapia o mojarra, recortes, crudos",Recortes,55.6,,1293,16.2,27.5,0,,0,1,70,,,110,,,,,,,,,,,,,,,,,37.78461538,0,37.78461538,,,,,312
Tabla Nutricional_ Pescados y Mariscos,E046,"Trucha, de mar, entera, cruda",,71.4,,597,20.8,6.6,0,,0,1.2,16,1.3,58,251,3,0.6,30,346,0.06,0.19,3.2,5,4.32,0,16,0.9,1.3,1.1,82,52,67.5853285,0,67.5853285,,,2.666666667,Alta (Cardioprotectora),142
Tabla Nutricional_ Pescados y Mariscos,E047,"Trucha, entera, cruda",,72.7,,567,19.9,6.2,0,,0,1.2,34,0.3,52,227,3,0.7,25,306,0.17,0.1,4.8,9,5.2,0,14,0.8,2,1.7,58,52,60.35062609,0,60.35062609,,,4.625,Alta (Cardioprotectora),135
Tabla Nutricional_ Pescados y Mariscos,E048,"Trucha, recortes, crudos",Recortes,63.8,,876,16.3,16.1,0.2,,0,3.7,865,,,480,,,,,,,,,,,,,,,,,99.13846154,0,99.13846154,,,,,211
Tabla Nutricional Carnes y Derivados,F001,"Armadillo, carne, cruda",,64.5,,693,29,5.4,0,,0,1.1,30,10.9,,208,,,,385,0.1,0.4,6,,,0,0,,,,,100,129.0547372,0,129.0547372,,,,,165
Tabla Nutricional Carnes y Derivados,F002,"Babilla, carne, cruda",,67.7,,537,30.8,0.4,0,,0,1.2,,,,,,,,,,,,,,,,,,,,100,61.6,0,61.6,,,,,126
Tabla Nutricional Carnes y Derivados,F003,"Butifarra, precocida",,57.8,,1062,15.2,20.2,3.3,,0,3.5,51,1.9,703,51,,,15,140,0.04,0.13,2.4,2,,0,0,6.8,8.9,3,50,100,51.92878445,0,51.92878445,,,1.75,Baja (Proaterogénica),256
Tabla Nutricional Carnes y Derivados,F004,"Cabra o chivo, carne, cocida, sin sal",,68.4,,579,27.1,3,0.4,,0,1.1,17,3.7,80,201,,5.3,0,360,0.09,0.61,4,5,1.19,0,0,0.9,1.4,0.2,71,100,84.97282233,0,84.97282233,,,1.777777778,Baja (Proaterogénica),137
Tabla Nutricional Carnes y Derivados,F005,"Cabra o chivo, carne, cruda",,75.8,,439,20.6,2.3,0.2,,0,1.1,13,2.8,82,180,5,4,15,385,0.11,0.49,3.8,5,1.13,0,0,0.7,1,0.2,57,100,70.76847349,0,70.76847349,,,1.714285714,Baja (Proaterogénica),104
Tabla Nutricional Carnes y Derivados,F006,"Caracol terrestre, carne, cruda",,81.9,,280,11.8,0.1,4.5,,0,1.8,53,2.2,,75,,,,,0.01,0.11,0.4,,,2,,,,,,100,42.12136752,0,42.12136752,,,,,66
Tabla Nutricional Carnes y Derivados,F007,"Cerdo, brazo, cocido, sin sal",Brazo,63.5,,769,26.8,8.5,0,,0,1.2,14,0.9,86,213,5,3.4,23,366,0.63,0.39,5.4,5,0.76,0,2,3.7,3.8,1.1,89,100,74.41256982,0,74.41256982,,,1.324324324,Baja (Proaterogénica),184
Tabla Nutricional Carnes y Derivados,F008,"Cerdo, brazo, crudo",Brazo,74.4,,486,20.3,3.8,0,,0,1.5,10,0.5,87,203,5,2.4,20,420,0.92,0.29,6.9,3,0.61,0,2,1.2,1.6,0.7,67,100,58.81730574,0,58.81730574,,,1.916666667,Baja (Proaterogénica),115
Tabla Nutricional Carnes y Derivados,F009,"Cerdo, brazo, horneado, sin sal",Brazo,60.2,,920,26.7,12.6,0,,0,1.1,9,1.4,80,258,7,4.1,20,357,0.57,0.39,4.3,5,0.78,0,0,3.6,3.7,1.2,95,100,75.47773491,0,75.47773491,,,1.361111111,Baja (Proaterogénica),220
Tabla Nutricional Carnes y Derivados,F010,"Cerdo, carne gorda, cruda",,58.2,,1154,17.1,23,0.7,,0,1,8,0.8,57,166,,2.1,18,385,0.79,0.19,5.5,4,0.55,0,2,8,9.9,2.8,72,100,52.95925493,0,52.95925493,,,1.5875,Baja (Proaterogénica),278
Tabla Nutricional Carnes y Derivados,F011,"Cerdo, carne magra, cruda",,71.3,,590,21.4,6,0.2,,0,1.1,17,0.8,52,220,2.6,1.8,23,389,0.98,0.25,4.8,5,0.63,0,2,2,2.6,0.7,60,100,63.7771452,0,63.7771452,,,1.65,Baja (Proaterogénica),140
Tabla Nutricional Carnes y Derivados,F012,"Cerdo, carne muy gorda, cruda",,35.7,,2153,9.3,53.7,0.5,,0,0.8,6,0.5,32,108,5,1,4,185,0.42,0.24,4.6,1,0.84,0,2,19.5,24.5,6.4,72,100,27.20008963,0,27.20008963,,,1.584615385,Baja (Proaterogénica),522
Tabla Nutricional Carnes y Derivados,F013,"Cerdo, carne semigorda, cruda",,62.1,,1015,17.2,19.4,0.3,,0,1,13,1.4,65,180,5,2.1,20,339,0.76,0.22,4.9,5,0.73,0,2,5.7,7.2,2.1,70,100,56.62467072,0,56.62467072,,,1.631578947,Baja (Proaterogénica),245
Tabla Nutricional Carnes y Derivados,F014,"Cerdo, costilla, cocida, sin sal",Costilla,53.9,,1079,29.5,15.6,0,,0,1.1,12,1,77,174,,,,362,0.46,0.3,3.8,,,,,7,6.3,2.2,31,54,73.18076014,0,73.18076014,,,1.214285714,Baja (Proaterogénica),258
Tabla Nutricional Carnes y Derivados,F015,"Cerdo, costilla, cruda",Costilla,59.4,,1150,18.7,22.5,0,,0,0.9,11,1,93,180,2,1.8,20,255,0.62,0.26,5.1,4,0.87,0,5,7.4,6.9,2.5,75,77,55.54470163,0,55.54470163,,,1.27027027,Baja (Proaterogénica),277
Tabla Nutricional Carnes y Derivados,F016,"Cerdo, costilla, horneada, sin sal",Costilla,48.1,,1414,24.4,27,0,,0,1,45,1.3,111,178,,3.3,21,314,0.48,0.36,4.6,0,0.77,0,6,11,13.5,2.3,118,50,71.83127841,0,71.83127841,,,1.436363636,Baja (Proaterogénica),341
Tabla Nutricional Carnes y Derivados,F017,"Cerdo, hígado, crudo",Hígado,72.3,,519,21.4,3.7,1.1,,0,1.5,10,23.3,87,360,10,6.4,19,296,0.4,3,15.1,212,25.63,25,6499,1.1,0.5,0.9,301,100,335.1686904,0,335.1686904,,,1.272727273,Baja (Proaterogénica),123
Tabla Nutricional Carnes y Derivados,F018,"Cerdo, lomo, cocido, sin sal",Lomo,60.2,,718,35.1,3.2,0,,0,1.4,18,1.2,34,232,,2.5,28,375,1.02,0.33,4.8,1,0.73,0,2,1.4,1.5,0.4,41,100,93.36889434,0,93.36889434,,,1.357142857,Baja (Proaterogénica),170
Tabla Nutricional Carnes y Derivados,F019,"Cerdo, lomo, crudo",Lomo,74.3,,465,21.6,2.5,0.3,,0,1.3,10,0.9,53,216,,1.9,27,368,0.95,0.34,7.1,0,0.51,0,0,0.8,1,0.2,44,100,63.22758943,0,63.22758943,,,1.5,Baja (Proaterogénica),110
Tabla Nutricional Carnes y Derivados,F020,"Cerdo, lomo, horneado, sin sal",Lomo,60.1,,719,35.1,3.2,0.2,,0,1.4,16,1.2,55,259,,2.5,31,401,0.7,0.34,6.6,0,0.56,0,0,1.3,1.6,0.4,42,100,94.01030317,0,94.01030317,,,1.538461538,Baja (Proaterogénica),170
Tabla Nutricional Carnes y Derivados,F021,"Cerdo, panceta o tocineta, cocida, sin sal",Panceta,20.4,,1934,39,34.1,0.5,,0,6,23,0.8,87,184,,3.5,34,252,0.55,0.17,5.6,,1,0,,11.6,15.2,5.6,111,100,97.67061544,0,97.67061544,,,1.793103448,Baja (Proaterogénica),465
Tabla Nutricional Carnes y Derivados,F022,"Cerdo, panceta o tocineta, salada, cruda",Panceta,44.2,,1705,13.1,39.7,0.8,,0,2.2,5,0.7,1118,127,11,1.3,12,210,0.41,0.1,4.2,2,0.5,0,8,13.3,17.4,6.5,66,100,39.18762113,0,39.18762113,,,1.796992481,Baja (Proaterogénica),413
Tabla Nutricional Carnes y Derivados,F023,"Cerdo, panceta o tocineta, salteada, sin sal",Panceta,47,,1467,22.4,29.4,0,,0,1.2,9,0.8,77,180,6,2.5,21,379,0.8,0.2,6.7,3,1,0,0,8.7,14.2,6.4,79,100,63.75058192,0,63.75058192,,,2.367816092,Alta (Cardioprotectora),354
Tabla Nutricional Carnes y Derivados,F024,"Cerdo, pierna o pernil, cocida, sin sal",Pierna,67.2,,623,27.1,4.3,0,,0,1.3,17,1.1,24,210,5,3.1,27,360,0.74,0.3,5.9,1,1,0,0,1.7,2,0.7,105,100,75.95694932,0,75.95694932,,,1.588235294,Baja (Proaterogénica),148
Tabla Nutricional Carnes y Derivados,F025,"Cerdo, pierna o pernil, cruda",Pierna,72.9,,551,20.5,5.4,0.2,,0,1.1,8,1.2,57,217,5,2.5,23,370,0.8,0.24,5.7,5,0.8,0,0,1.9,2.4,0.6,68,100,62.88058218,0,62.88058218,,,1.578947368,Baja (Proaterogénica),131
Tabla Nutricional Carnes y Derivados,F026,"Cerdo, pierna o pernil, horneada, sin sal",Pierna,60,,848,29.4,9.4,0,,0,1.2,18,1.1,27,277,5,3.1,26,384,0.8,0.32,5.9,12,0.8,0,3,3.3,4.5,0.8,94,100,83.98974879,0,83.98974879,,,1.606060606,Baja (Proaterogénica),202
Tabla Nutricional Carnes y Derivados,F027,"Cerdo, riñón, crudo",Riñón,80,,375,16.2,2.7,0,,0,1.1,10,5,121,205,7,2.7,17,229,0.35,2.8,8.1,42,8.49,13,59,1,1,0.3,319,100,101.366968,0,101.366968,,,1.3,Baja (Proaterogénica),89
Tabla Nutricional Carnes y Derivados,F028,"Cerdo, tocino, cocido, sin sal",Tocino,10.3,,3093,10.4,78.8,0,,0,0.4,40,1.3,15,62,11,0.8,10,130,0.04,0.38,2.5,0,0,0,0,33.1,32,13.7,26,100,36.24605513,65.5,-29.25394487,,,1.380664653,Baja (Proaterogénica),751
Tabla Nutricional Carnes y Derivados,F029,"Cerdo, tocino, crudo",Tocino,10.8,,3224,2.9,85.8,0,,0,0.6,6,1.1,22,37,11,0.8,4,71,0.23,0.17,2.7,1,0.18,0,10,34.6,35.3,15.9,70,100,16.19677993,73,-56.80322007,,,1.479768786,Baja (Proaterogénica),784
Tabla Nutricional Carnes y Derivados,F030,"Cerdo, tocino, frito en su propia grasa (chicharrón), con sal",Tocino,16.9,,2477,20.8,56.1,2.8,,0,3.4,61,2.8,125,149,,0.8,9,171,0.03,0.2,3.8,,0,0,0,15.3,19.6,7.9,105,100,67.62901826,0,67.62901826,,,1.797385621,Baja (Proaterogénica),599
Tabla Nutricional Carnes y Derivados,F031,"Cerdo, tocino, salteado, sin sal",Tocino,9.8,,3106,10.2,79.2,0.1,,0,0.8,9,1.4,18,66,,3.5,33,565,0.02,0.19,3,2,1.23,0,11,32.7,32.8,13.8,40,100,50.47072715,63.5,-13.02927285,,,1.425076453,Baja (Proaterogénica),754
Tabla Nutricional Carnes y Derivados,F032,"Chigüiro, carne, salada, cruda",,63.7,,563,22.1,4.5,1.2,,0,8.5,186,2.7,,186,,,,,0.01,0.22,7.1,,,0,,,,,,100,73.50769231,0,73.50769231,,,,,134
Tabla Nutricional Carnes y Derivados,F033,"Chigüiro, pierna o pernil, cruda",Pierna,70,,401,22,0.7,0,,0,7.2,,,,,,,,,,,,,,,,,,,,100,44,0,44,,,,,95
Tabla Nutricional Carnes y Derivados,F034,"Chorizo de cerdo y res, crudo",,47,,1334,24.1,23.1,4,,0,1.8,9,2.1,1140,271,10.9,1.2,10,181,0.12,0.28,7.1,1,0.9,0,0,9.6,11,2.5,73,100,67.04099057,0,67.04099057,,,1.40625,Baja (Proaterogénica),321
Tabla Nutricional Carnes y Derivados,F035,"Chorizo de pollo, crudo",,52.9,,910,31.3,10.2,0.1,,0,5.5,,,,,,,,,,,,,,,,,,,,100,62.6,0,62.6,,,,,217
Tabla Nutricional Carnes y Derivados,F036,"Codorniz o perdiz, entera sin piel, cruda",,71,,560,22.4,4.5,0.8,,0,1.3,13,4.5,51,307,2,2.7,25,237,0.28,0.28,8.2,7,0.46,7,17,1.3,1.3,1.2,70,61,93.21160081,0,93.21160081,,,1.923076923,Baja (Proaterogénica),133
Tabla Nutricional Carnes y Derivados,F037,"Conejo, carne, cocida, sin sal",,59.8,,833,30.4,8.4,0.3,,0,1.1,20,2.4,45,226,,2.4,20,300,0.06,0.17,7.2,9,6.51,0,0,2.4,2,1.5,86,100,89.06667836,0,89.06667836,,,1.458333333,Baja (Proaterogénica),198
Tabla Nutricional Carnes y Derivados,F038,"Conejo, carne, cruda",,72.8,,560,20.1,5.8,0.2,,0,1.1,22,1.6,41,220,3,1.4,25,343,0.1,0.14,7.3,8,7.16,0,0,2.6,1.7,1.8,56,57,66.03144987,0,66.03144987,,,1.346153846,Baja (Proaterogénica),134
Tabla Nutricional Carnes y Derivados,F039,"Conejo, hígado, crudo",Hígado,74.6,,497,17.9,4.3,2,,0,1.2,40,14,,240,,,,,0.24,1.9,12,,,20,8404,,,,,100,238.8769231,0,238.8769231,,,,,118
Tabla Nutricional Carnes y Derivados,F040,"Conejo, riñón, crudo",Riñón,75.8,,501,16.9,5.5,0.6,,0,1.2,37,9.8,,240,,,,,0.29,2.1,9.3,,,10,140,,,,,100,117.757265,0,117.757265,,,,,120
Tabla Nutricional Carnes y Derivados,F041,"Cordero, carne gorda, cruda",,61.6,,1044,16.8,20.5,0.1,,0,1,13,2.1,58,170,2,3.4,21,286,0.12,0.22,6.1,3,2.01,0,0,9.7,8.2,1.3,72,100,58.10177305,0,58.10177305,,,0.9793814433,Baja (Proaterogénica),252
Tabla Nutricional Carnes y Derivados,F042,"Cordero, carne magra, cruda",,70.6,,600,21.3,5.9,1.1,,0,1.1,7,2.2,67,180,6,3.6,24,308,0.13,0.21,3,15,2.42,0,0,2.1,2.4,0.5,66,100,71.37816096,0,71.37816096,,,1.380952381,Baja (Proaterogénica),143
Tabla Nutricional Carnes y Derivados,F043,"Cordero, carne muy gorda, cruda",,50.8,,1475,15.6,32.7,0,,0,0.9,5,1.3,54,160,7,2.4,18,198,0.12,0.19,6.3,2,2.22,0,0,14,11.2,1.6,79,100,47.80531785,0,47.80531785,,,0.9142857143,Baja (Proaterogénica),357
Tabla Nutricional Carnes y Derivados,F044,"Cordero, carne semigorda, cruda",,61.4,,1027,18.2,19.4,0,,0,1,7,2.5,59,190,10,3.5,20,239,0.14,0.15,5.5,19,2.44,0,0,8.1,7.6,1.5,70,100,65.42436157,0,65.42436157,,,1.12345679,Baja (Proaterogénica),247
Tabla Nutricional Carnes y Derivados,F045,"Cordero, corazón, crudo",Corazón,75,,563,16,7.8,0.2,,0,1,6,4.3,89,200,7,1.9,15,316,0.28,1,6.3,2,10.25,5,0,2.2,1.6,0.5,135,100,72.70081573,0,72.70081573,,,0.9545454545,Baja (Proaterogénica),135
Tabla Nutricional Carnes y Derivados,F046,"Cordero, hígado, crudo",Hígado,72.2,,544,20.3,4.9,1.1,,0,1.5,12,7.4,70,350,5,4.6,19,313,0.23,3.63,15.2,230,90.05,20,7391,1.9,1.1,0.8,371,100,273.5397942,0,273.5397942,,,1,Baja (Proaterogénica),130
Tabla Nutricional Carnes y Derivados,F047,"Cordero, riñón, crudo",Riñón,76.7,,438,18,3.2,0.8,,0,1.3,13,4.1,156,270,6,2.2,17,277,0.51,3,6.1,28,52.41,10,95,1,0.6,0.5,337,100,98.38568051,0,98.38568051,,,1.1,Baja (Proaterogénica),104
Tabla Nutricional Carnes y Derivados,F048,"Gallina, entera con piel, cruda",,61.3,,1061,18.9,20,0,,0,0.8,12,1.5,65,200,5,1.2,20,269,0.08,0.16,5.8,5,0.32,0,23,4.7,9.3,4.5,72,60,61.34727483,0,61.34727483,,,2.936170213,Alta (Cardioprotectora),256
Tabla Nutricional Carnes y Derivados,F049,"Hamburguesa de carne de res, cruda",,58.1,,1142,16.2,23.3,0.2,,0,2.2,7,1.8,702,144,8,3.7,16,278,0.05,0.16,3.6,8,2.14,0,1,9,10,0.6,72,100,54.77399008,0,54.77399008,,,1.177777778,Baja (Proaterogénica),276
Tabla Nutricional Carnes y Derivados,F050,"Iguana, carne, cruda",,72.9,,448,24.4,0.9,0,,0,1.8,25,3.4,,252,,,15,300,0.05,0.24,8.2,,,0,210,,,,,30,102.8997064,0,102.8997064,,,,,106
Tabla Nutricional Carnes y Derivados,F051,"Jamón de cerdo y res, tipo sánduche, precocido",,62.6,,895,11.4,15.5,7.4,,0,3,8,0.6,1023,120,,1.1,10,150,0.34,0.12,2.1,1,0.75,0,0,5,7.2,2.7,37,100,32.57115969,0,32.57115969,,,1.98,Baja (Proaterogénica),215
Tabla Nutricional Carnes y Derivados,F052,"Jamón de cerdo, crudo",,64.4,,682,23.7,6.6,2,,0,3.3,12,2,1217,238,5,1.7,24,305,0.66,0.17,5.8,4,1,0,0,1.5,2,0.8,58,100,72.63783545,0,72.63783545,,,1.866666667,Baja (Proaterogénica),162
Tabla Nutricional Carnes y Derivados,F053,"Jamón tipo york, precocido",,67.8,,601,14.6,5.7,8.3,,0,3.6,22,1.3,1066,198,,1.5,15,251,0.39,0.14,4.5,0,0.24,0,0,1.5,1.8,0.7,38,100,47.02638402,0,47.02638402,,,1.666666667,Baja (Proaterogénica),143
Tabla Nutricional Carnes y Derivados,F054,"Mortadela de cerdo y res, precocida",,52.3,,1239,16.7,23.8,4.3,,0,2.9,59,1.8,1228,191,8.6,1.9,16,207,0.14,0.18,4.1,3,1.68,0,0,8.2,10.1,3.9,70,100,56.90224067,0,56.90224067,,,1.707317073,Baja (Proaterogénica),298
Tabla Nutricional Carnes y Derivados,F055,"Mortadela de pollo, precocida",,51.3,,1210,16.4,21.6,7.8,,0,2.9,57,1.8,1169,183,8.6,2.2,18,224,0.09,0.15,2.6,3,1.46,0,0,6.1,8.1,4.7,83,100,56.98628712,0,56.98628712,,,2.098360656,Alta (Cardioprotectora),291
Tabla Nutricional Carnes y Derivados,F056,"Pato, carne, cruda",,74,,550,18.3,6.3,0.4,,0,1,15,1.8,59,188,1.2,1.9,15,266,0.1,0.24,5.6,25,3,0,24,2.1,2.5,0.9,84,55,65.90151586,0,65.90151586,,,1.619047619,Baja (Proaterogénica),131
Tabla Nutricional Carnes y Derivados,F057,"Pavo, ala sin piel, cruda",Ala sin piel,74.9,,467,22.7,2.2,0,,0,1.1,8,0.5,67,170,,1.7,15,238,0.04,0.11,6.4,7,0.98,0,0,0.6,0.7,0.4,66,46,59.17842075,0,59.17842075,,,1.833333333,Baja (Proaterogénica),111
Tabla Nutricional Carnes y Derivados,F058,"Pavo, costillar con piel, crudo",Costillar,74,,431,15,0.9,8.4,,0,1.7,,,,,,,,,,,,,,,,,,,,29,30,0,30,,,,,102
Tabla Nutricional Carnes y Derivados,F059,"Pavo, entero con piel, crudo",,70.4,,651,20.9,8,0,,0,0.9,15,1.4,65,178,2,2.2,25,280,0.07,0.17,5.2,10,1.39,0,0,2.3,2.9,2,68,71,65.14145169,0,65.14145169,,,2.130434783,Alta (Cardioprotectora),156
Tabla Nutricional Carnes y Derivados,F060,"Pavo, entero con piel, horneado, sin sal",,62.7,,760,28.2,7.3,0.6,,0,1.2,26,1.8,68,203,8,3,25,280,0.06,0.18,9.5,7,1.11,0,0,2.8,3.2,2.5,82,100,82.05982776,0,82.05982776,,,2.035714286,Alta (Cardioprotectora),181
Tabla Nutricional Carnes y Derivados,F061,"Pavo, pechuga sin piel, cruda",Pechuga sin piel,72.9,,458,24.3,1,0.5,,0,1.4,5,0.9,41,227,2,0.8,20,352,0.04,0.12,11.2,8,0.96,0,2,0.4,0.3,0.4,58,82,68.45810407,0,68.45810407,,,1.75,Baja (Proaterogénica),108
Tabla Nutricional Carnes y Derivados,F062,"Pavo, pechuga sin piel, horneada, sin sal",Pechuga sin piel,65.6,,608,30.1,2.6,0,,0,1.9,12,1.5,52,224,,1.7,24,293,0.04,0.13,12.3,6,0.39,0,0,0.2,0.1,0.2,83,73,82.90473852,0,82.90473852,,,1.5,Baja (Proaterogénica),144
Tabla Nutricional Carnes y Derivados,F063,"Pavo, pescuezo o cuello sin piel, crudo",Pescuezo sin piel,75.9,,511,16.5,6,0.4,,0,1.1,24,1,233,160,,3.4,15,133,0.05,0.21,4.9,5,1.76,0,13,1.6,1.8,1.5,115,53,49.49736965,0,49.49736965,,,2.0625,Alta (Cardioprotectora),122
Tabla Nutricional Carnes y Derivados,F064,"Pavo, pierna o pernil sin piel, cruda",Pierna sin piel,71.5,,561,21.8,4.8,0.8,,0,1.1,5,1.5,66,195,2,2,14,302,0.06,0.21,5.4,10,1.68,0,0,1.5,1.7,1,88,71,64.57681397,0,64.57681397,,,1.8,Baja (Proaterogénica),133
Tabla Nutricional Carnes y Derivados,F065,"Pavo, pierna o pernil sin piel, horneada, sin sal",Pierna sin piel,66.5,,637,29.2,3.8,0,,0,1,22,2.7,81,204,,4.2,20,258,0.05,0.27,3.3,10,2,0,0,1.3,0.9,1.1,119,69,87.84357416,0,87.84357416,,,1.538461538,Baja (Proaterogénica),151
Tabla Nutricional Carnes y Derivados,F066,"Pavo, rabadilla con piel, cruda",Rabadilla,70.5,,660,16.7,9.5,1.5,,0,1.8,,,,,,,,,,,,,,,,,,,,34,33.4,0,33.4,,,,,158
Tabla Nutricional Carnes y Derivados,F067,"Pollo, ala con piel, asada, sin sal",Ala con piel,59.6,,1030,23.8,16.9,0,,0,0.9,18,0.8,98,219,7,1.6,24,212,0.06,0.15,6.3,9,0.35,0,12,5,7.7,3.6,141,54,67.23731717,0,67.23731717,,,2.26,Alta (Cardioprotectora),247
Tabla Nutricional Carnes y Derivados,F068,"Pollo, ala con piel, cocida, sin sal",Ala con piel,64.3,,826,22.5,12,0,,0,1.2,21,0.7,67,136,7,2.9,13,101,0.11,1.61,3.2,4,0.13,0,25,4.4,6.4,3.3,77,55,59.52622555,0,59.52622555,,,2.204545455,Alta (Cardioprotectora),198
Tabla Nutricional Carnes y Derivados,F069,"Pollo, ala con piel, cruda",Ala con piel,65.7,,891,17.5,16,0.1,,0,0.7,12,0.9,73,132,6.9,1.3,19,170,0.05,0.09,5.9,5,0.31,0,44,4.5,6.3,3.4,77,71,55.20279661,0,55.20279661,,,2.155555556,Alta (Cardioprotectora),214
Tabla Nutricional Carnes y Derivados,F070,"Pollo, ala con piel, frita, con sal",Ala con piel,48.4,,1301,26.1,22.2,2.2,,0,1.2,20,1.3,320,121,,1.4,16,138,0.11,0.15,5.3,18,0.25,0,34,5.9,8.9,5,80,38,75.98415556,0,75.98415556,,,2.355932203,Alta (Cardioprotectora),313
Tabla Nutricional Carnes y Derivados,F071,"Pollo, ala sin piel, cocida, sin sal",Ala sin piel,67,,690,26.9,6.3,0,,0,0.7,12,1.1,67,134,7,2,18,156,0.04,0.11,5.2,3,0.22,0,16,2,2.3,1.6,74,38,70.96682903,0,70.96682903,,,1.95,Baja (Proaterogénica),164
Tabla Nutricional Carnes y Derivados,F072,"Pollo, contramuslo con piel, cocido, sin sal",Contramuslo con piel,61.9,,922,22.9,14.4,0,,0,0.8,11,1.4,71,139,7,2.2,21,170,0.06,0.19,4.9,6,0.19,0,44,4.1,5.8,3.2,84,55,69.42984179,0,69.42984179,,,2.195121951,Alta (Cardioprotectora),221
Tabla Nutricional Carnes y Derivados,F073,"Pollo, contramuslo con piel, crudo",Contramuslo con piel,67,,851,17.1,15.1,0,,0,0.8,10,0.7,76,145,,1.6,19,198,0.07,0.15,4.7,3,0.62,0,42,4.3,6.3,3.3,84,91,53.01136181,0,53.01136181,,,2.23255814,Alta (Cardioprotectora),205
Tabla Nutricional Carnes y Derivados,F074,"Pollo, contramuslo sin piel, cocido, sin sal",Contramuslo sin piel,64.8,,777,24.7,9.7,0,,0,0.9,11,1.4,75,149,7,2.6,20,183,0.06,0.22,5.2,7,0.21,0,19,2.7,3.7,2.2,90,50,70.54056452,0,70.54056452,,,2.185185185,Alta (Cardioprotectora),186
Tabla Nutricional Carnes y Derivados,F075,"Pollo, contramuslo sin piel, crudo",Contramuslo sin piel,74.8,,580,18.9,7,0,,0,1,7,0.8,90,184,,1.6,24,240,0.08,0.2,5.8,4,0.61,0,7,2.1,2.9,1.7,94,91,55.38135245,0,55.38135245,,,2.19047619,Alta (Cardioprotectora),139
Tabla Nutricional Carnes y Derivados,F076,"Pollo, corazón, crudo",Corazón,73,,632,15.6,9.3,1.3,,0,0.8,12,6,74,176,7,6.6,15,176,0.15,0.73,4.9,72,7.29,3,9,2.7,2.4,2.7,136,100,95.10585301,0,95.10585301,,,1.888888889,Baja (Proaterogénica),151
Tabla Nutricional Carnes y Derivados,F077,"Pollo, entero con piel, crudo",,70.3,,696,18.1,10.3,0.4,,0,0.9,12,0.7,70,200,1.1,1.5,24,239,0.08,0.16,6.6,5,0.34,2,16,2.9,3.4,4,75,60,57.06135791,0,57.06135791,,,2.551724138,Alta (Cardioprotectora),167
Tabla Nutricional Carnes y Derivados,F078,"Pollo, hígado, cocido, sin sal",Hígado,66.8,,671,24.4,6.5,0.9,,0,1.4,11,11.6,76,405,,4,25,262,0.29,1.99,11,578,16.85,28,3990,1.8,1.3,0.9,563,100,356.7285584,0,356.7285584,,,1.222222222,Baja (Proaterogénica),160
Tabla Nutricional Carnes y Derivados,F079,"Pollo, hígado, crudo",Hígado,76.5,,458,17.2,3.9,1.2,,0,1.2,11,8.6,79,272,3,3.1,21,234,0.31,1.78,9.7,588,16.58,32,3313,1.3,1,0.6,345,100,328.5582106,0,328.5582106,,,1.230769231,Baja (Proaterogénica),109
Tabla Nutricional Carnes y Derivados,F080,"Pollo, menudencias, cocidas, sin sal",Vísceras blancas y rojas,67.7,,611,26.1,4.5,0,,0,1.6,11,6.6,67,287,,4.3,17,220,0.15,1.05,5.6,333,9.46,8,1764,1.3,1,0.8,442,100,290.5801795,0,290.5801795,,,1.384615385,Baja (Proaterogénica),145
Tabla Nutricional Carnes y Derivados,F081,"Pollo, menudencias, crudas",Vísceras blancas y rojas,73.1,,581,17.4,7,1.5,,0,1,10,5.7,77,198,,3,18,228,0.12,0.91,6.2,346,11.28,13,2657,1.6,1.5,1.3,257,100,277.31712,0,277.31712,,,1.75,Baja (Proaterogénica),139
Tabla Nutricional Carnes y Derivados,F082,"Pollo, molleja, cocida, sin sal",Molleja,67.9,,584,27.1,2.7,1.4,,0,0.9,17,3.2,56,189,,4.4,3,179,0.03,0.21,3.1,5,1.04,0,0,0.7,0.5,0.4,370,100,79.05826644,0,79.05826644,,,1.285714286,Baja (Proaterogénica),138
Tabla Nutricional Carnes y Derivados,F083,"Pollo, molleja, cruda",Molleja,79.3,,376,17.7,2.1,0,,0,1,11,2.5,69,148,,2.7,15,237,0.03,0.23,3.7,5,1.21,4,19,0.5,0.5,0.4,240,100,66.55458005,0,66.55458005,,,1.8,Baja (Proaterogénica),89
Tabla Nutricional Carnes y Derivados,F084,"Pollo, pechuga con piel, cocida, sin sal",Pechuga con piel,65.8,,731,26.9,7.4,0,,0,0.8,12,0.9,61,156,8,1,22,178,0.01,0.13,7.8,3,0.21,0,25,2.1,2.9,1.6,75,77,72.27618398,0,72.27618398,,,2.142857143,Alta (Cardioprotectora),174
Tabla Nutricional Carnes y Derivados,F085,"Pollo, pechuga con piel, cruda",Pechuga con piel,69.2,,692,20.7,9.2,0.1,,0,0.9,11,0.7,63,174,1.8,0.8,25,258,0.07,0.09,9.9,4,0.34,0,24,2.7,3.8,2,64,93,61.24345206,0,61.24345206,,,2.148148148,Alta (Cardioprotectora),166
Tabla Nutricional Carnes y Derivados,F086,"Pollo, pechuga sin piel, asada sin sal",Pechuga sin piel,63.8,,689,29.7,4.9,0.2,,0,1,11,1,53,260,7,0.9,25,252,0.09,0.12,9.6,5,0.34,0,6,1,1.2,0.6,85,100,79.03245915,0,79.03245915,,,1.8,Baja (Proaterogénica),164
Tabla Nutricional Carnes y Derivados,F087,"Pollo, pechuga sin piel, cocida, sin sal",Pechuga sin piel,67.5,,597,28.4,3,0.3,,0,0.9,13,0.9,63,165,8,1,25,220,0.05,0.12,8.5,3,0.23,0,6,0.8,1,0.7,77,69,74.84989868,0,74.84989868,,,2.125,Alta (Cardioprotectora),141
Tabla Nutricional Carnes y Derivados,F088,"Pollo, pechuga sin piel, frita sin sal",Pechuga sin piel,60.2,,751,33.4,4.7,0.5,,0,1.1,17,1.1,79,246,,1.1,28,276,0.08,0.13,7.6,4,0.37,0,7,1.5,2.6,2,91,100,88.53558829,0,88.53558829,,,3.066666667,Alta (Cardioprotectora),178
Tabla Nutricional Carnes y Derivados,F089,"Pollo, pierna o colombina con piel, asada, sin sal",Pierna con piel,64.8,,768,24,9.4,0.6,,0,1.1,12,1.2,97,191,6.9,2.2,23,310,0.07,0.21,6.1,6,0.35,0,22,2.6,3.6,2,133,54,71.60612319,0,71.60612319,,,2.153846154,Alta (Cardioprotectora),183
Tabla Nutricional Carnes y Derivados,F090,"Pollo, pierna o colombina con piel, cocida, sin sal",Pierna con piel,63.6,,867,22.9,12.9,0,,0,0.8,11,1.3,73,139,6,2.4,21,190,0.05,0.19,4.6,6,0.2,0,36,3.6,5,2.9,84,57,68.41092926,0,68.41092926,,,2.194444444,Alta (Cardioprotectora),208
Tabla Nutricional Carnes y Derivados,F091,"Pollo, pierna o colombina con piel, cruda",Pierna con piel,68.9,,756,18.1,12.1,0.1,,0,0.8,10,1,79,149,8,1.8,21,226,0.07,0.16,5.3,6,0.56,3,30,3.4,4.9,2.8,83,73,60.49996363,0,60.49996363,,,2.264705882,Alta (Cardioprotectora),182
Tabla Nutricional Carnes y Derivados,F092,"Pollo, pierna o colombina con piel, frita, sin sal",Pierna con piel,55.3,,1103,17.1,18.2,8.2,,0,1.3,11,1.4,279,158,5.5,2.2,24,189,0.1,0.22,7.3,13,0.29,0,43,2.7,8.5,1.6,93,42,60.58727171,0,60.58727171,,,3.740740741,Alta (Cardioprotectora),265
Tabla Nutricional Carnes y Derivados,F093,"Pollo, pierna o colombina sin piel, cocida, sin sal",Pierna sin piel,66.4,,725,25,8.1,0,,0,0.9,11,1.4,78,149,6,2.8,21,198,0.06,0.22,4.8,8,0.23,0,18,2.2,2.9,1.9,89,52,71.83669758,0,71.83669758,,,2.181818182,Alta (Cardioprotectora),173
Tabla Nutricional Carnes y Derivados,F094,"Res, bofe o pulmón, crudo",Pulmón,79.4,,380,16.6,2.5,0.3,,0,1.2,13,7.5,198,220,,1.6,14,340,0.05,0.23,4,11,3.81,39,14,0.9,0.6,0.3,242,90,134.0729314,0,134.0729314,,,1,Baja (Proaterogénica),90
Tabla Nutricional Carnes y Derivados,F095,"Res, cadera, frita, sin sal",Cadera,62.8,,740,28.7,6.6,0.5,,0,1.4,10,3,78,245,9,5.2,31,390,0.07,0.26,5.9,5,2,0,1,2.4,2.5,0.9,86,100,91.87583327,0,91.87583327,,,1.416666667,Baja (Proaterogénica),176
Tabla Nutricional Carnes y Derivados,F096,"Res, callo o menudo, cocido, sin sal",Callo,79.1,,427,15,4.1,1.1,,0,0.6,81,0.6,68,65,,1.7,16,42,0,0.02,1.6,3,0.72,0,0,1.4,1.6,0.2,157,100,45.01724339,0,45.01724339,,,1.285714286,Baja (Proaterogénica),102
Tabla Nutricional Carnes y Derivados,F097,"Res, callo o menudo, crudo",Callo,81,,400,14.6,4.1,0,,0,0.3,67,0.8,97,63,,1.4,13,67,0.03,0.11,0.7,5,1.39,0,0,1.6,1.5,0.2,122,100,44.56906061,0,44.56906061,,,1.0625,Baja (Proaterogénica),95
Tabla Nutricional Carnes y Derivados,F098,"Res, carne gorda, cruda",,60.2,,1066,18.4,20.3,0.2,,0,0.9,8,1.5,58,174,10,3.5,19,267,0.09,0.16,3.2,6,2.22,0,0,6.9,6.2,0.1,63,100,57.45337854,0,57.45337854,,,0.9130434783,Baja (Proaterogénica),257
Tabla Nutricional Carnes y Derivados,F099,"Res, carne magra, cruda",,71.6,,582,21.8,5.7,0,,0,1.2,6,2.7,51,215,7,3.6,18,337,0.08,0.23,5.1,7,2.65,0,0,2.4,2.4,0.3,59,100,72.26746551,0,72.26746551,,,1.125,Baja (Proaterogénica),139
Tabla Nutricional Carnes y Derivados,F100,"Res, carne semigorda, cruda",,62,,930,21.6,15.1,0.3,,0,1,6,1.9,50,182,11,3.6,13,291,0.06,0.17,4.3,3,2.13,0,2,2.8,2.3,0.2,53,100,64.4760437,0,64.4760437,,,0.8928571429,Baja (Proaterogénica),223
Tabla Nutricional Carnes y Derivados,F101,"Res, carne semigorda, molida, cruda",,66.5,,807,19.6,12.7,0.2,,0,1,11,1.8,60,157,,4.6,19,256,0.12,0.21,4.9,8,2.35,0,3,5.5,6.1,0.4,60,100,62.35010521,0,62.35010521,,,1.181818182,Baja (Proaterogénica),194
Tabla Nutricional Carnes y Derivados,F102,"Res, chunchullo, crudo",Intestino,69.2,,894,11,19.1,0,,0,0.7,12,1.8,46,110,,2.5,25,237,0.04,0.16,2,,0.1,0,53,15,1.3,1.1,150,100,49.80689996,0,49.80689996,,,0.16,Baja (Proaterogénica),216
Tabla Nutricional Carnes y Derivados,F103,"Res, chunchullo, dorado, sin sal",Intestino,44.8,,1415,24.5,26.2,1.7,,0,2.8,,,,,,,,,0.04,0.21,2.4,,,0,,,,,,100,49,0,49,,,,,341
Tabla Nutricional Carnes y Derivados,F104,"Res, churrasco, asado, sin sal",Ojo de costilla,60.7,,737,33.2,4.5,0.4,,0,1.2,5,3.1,67,205,14,4.3,31,401,0.08,0.23,6.7,5,2.32,0,4,1.6,1.9,0.3,89,100,101.6141493,0,101.6141493,,,1.375,Baja (Proaterogénica),175
Tabla Nutricional Carnes y Derivados,F105,"Res, corazón, crudo",Corazón,77.1,,445,16.8,3.7,1.4,,0,1,8,5,94,200,7,1.8,22,281,0.35,0.87,7.1,3,13,5,0,1.5,1.1,0.4,131,100,79.51553659,0,79.51553659,,,1,Baja (Proaterogénica),106
Tabla Nutricional Carnes y Derivados,F106,"Res, corazón, dorado, sin sal",Corazón,51.7,,1084,28.3,15.5,1.7,,0,2.8,8,6.1,,249,,,,,0.49,1.98,7.2,,,6,45,,,,,100,102.7709402,0,102.7709402,,,,,260
Tabla Nutricional Carnes y Derivados,F107,"Res, costilla, cruda",Costilla,56.6,,1189,17.1,23.3,2.3,,0,0.8,9,1.6,60,176,10,3.5,16,258,0.1,0.18,4.1,5,2.34,0,5,11,11.1,0.7,59,73,54.88563765,0,54.88563765,,,1.072727273,Baja (Proaterogénica),287
Tabla Nutricional Carnes y Derivados,F108,"Res, hígado, asado, sin sal",Hígado,58.8,,776,29.1,5.3,5.1,,0,1.7,7,6.5,79,497,,5.3,21,352,0.19,3.42,17.5,253,70.58,2,9491,1.9,0.6,1.1,389,100,272.8111566,0,272.8111566,,,0.8947368421,Baja (Proaterogénica),184
Tabla Nutricional Carnes y Derivados,F109,"Res, hígado, crudo",Hígado,69.7,,580,20.4,4.5,3.9,,0,1.5,9,8.4,76,340,3,4,20,318,0.2,2.52,12.9,293,59.3,24,10089,2.8,1.5,0.1,274,100,299.6035032,0,299.6035032,,,0.5714285714,Baja (Proaterogénica),138
Tabla Nutricional Carnes y Derivados,F110,"Res, hígado, dorado, sin sal",Hígado,56,,883,25.9,11,2.1,,0,5,6,13.6,,414,,,,,0.21,4.32,10.8,,,27,8404,,,,,100,257.817094,0,257.817094,,,,,211
Tabla Nutricional Carnes y Derivados,F111,"Res, hígado, frito, sin sal",Hígado,62,,712,26.7,4.7,4.9,,0,1.6,6,7.1,77,485,,5.2,22,351,0.18,3.42,17.5,260,83.13,1,7799,2.2,1,1,381,100,272.1232744,0,272.1232744,,,0.9090909091,Baja (Proaterogénica),169
Tabla Nutricional Carnes y Derivados,F112,"Res, hueso carnudo, crudo",Lomo de aguja,69.5,,686,21.2,8.8,0,,0,1,6,2.7,66,215,,6.3,21,240,0.08,0.23,5.1,3,2.38,0,0,3.2,3.9,0.4,64,68,68.71792144,0,68.71792144,,,1.34375,Baja (Proaterogénica),164
Tabla Nutricional Carnes y Derivados,F113,"Res, lengua, cruda",Lengua,64.8,,909,16.5,16.1,1.9,,0,0.7,6,2.7,70,150,14,2.9,16,311,0.09,0.36,4.1,7,3.79,3,0,7,7.2,0.9,87,95,63.97141688,0,63.97141688,,,1.157142857,Baja (Proaterogénica),219
Tabla Nutricional Carnes y Derivados,F114,"Res, lomo, cocido, sin sal",Lomo,53.7,,915,36.1,7.9,0.5,,0,1.8,5,3.1,48,202,12,6.2,26,334,0.07,0.24,8.3,9,2.74,0,0,3.4,3.3,0.5,90,100,105.3536968,0,105.3536968,,,1.117647059,Baja (Proaterogénica),218
Tabla Nutricional Carnes y Derivados,F115,"Res, pajarilla o bazo, cruda",Bazo,77.2,,431,18.4,3.2,0,,0,1.2,10,44.5,85,270,,2.1,22,429,0.16,0.37,8.4,4,5.68,41,0,1,0.8,0.2,263,100,198.4905411,0,198.4905411,,,1,Baja (Proaterogénica),102
Tabla Nutricional Carnes y Derivados,F116,"Res, pajarilla o bazo, dorada, sin sal",Bazo,63.2,,655,26.1,5.7,0,,0,5,5,45.1,,378,,,,,0.15,0.44,4.5,,,0,0,,,,,100,152.5846154,0,152.5846154,,,,,156
Tabla Nutricional Carnes y Derivados,F117,"Res, pata, cruda",Pata,69.7,,531,28.2,1.4,0,,0,0.7,15,6.5,,41,,0,29,292,0.01,0.2,0.4,,0,0,0,0,0,0,,49,106.7824851,0,106.7824851,,,0,Baja (Proaterogénica),125
Tabla Nutricional Carnes y Derivados,F118,"Res, pierna, cruda",Pierna,73,,511,21.8,3.8,0,,0,1.4,20,2.3,63,204,,6.9,14,387,0.1,0.22,5.7,8,3.33,0,0,1.3,1.8,0.2,39,100,71.4836152,0,71.4836152,,,1.538461538,Baja (Proaterogénica),121
Tabla Nutricional Carnes y Derivados,F119,"Res, riñón, crudo",Riñón,80.7,,365,15.3,2.8,0.1,,0,1.1,13,5.7,182,260,15,1.9,17,251,0.26,2.6,7.3,98,27.5,10,419,0.8,0.5,0.5,411,100,154.8213779,0,154.8213779,,,1.25,Baja (Proaterogénica),87
Tabla Nutricional Carnes y Derivados,F120,"Res, riñón, dorado, sin sal",Riñón,59.6,,766,27.2,7.3,2,,0,3.9,,,,,,,,,0.29,3.74,6.8,,,9,359,,,,,100,104.2888889,0,104.2888889,,,,,182
Tabla Nutricional Carnes y Derivados,F121,"Res, sesos, cocidos, sin sal",,74.9,,613,11.7,10.5,1.5,,0,1.5,9,2.2,108,335,,1.1,12,244,0.07,0.22,3.6,5,10.1,11,6,2.4,1.9,1.6,3100,100,58.50205102,0,58.50205102,,,1.458333333,Baja (Proaterogénica),147
Tabla Nutricional Carnes y Derivados,F122,"Res, sesos, crudos",Cerebro,78,,542,10.8,9.7,0,,0,1.5,8,2.5,126,260,,1,13,274,0.12,0.2,3.5,3,9.51,11,7,2.3,1.9,1.6,3010,100,58.77929883,0,58.77929883,,,1.52173913,Baja (Proaterogénica),130
Tabla Nutricional Carnes y Derivados,F123,"Res, sobrebarriga, cocida, sin sal",Sobrebarriga,49.7,,1373,24.2,26,0,,0,0.7,21,2.1,39,161,,6.5,21,207,0.04,0.12,1.6,8,1.56,0,0,12.1,10.4,0.5,65,100,73.0863066,0,73.0863066,,,0.9008264463,Baja (Proaterogénica),331
Tabla Nutricional Carnes y Derivados,F124,"Res, ubre, cruda",Ubre,64.9,,954,15.4,18.7,0,,0,1,70,2.6,,160,,0,,,0.09,0.18,1.3,,0,0,0,0,0,0,,100,50.62905983,0,50.62905983,,,0,Baja (Proaterogénica),230
Tabla Nutricional Carnes y Derivados,F125,"Salchicha de cerdo y res, precocida",,56.1,,1104,13.8,20.7,6.1,,0,3.3,23,1.1,1137,164,1.8,1.8,12,228,0.22,0.01,0.3,4,1.37,0,0,7.5,9.2,2.4,55,100,44.18854857,0,44.18854857,,,1.546666667,Baja (Proaterogénica),266
Tabla Nutricional Carnes y Derivados,F126,"Salchicha de cerdo, tipo frankfurt, precocida",,58.1,,1123,13.5,23.1,2.2,,0,3.1,20,1,900,173,6.9,1.4,14,248,0.37,0.17,2.1,3,0.48,0,0,8.7,10.5,2.5,67,100,43.45394617,0,43.45394617,,,1.494252874,Baja (Proaterogénica),271
Tabla Nutricional Carnes y Derivados,F127,"Salchicha de pollo, precocida",,61.6,,1026,13.8,21.4,0,,0,3.2,37,1.1,1050,167,1.8,1.8,17,243,0.12,0.14,4.2,4,0.24,0,0,5.2,9.5,3.3,64,100,46.77509677,0,46.77509677,,,2.461538462,Alta (Cardioprotectora),248
Tabla Nutricional Carnes y Derivados,F128,"Salchicha de ternera, precocida",,62.6,,829,14,15.3,1.4,,0,6.7,,,,,,,,,,,,,,,,,,,,100,28,0,28,,,,,199
Tabla Nutricional Carnes y Derivados,F129,"Salchichón de cerdo y pollo, cervecero, precocido",,60.6,,1008,15.3,19.9,0.7,,0,3.5,15,1.9,1060,231,14.7,1.6,10,213,0.2,0.21,10,3,1,0,0,5.9,6.2,2.7,70,100,49.97226898,0,49.97226898,,,1.508474576,Baja (Proaterogénica),243
Tabla Nutricional Carnes y Derivados,F130,"Salchichón de cerdo y pollo, tradicional, precocido",,60.6,,1008,15.5,19.9,0.5,,0,3.5,14,0.8,1184,283,14.7,2,14,262,0.37,0.15,3.9,5,0.93,0,0,6.9,9.8,2.1,70,100,46.67916894,0,46.67916894,,,1.724637681,Baja (Proaterogénica),243
Tabla Nutricional Carnes y Derivados,F131,"Ternera, carne magra, cruda",,74.8,,465,21.9,2.5,0,,0,1,11,0.8,83,208,5.6,2.6,38,302,0.08,0.27,7.5,9,2.06,0,0,1,1.1,0.3,54,100,66.81374925,0,66.81374925,,,1.4,Baja (Proaterogénica),110
Tabla Nutricional Carnes y Derivados,F132,"Tortuga, carne, cruda",,78.5,,364,19.8,0.5,0.5,,0,0.7,27,0.7,68,87,,1,20,269,0.2,0.45,3,15,1,0,30,0.1,0.1,0.2,50,100,63.13445432,0,63.13445432,,,3,Alta (Cardioprotectora),86
Tabla de Leche y Derivados,G001,Crema de leche,,60.7,,1360,2.1,35,1.7,,0,0.5,68,0,46,61,,0.2,6,80,0.03,0.16,0,4,0.19,1,353,21.1,9.8,1.1,110,100,53.89480165,5.5,48.39480165,,,0.5165876777,Baja (Proaterogénica),330
Tabla de Leche y Derivados,G002,"Kumis, entero, con azúcar",,80.5,,370,2.9,2.5,13.5,,0,0.6,113,0.1,46,78,,0.3,9,130,0.04,0.17,0.4,,,1,63,,,,,100,28.06778895,0,28.06778895,,,,,88
Tabla de Leche y Derivados,G003,Lactosuero,,93.4,,103,0.8,0.1,5.1,,0,0.6,103,0.1,48,78,,0.4,10,143,0.04,0.14,0.1,2,0.18,0,2,0.1,0,0,1,100,16.22436027,0,16.22436027,,,0,Baja (Proaterogénica),24
Tabla de Leche y Derivados,G004,"Leche de cabra, entera, líquida, cruda",,86.4,,308,3.9,4.5,4.4,,0,0.8,120,0.1,50,100,2,0.4,14,180,0.06,0.14,0.3,1,0.07,1,24,2.5,1,0.1,11,100,28.77722313,0,28.77722313,,,0.44,Baja (Proaterogénica),74
Tabla de Leche y Derivados,G005,"Leche de vaca, condensada, con azúcar",,27,,1380,8.3,8.4,54.6,,0,1.7,270,0.2,123,230,74,0.9,26,362,0.09,0.39,0.2,11,0.44,1,96,5.5,2.4,0.3,34,100,66.90072351,0,66.90072351,,,0.4909090909,Baja (Proaterogénica),327
Tabla de Leche y Derivados,G006,"Leche de vaca, descremada, en polvo",,3.2,,1522,36.2,0.5,52.2,,0,7.9,1257,0.4,536,968,150,4.1,111,1757,0.42,1.55,1,50,4.03,7,7,0.5,0.2,0,20,100,256.1816356,0,256.1816356,,,0.4,Baja (Proaterogénica),358
Tabla de Leche y Derivados,G007,"Leche de vaca, descremada, líquida, pasteurizada",,91,,145,3.3,0.1,4.9,,0,0.7,127,0,43,95,30,0.4,11,158,0.04,0.17,0.1,5,0.51,0,1,0.1,0,0,2,100,23.71109163,0,23.71109163,,,0,Baja (Proaterogénica),34
Tabla de Leche y Derivados,G008,"Leche de vaca, entera, en polvo",,2.6,,2086,26.3,26.6,38.4,,0,6,940,0.5,369,776,120,3.3,85,1318,0.26,1.42,0.6,37,3.25,9,288,16.7,7.8,0.7,97,100,227.2161185,0,227.2161185,,,0.5089820359,Baja (Proaterogénica),499
Tabla de Leche y Derivados,G009,"Leche de vaca, entera, evaporada",,73.7,,580,7.1,7.9,9.8,,0,1.5,240,0.2,106,203,11,0.8,24,303,0.05,0.36,0.2,8,0.16,1,84,5,2.5,0.3,29,100,58.37818824,0,58.37818824,,,0.56,Baja (Proaterogénica),139
Tabla de Leche y Derivados,G010,"Leche de vaca, entera, líquida, cruda",,87.7,,271,3.3,3.7,4.6,,0,0.7,120,0.2,49,95,9,0.4,12,153,0.04,0.18,0.1,5,0.36,2,43,2.3,1.1,0.1,14,100,31.30434235,0,31.30434235,,,0.5217391304,Baja (Proaterogénica),65
Tabla de Leche y Derivados,G011,"Leche de vaca, entera, líquida, hervida",,88,,258,3.1,3.3,4.8,,0,0.7,120,0.2,42,95,31,0.4,10,135,0.04,0.16,0.1,5,0.45,0,29,1.9,0.8,0.2,10,100,26.26739537,0,26.26739537,,,0.5263157895,Baja (Proaterogénica),62
Tabla de Leche y Derivados,G012,"Leche de vaca, entera, líquida, pasteurizada",,89.5,,231,3.2,3.2,3.4,,0,0.7,120,0.2,42,95,31,0.4,10,134,0.04,0.18,0.1,5,0.45,0,39,1.9,0.8,0.2,10,100,27.55722989,0,27.55722989,,,0.5263157895,Baja (Proaterogénica),55
Tabla de Leche y Derivados,G013,"Leche humana, madura, líquida",,87.4,,294,1.1,4.3,7,,0,0.3,32,0,16,14,7,0.2,3,50,0.01,0.04,0.2,5,0.05,5,64,2,1.6,0.5,15,100,20.35632063,0,20.35632063,,,1.05,Baja (Proaterogénica),71
Tabla de Leche y Derivados,G014,"Queso crema, amarillo",,52.1,,1214,16.4,25.1,0.4,,0,6,394,0.2,1172,790,38.5,1.6,29,234,0.02,0.38,0.1,13,0.39,0,247,16.4,7.6,0.8,55,100,106.7967332,0,106.7967332,,,0.512195122,Baja (Proaterogénica),293
Tabla de Leche y Derivados,G015,"Queso fresco, blando, magro, tipo suero costeño",,78.9,,351,11,1.5,6.4,,0,2.2,,,,,,,,,,,,,,,,,,,,100,22,0,22,,,,,83
Tabla de Leche y Derivados,G016,"Queso fresco, semiblando, semimagro, tipo cuajada",,62.1,,862,15.2,15.4,2,,0,5.3,490,1.5,64,270,9,0.5,16,218,0.02,0.46,0.8,5,0.3,0,192,,,,,100,107.456796,0,107.456796,,,,,207
Tabla de Leche y Derivados,G017,"Queso fresco, semiduro, semigraso, tipo campesino",,54,,1246,17.5,25.5,0.3,,0,2.7,586,0.4,935,335,38.5,2.9,21,98,0.03,0.32,0.2,5,0.3,0,420,14.2,10.1,1.1,94,100,137.3009183,0,137.3009183,,,0.7887323944,Baja (Proaterogénica),301
Tabla de Leche y Derivados,G018,"Queso fresco, semiduro, semigraso, tipo costeño",,52,,1256,17.5,25.5,0.9,,0,4.1,783,1.3,935,375,38.5,0.5,30,150,0.03,0.37,0.2,5,0.3,0,420,14.2,10.1,1.1,94,100,160.7040046,0,160.7040046,,,0.7887323944,Baja (Proaterogénica),303
Tabla de Leche y Derivados,G019,"Queso fresco, semiduro, semigraso, tipo mozzarella",,50,,1233,22.9,21.4,3.1,,0,2.6,517,0.2,373,350,18,2.9,20,74,0.03,0.28,0.1,7,2.28,0,241,12.9,6.3,0.7,79,100,121.5444925,0,121.5444925,,,0.5426356589,Baja (Proaterogénica),296
Tabla de Leche y Derivados,G020,"Queso fresco, semiduro, semimagro, de pasta hilada",,53.8,,1040,24.3,15.9,2.3,,0,3.8,782,0.2,619,463,,2.8,23,84,0.02,0.3,0.1,9,0.82,0,165,10.1,4.5,0.5,64,100,137.7117151,0,137.7117151,,,0.495049505,Baja (Proaterogénica),249
Tabla de Leche y Derivados,G021,"Queso fresco, semiduro, semimagro, tipo doble crema",,54.4,,1190,23.4,18.7,5.9,,0,2.8,405,0.5,475,350,,2.9,19,84,0.1,0.25,0.2,,,,96,,,,,100,97.70933416,0,97.70933416,,,,,286
Tabla de Leche y Derivados,G022,"Queso madurado, blando, magro, tipo cottage, con crema",,79,,423,12.5,4.5,2.6,,0,1.4,60,0.1,405,132,2,0.4,6,96,0.02,0.16,0.1,12,0.58,0,48,2.7,1.3,0.1,15,100,41.97539812,0,41.97539812,,,0.5185185185,Baja (Proaterogénica),101
Tabla de Leche y Derivados,G023,"Queso madurado, blando, magro, tipo cottage, sin crema",,82.3,,315,13.7,1.9,0.7,,0,1.4,69,0.2,406,151,24,0.4,5,72,0.02,0.16,0.1,13,0.62,0,20,0.6,0.3,0,4,100,42.01341673,0,42.01341673,,,0.5,Baja (Proaterogénica),75
Tabla de Leche y Derivados,G024,"Queso madurado, duro, semigraso, tipo parmesano",,29.2,,1621,35.8,26,3.1,,0,6,1184,0.8,1602,694,2,2.8,44,92,0.04,0.33,0.3,7,1.2,0,181,16.4,6.8,0.3,68,100,201.4161159,0,201.4161159,,,0.4329268293,Baja (Proaterogénica),389
Tabla de Leche y Derivados,G025,"Queso madurado, duro, semigraso, tipo roquefort",,39.7,,1541,22.2,30.9,1.2,,0,6,632,0.6,1694,393,2,2.1,30,91,0.04,0.46,0.7,49,0.63,0,297,19.6,8.5,1.4,90,100,150.6777453,0,150.6777453,,,0.5051020408,Baja (Proaterogénica),372
Tabla de Leche y Derivados,G026,"Queso madurado, semiduro, semigraso, tipo camembert",,51.8,,1243,19.8,24.3,0.4,,0,3.7,388,0.3,842,347,13.8,2.4,20,187,0.03,0.49,0.6,62,1.31,0,252,15.3,5.9,0.5,72,100,123.3534487,0,123.3534487,,,0.4183006536,Baja (Proaterogénica),300
Tabla de Leche y Derivados,G027,"Queso madurado, semiduro, semigraso, tipo holandés",,41.6,,1445,24.9,26,3.5,,0,3.9,829,0.3,802,525,3.6,3.9,29,119,0.03,0.38,0.1,21,1.6,0,283,18,7.7,0.7,109,100,161.3670187,0,161.3670187,,,0.4666666667,Baja (Proaterogénica),348
Tabla de Leche y Derivados,G028,"Yogurt, bebible, entero, con azúcar",,82.6,,343,2.9,2.8,11.2,,0,0.5,89,0,40,93,4,0.3,8,103,0.03,0.15,0.1,5,0.3,1,24,1.6,0.7,0.1,10,100,21.77018289,0,21.77018289,,,0.5,Baja (Proaterogénica),81
Tabla Nutricional Bebidas H,H001,"Agua de cebada perlada, sin azúcar",,96.8,,51,0.1,0,2.9,,,0.2,1,0,3,1,0,0,0,5,0,0.01,0,1,0,0,,,,,,100,0.6333060556,0,0.6333060556,,,,,12
Tabla Nutricional Bebidas H,H002,"Agua de coco, sin azúcar",,95,,60,0.3,0,3.2,3.2,0,0.5,12,0,26,5,,0,6,164,0.02,0,0,0,0,2,0,,,,,100,8.663232276,0,8.663232276,,,,,14
Tabla Nutricional Bebidas H,H003,"Bebida de avena en hojuelas, en agua, sin azúcar",,86.5,,249,1.9,1,9.8,8.2,1.6,0.8,9,0.6,45,57,,0.5,23,53,0.08,0.02,0.1,,0,0,,,,,,100,20.14377679,0,20.14377679,,,,,59
Tabla Nutricional Bebidas H,H004,"Bebida de harina de avena, en agua, sin azúcar",,84.8,,289,2.9,1.4,10.3,8.5,1.8,0.7,56,0.5,57,93,,0.5,26,63,0.16,0.28,3,44,0,0,130,,,,,100,52.28938768,0,52.28938768,,,,,69
Tabla Nutricional Bebidas H,H005,"Café, tostado y molido, infusión al 6%, sin azúcar",,98.5,,22,0.1,0.1,1,1,0,0.3,5,0.2,2,5,0,0,3,49,0.01,0.02,0.9,2,0,0,0,,,,,100,3.952565402,0,3.952565402,,,,,5
Tabla Nutricional Bebidas H,H006,"Cerveza, regular, 4% de alcohol",,93.3,,158,0.4,0,2.1,2.1,0,0.2,0,0.1,4,15,8,0,6,30,0,0.02,0.4,5,0.04,0,0,,,,,100,4.672424856,0,4.672424856,,,,,38
Tabla Nutricional Bebidas H,H007,"Chicha de maíz, 4% de alcohol",,83,,330,0.6,0,12,,,0.4,25,0.7,,35,,,,,0.03,0.03,0.1,,,0,,,,,,100,7.011965812,0,7.011965812,,,,,78
Tabla Nutricional Bebidas H,H008,"Gaseosa o bebida carbonatada, regular, con azúcar",,89,,185,0,0,10.9,10.9,0,0.1,0,0.1,6,13,0,0,1,1,0,0,0,0,0,0,0,,,,,100,0.8149273894,0,0.8149273894,,,,,44
Tabla Nutricional Bebidas H,H009,"Guarapo de caña de azúcar, 3% de alcohol",,93.4,,140,0.1,0,3,,,0.5,0,1.2,,0,,,,,0.01,0.02,0.1,,,0,,,,,,100,6.866666667,0,6.866666667,,,,,33
Tabla Nutricional Bebidas H,H010,"Néctar de albaricoque, con azúcar",,84.6,,261,0.4,0,14.7,14.1,0.6,0.3,7,0.4,3,9,1,0.1,5,115,0.01,0.01,0.2,1,0,1,77,,,,,100,19.25749227,0,19.25749227,,,,,62
Tabla Nutricional Bebidas H,H011,"Néctar de durazno, con azúcar",,89.2,,186,0.2,0,10.4,9.9,0.6,0.2,5,0.2,7,6,0,0.1,4,40,0,0.01,0.3,1,0,5,20,,,,,100,13.8698062,0,13.8698062,,,,,44
Tabla Nutricional Bebidas H,H012,"Néctar de guayaba, con azúcar",,88.5,,202,0.1,0,11.3,10.3,1,0.2,11,0.4,7,2,0,0,3,38,0,0,0.2,3,0,20,,,,,,100,31.33482321,0,31.33482321,,,,,48
Tabla Nutricional Bebidas H,H013,"Néctar de mango, con azúcar",,88.4,,198,0.2,0,11.3,11.1,0.3,0.1,17,0.3,5,3,0.8,0,3,23,0,0.01,0.1,6,0,15,35,,,,,100,27.70499052,0,27.70499052,,,,,47
Tabla Nutricional Bebidas H,H014,"Néctar de manzana, con azúcar",,88.8,,187,0.2,0,10.9,,,0.2,,,,,,,,,,,,,,11,,,,,,100,12.62222222,0,12.62222222,,,,,44
Tabla Nutricional Bebidas H,H015,"Néctar de pera, con azúcar",,87.6,,213,0.2,0,12.1,11.6,0.5,0.1,5,0.2,4,3,1,0.1,3,13,0,0.01,0.1,1,0,1,0,,,,,100,6.033433352,0,6.033433352,,,,,50
Tabla Nutricional Bebidas H,H016,"Sabajón de tomate de árbol amarillo, 14% de alcohol",,55.8,,927,3.5,1.1,24.2,22.6,1.5,1.5,,,,,,,,,,,,,,,,,,,,100,12.35714286,0,12.35714286,,,,,221
Tabla Nutricional Bebidas H,H017,"Sabajón de tomate de árbol rojo, 14% de alcohol",,57.7,,889,3.1,0.9,22.7,21.4,1.3,1.6,,,,,,,,,,,,,,,,,,,,100,10.84285714,0,10.84285714,,,,,212
Tabla Nutricional Bebidas H,H018,"Té, infusión al 2%, sin azúcar",,98.6,,19,0.1,0,1,1,0,0.3,5,0.2,2,5,0,0,2,27,0,0.04,0.1,3,0,0,0,,,,,100,3.496385057,0,3.496385057,,,,,4
Base de Datos_ Huevos y Derivados,J001,"Huevo de codorniz, entero, crudo",Clara y yema,74.3,,640,13,11.1,0.5,,0,1.1,64,3.6,141,226,44,1.5,13,132,0.13,0.79,0.2,66,1.58,0,159,3.6,4.3,1.3,844,92,90.99349232,0,90.99349232,,,1.555555556,Baja (Proaterogénica),154
Base de Datos_ Huevos y Derivados,J002,"Huevo de gallina, clara, crudo",Clara,87.8,,201,10.8,0.2,0.6,,0,0.6,6,0.1,173,15,10,0,11,154,0,0.44,0.1,6,0.09,0,0,0,0,0,0,100,30.01273738,0,30.01273738,,,0,Baja (Proaterogénica),47
Base de Datos_ Huevos y Derivados,J003,"Huevo de gallina, entero, cocido, sin sal",Clara y yema,75.6,,605,13,10.4,0,,0,1,49,1.6,143,184,44,0.9,13,127,0.07,0.37,0.1,51,1.15,0,176,3.1,4.3,1.3,375,100,76.76104097,0,76.76104097,,,1.806451613,Baja (Proaterogénica),145
Base de Datos_ Huevos y Derivados,J004,"Huevo de gallina, entero, crudo",Clara y yema,75.4,,619,12.6,10.8,0.3,,0,0.9,53,1.7,139,197,53,1.4,12,136,0.07,0.49,0.1,48,1.29,0,177,3.1,3.9,1.7,374,90,76.13879407,0,76.13879407,,,1.806451613,Baja (Proaterogénica),149
Base de Datos_ Huevos y Derivados,J005,"Huevo de gallina, entero, en polvo",Clara y yema,4.1,,2408,48.2,41.8,2.5,,0,3.4,212,7.2,523,679,200,5.3,41,513,0.19,1.83,0.3,163,3.43,0,586,12.8,17.2,5.8,1715,100,279.2456018,0,279.2456018,,,1.796875,Baja (Proaterogénica),579
Base de Datos_ Huevos y Derivados,J006,"Huevo de gallina, entero, frito, sin sal",Clara y yema,65,,866,17.1,14.6,2,,0,1.3,64,1.7,194,235,60,1.2,16,171,0.06,0.38,0.1,48,1.36,0,220,4.1,6,2.5,408,100,92.45978749,0,92.45978749,,,2.073170732,Alta (Cardioprotectora),208
Base de Datos_ Huevos y Derivados,J007,"Huevo de gallina, entero, revuelto, con sal",Clara y yema,74.6,,631,10.2,11.4,2.3,,0,1.6,62,2,404,162,57,1.2,12,136,0.07,0.43,0.1,39,1.25,0,121,3.3,5.1,1.7,338,100,65.2255462,0,65.2255462,,,2.060606061,Alta (Cardioprotectora),152
Base de Datos_ Huevos y Derivados,J008,"Huevo de gallina, entero, tibio, sin sal",Clara y yema,76.1,,594,13,10.1,0,,0,0.9,52,1.3,129,154,44,1.2,11,126,0.07,0.02,0.1,46,1.35,1,129,3.1,4.2,1.3,381,90,69.46656535,0,69.46656535,,,1.774193548,Baja (Proaterogénica),143
Base de Datos_ Huevos y Derivados,J009,"Huevo de gallina, yema, crudo",Yema,49.4,,1469,16.3,31.9,0.7,,0,1.7,132,5.1,48,580,39.6,2.3,11,109,0.2,0.52,0.1,143,5.88,0,519,9.5,12.7,4.1,1140,100,169.4420427,0,169.4420427,,,1.768421053,Baja (Proaterogénica),355
Base de Datos_ Huevos y Derivados,J010,"Huevo de iguana, entero, crudo",Clara y yema,63.2,,889,14.9,15.2,4.3,,0,2.4,421,2.1,,439,,,16,222,0.14,0.6,0.5,,,,340,,,,,88,120.1619879,0,120.1619879,,,,,214
Base de Datos_ Huevos y Derivados,J011,"Huevo de pata, entero, crudo",Clara y yema,69,,784,13,13.8,3.1,,0,1.1,64,3.6,146,193,13,1.4,17,214,0.16,0.44,0.2,80,5.4,0,197,3.7,6.5,1.2,884,88,101.4127763,0,101.4127763,,,2.081081081,Alta (Cardioprotectora),188
Base de Datos_ Huevos y Derivados,J012,"Huevo de pava, entero, crudo",Clara y yema,72.5,,692,13.7,11.9,1.1,,0,0.8,99,4.1,151,170,,1.6,13,142,0.11,0.47,0,71,1.69,0,166,3.6,4.6,1.7,933,88,100.1041215,0,100.1041215,,,1.75,Baja (Proaterogénica),166
Base de Datos_ Huevos y Derivados,J013,"Huevo de tortuga, entero, crudo",Clara y yema,79.2,,463,12.6,6.3,0.9,,0,1,62,1.6,,180,,,,,0.28,0.31,0.1,,,,52,,,,,89,44.63589744,0,44.63589744,,,,,111
Tabla de Productos Azucarados (K),K001,Arequipe o dulce de leche,,28,,1350,6.4,7.5,56.7,56.7,0,1.4,253,0.1,135,179,,0.7,22,277,0.02,0.4,0.2,11,0.31,3,87,,,,,100,59.69880628,0,59.69880628,,,,,320
Tabla de Productos Azucarados (K),K002,Arroz con leche,,79,,376,3.3,1.5,15.5,15.4,0.1,0.7,92,0.4,78,87,28,0.4,12,132,0.1,0.13,0.3,5,0.36,0,62,,,,,100,30.06083054,0,30.06083054,,,,,89
Tabla de Productos Azucarados (K),K003,"Azúcar blanco, granulado",,0.5,,1688,0,0,99.3,99.3,0,0.2,0,0.1,0,0,5,0,1,2,0,0,0,0,0,0,0,,,,,100,0.8362039851,0,0.8362039851,,,,,397
Tabla de Productos Azucarados (K),K004,"Azúcar moreno, granulado",,1.6,,1658,0,0,97.5,97.5,0,0.9,85,1.9,39,22,0,0.2,24,305,0.01,0.01,0.1,1,0,0,0,,,,,100,29.54766451,0,29.54766451,,,,,390
Tabla de Productos Azucarados (K),K005,"Bocadillo o dulce de guayaba, tradicional",,19.1,,1409,0.4,0.5,79.6,75.9,3.7,0.4,25,1.2,,17,,,,,0.02,0.03,1,,,80,,,,,,100,111.4929182,0,111.4929182,,,,,332
Tabla de Productos Azucarados (K),K006,"Bocadillo o dulce de guayaba, veleño",,20.1,,1352,0.3,0.1,79,,,0.5,25,1.2,,17,,,,,0.02,0.03,1,,,80,4,,,,,100,98.52307692,0,98.52307692,,,,,318
Tabla de Productos Azucarados (K),K007,"Caramelos o confites, blandos",,7.2,,1576,0,0,92.7,92.7,0,0.1,3,0.4,44,1,0,0,3,5,0,0,0,0,0,0,0,,,,,100,3.273660146,0,3.273660146,,,,,371
Tabla de Productos Azucarados (K),K008,"Caramelos o confites, duros",,7.2,,1569,0,0,92.3,92.3,0,0.5,3,0.3,38,3,0,0,3,8,0,0,0,0,0,0,0,,,,,100,2.781934378,0,2.781934378,,,,,369
Tabla de Productos Azucarados (K),K009,"Chocolate, en bolas, con panela",,6.2,,1766,4.2,10.2,77.5,,,1.9,37,4,,105,,,,,0.06,0.45,2.2,,,0,0,,,,,100,33.46837607,0,33.46837607,,,,,419
Tabla de Productos Azucarados (K),K010,"Chocolate, en pastilla, con azúcar",,3.1,,1958,3.6,16.6,75.5,,,1.2,36,3.5,,132,,1.2,43,278,0.05,0.09,0.2,1,,0,2,,,,,100,46.03888629,0,46.03888629,,,,,466
Tabla de Productos Azucarados (K),K011,"Chocolate, en pastilla, con azúcar y leche",,1.7,,1960,7.5,15.8,73.4,,,1.6,139,2.2,,155,,,90,324,0.17,0.42,0.5,,,0,9,,,,,100,67.23671836,0,67.23671836,,,,,466
Tabla de Productos Azucarados (K),K012,Chocolatina o chocolate de leche,,1.3,,2296,5.5,31.8,60,59.2,0.8,1.4,159,1.6,63,210,30,1,55,371,0.27,0.34,0.8,11,0.71,0,54,,,,,100,64.71565609,0,64.71565609,,,,,550
Tabla de Productos Azucarados (K),K013,"Chucula o chocolate, en bolas, con harina de cereales y leguminosas",,4,,1847,9.1,12,73.4,,,1.5,34,4.8,,260,,,,,0.1,0.2,2.8,,,0,0,,,,,100,47.48205128,0,47.48205128,,,,,438
Tabla de Productos Azucarados (K),K014,"Cocadas, con panela",,6,,1760,1.6,8.2,82.4,78.8,3.6,1.8,7,1.2,29,78,,0.4,17,183,0.03,0.07,0.4,,,0,0,,,,,100,31.20350713,0,31.20350713,,,,,417
Tabla de Productos Azucarados (K),K015,"Dulce de coco, con almendras",,2,,1717,1.9,1.7,93.9,90.6,3.3,0.4,32,0.6,33,55,,0.4,32,105,0.02,0.14,0.5,5,0.01,0,0,,,,,100,32.48367625,0,32.48367625,,,,,405
Tabla de Productos Azucarados (K),K016,"Dulce de jengibre, cristalizado",,12,,1506,0.4,0.5,87,86.8,0.2,0.1,113,,31,360,,,179,1304,0.04,0.18,5,38,0,,,,,,,100,90.07032188,0,90.07032188,,,,,355
Tabla de Productos Azucarados (K),K017,Dulce de lulo,,6.4,,1632,1.1,1.8,90.3,88.8,1.5,0.4,,,,,,,,,,,,,,,,,,,,100,7.557142857,0,7.557142857,,,,,385
Tabla de Productos Azucarados (K),K018,"Gelatina con azúcar, en polvo",,1.6,,1668,8.3,0,89.8,89.8,0,0.3,0,0,268,0,6,0,2,7,0,0,0,0,0,0,0,,,,,100,17.22512665,0,17.22512665,,,,,392
Tabla de Productos Azucarados (K),K019,"Gelatina con azúcar, líquida",,83.1,,286,1.4,0,15.4,15.4,0,0,0,0,75,0,,0,1,1,0,0,0,0,0,0,0,,,,,100,3.059371834,0,3.059371834,,,,,67
Tabla de Productos Azucarados (K),K020,Gelatina de pata,,18.5,,1375,7.4,0,73.5,,,0.6,66,4,,29,,,,,0.03,0.03,0,,,0,0,,,,,100,42.0991453,0,42.0991453,,,,,324
Tabla de Productos Azucarados (K),K021,"Goma de mascar, con azúcar",,2.6,,1655,0,0.3,96.7,96.7,0,0.4,0,0.1,6,0,,0,0,2,0,0,0,0,0,0,0,,,,,100,0.598108747,0,0.598108747,,,,,390
Tabla de Productos Azucarados (K),K022,"Helado de agua, con azúcar",,89,,185,0,0,10.9,10.9,0,0.1,0,0.1,7,0,,0.2,1,15,0,0,0,0,0,0,0,,,,,100,1.11279973,0,1.11279973,,,,,44
Tabla de Productos Azucarados (K),K023,Helado de crema,,62.8,,822,3.2,10.3,22.8,22.8,0,0.9,100,0.1,61,120,32,0.4,13,183,0.04,0.26,0.1,5,0.47,0,72,,,,,100,30.88671836,0,30.88671836,,,,,196
Tabla de Productos Azucarados (K),K024,Helado de leche,,84.5,,266,0.4,0.2,14.8,14.8,0,0.1,55,0.2,17,18,,0.1,5,53,0.04,0.05,0.4,,0.13,0,5,,,,,100,9.015571662,0,9.015571662,,,,,63
Tabla de Productos Azucarados (K),K025,Manjar blanco,,15.9,,1402,6.1,0.3,75.7,,,2,190,0.4,,191,,,2,5,0.03,0.3,2.2,,,0,0,,,,,100,29.62018029,0,29.62018029,,,,,330
Tabla de Productos Azucarados (K),K026,Manjar del Valle,,16.4,,1530,7.1,7.3,67,,,2.2,242,0.5,,201,,,,,0.05,0.35,0.4,,,0,3,,,,,100,35.92649573,0,35.92649573,,,,,362
Tabla de Productos Azucarados (K),K027,Masmelos,,16.4,,1421,1.8,0.2,81.3,81.2,0.1,0.3,3,0.2,47,8,,0,2,5,0,0,0.1,1,0,0,0,,,,,100,6.131596654,0,6.131596654,,,,,334
Tabla de Productos Azucarados (K),K028,Melaza o miel negra,,24,,1121,0,0.1,65.7,65.7,0,10.2,207,4.7,37,31,0,0.3,241,1462,0.04,0,0.9,0,0,0,0,,,,,100,130.5215234,0,130.5215234,,,,,264
Tabla de Productos Azucarados (K),K029,"Melocotón, en almíbar",,79.3,,361,0,0.1,20.4,19.1,1.3,0.2,3,0.3,6,11,1.5,0.1,5,95,0.01,0.02,0.6,4,0,3,17,,,,,100,15.97426805,0,15.97426805,,,,,85
Tabla de Productos Azucarados (K),K030,"Mermelada, regular, con azúcar",,32.6,,1155,0.5,0,66.5,64.6,1.9,0.4,12,0.3,29,12,7,0.1,4,79,0.02,0.02,0,10,0,9,1,,,,,100,25.619801,0,25.619801,,,,,272
Tabla de Productos Azucarados (K),K031,"Miel de abejas, líquida",,16.9,,1410,0.6,0,82.4,82.4,0,0.2,7,0.6,9,15,5,0.2,2,53,0,0.04,0.3,2,0,0,0,,,,,100,7.175644922,0,7.175644922,,,,,332
Tabla de Productos Azucarados (K),K032,"Miel de caña de azúcar, líquida",,25,,1254,0.3,0.2,73,73,0,1.4,69,1,,43,,,46,425,0.03,0.06,0.5,,,5,0,,,,,100,37.01373756,0,37.01373756,,,,,295
Tabla de Productos Azucarados (K),K033,Panela,,7.5,,1548,0.6,0.1,90.2,90.2,0,1.5,42,4.9,39,39,,1.4,47,346,0.02,0.11,0.3,1,0,0,0,,,,,100,50.45516977,0,50.45516977,,,,,364
Tabla de Productos Azucarados (K),K034,"Panelita de leche de vaca, con azúcar",,10.6,,1532,2.9,1.8,83.3,,,1.4,134,0.8,,80,,,,,0,0.23,0,,,0,6,,,,,100,21.21880342,0,21.21880342,,,,,361
Tabla de Productos Azucarados (K),K035,"Uchuva, en almíbar",,58.2,,701,5.4,0.4,35.1,,,1,,,,,,,,,,,,,,,,,,,,100,10.8,0,10.8,,,,,165
Tabla de Alimentos Misceláneos (Grupo L),L001,"Achiote, seco",Semilla,3.1,,1662,4.4,5.3,81.8,81.8,0,5.4,11,1.4,,96,,,,,0.11,0.2,2,,,0,110,,,,,100,29.64615385,0,29.64615385,,,,,392
Tabla de Alimentos Misceláneos (Grupo L),L002,"Aloe vera, crudo",,98.7,,30,0,0.2,0.9,0.3,0.6,0.1,,,,,,,,,,,,,,,,,,,,100,2.142857143,0,2.142857143,,,,,7
Tabla de Alimentos Misceláneos (Grupo L),L003,"Cacao, tostado y molido",Semilla,6.9,,1960,14.4,22.5,51.9,51.9,0,4.3,130,5.8,4,500,,,,830,0.18,0.16,1.9,,0,3,4,,,,,100,92.45957447,0,92.45957447,,,,,468
Tabla de Alimentos Misceláneos (Grupo L),L004,"Café soluble, descafeinado, en polvo",,3.2,,1576,11.6,0.2,80.7,80.7,0,4.3,140,3.8,23,3,,0.1,311,3501,0,1.36,28.1,0,0,0,0,,,,,100,203.6173226,0,203.6173226,,,,,371
Tabla de Alimentos Misceláneos (Grupo L),L005,"Café soluble, en polvo",,3.1,,1506,13,0.4,74.7,74.7,0,8.8,141,4.4,38,303,0,0.4,326,3630,0.01,0.08,28.2,1,0,0,0,,,,,100,216.3936885,0,216.3936885,,,,,355
Tabla de Alimentos Misceláneos (Grupo L),L006,"Café, tostado y molido, en polvo",Semilla,2.1,,2008,14.2,12.3,67.5,46.9,20.6,3.9,130,5.8,1,223,0.5,0.5,165,1609,0.07,0.1,31.6,3,0,0,0,,,,,100,218.4634076,0,218.4634076,,,,,479
Tabla de Alimentos Misceláneos (Grupo L),L007,"Caldo de carne de res, deshidratado",,4.1,,1076,16.9,20.3,2.2,2.2,0,56.5,60,2.2,20720,228,,0.2,51,424,0.29,0.24,3.3,32,1,0,0,,,,,100,79.80174058,800.8695652,-721.0678246,,,,,259
Tabla de Alimentos Misceláneos (Grupo L),L008,Chocolate amargo o negro,,1.3,,2586,4.9,42.6,49.3,38.4,10.9,1.8,80,3.6,17,220,2.3,2.9,186,432,0.04,0.04,1.1,6,0.28,0,2,,,,,100,130.0818435,0,130.0818435,,,,,622
Tabla de Alimentos Misceláneos (Grupo L),L009,"Cocoa, en polvo, sin azúcar",,2.9,,2040,19.5,10.8,59.7,22.7,37,7.2,144,13.3,21,746,,5.8,499,1524,0.08,0.23,2.2,32,0,0,0,,,,,100,364.3913439,0,364.3913439,,,,,488
Tabla de Alimentos Misceláneos (Grupo L),L010,"Jengibre, crudo",,9.8,,1651,9,4.2,72.3,58.2,14.1,4.8,109,19.8,27,160,,3.6,214,1320,0.05,0.18,9.6,13,0,0,18,,,,,93,261.0292456,0,261.0292456,,,,,391
Tabla de Alimentos Misceláneos (Grupo L),L011,"Levadura biológica para pan, fresca, prensada",,70.2,,578,8.4,1.8,17.8,9.7,8.1,1.8,25,2.5,30,336,,10,40,601,1.88,1.5,12.3,785,0.01,0,0,,,,,100,183.8515808,0,183.8515808,,,,,137
Tabla de Alimentos Misceláneos (Grupo L),L012,"Moringa, en polvo",,4.2,,1784,13.6,8,68.2,55.5,12.6,6.2,,,,,,,,,,,,,,,,,,,,100,72.2,0,72.2,,,,,424
Tabla de Alimentos Misceláneos (Grupo L),L013,"Polen, húmedo",,19.9,,1521,16.3,5.4,56.8,46.9,9.9,1.6,136,,,,,2.4,147,,,,,,,,,,,,,100,113.4186813,0,113.4186813,,,,,361
Tabla de Alimentos Misceláneos (Grupo L),L014,"Polen, seco",,5.6,,1797,22.5,5.8,63.8,49.4,14.4,2.3,170,,,,,3.3,227,,,,,,,,,,,,,100,163.5531136,0,163.5531136,,,,,426
Tabla de Alimentos Misceláneos (Grupo L),L015,Sal,,0.2,,0,0,0,0,0,0,99.8,24,0.3,38781,0,48.5,0.1,1,8,0,0,0,0,0,0,0,,,,,100,3.921128517,1586.130435,-1582.209306,,,,,0
Tabla de Alimentos Misceláneos (Grupo L),L016,Salsa de mostaza,,76,,449,3.6,3.3,14.1,10.9,3.2,3,76,1.8,1206,148,3,0.8,55,142,0.09,0.07,0.5,8,0,0,4,,,,,100,53.03568441,0,53.03568441,,,,,107
Tabla de Alimentos Misceláneos (Grupo L),L017,Salsa de tomate,,70.8,,463,1.3,0.3,25,24.2,0.8,2.6,17,0.5,860,28,45,0.1,17,329,0.04,0.09,1.2,10,0,3,70,,,,,100,34.2013431,0,34.2013431,,,,,109
Tabla de Alimentos Misceláneos (Grupo L),L018,Vinagre,,93.8,,103,0,0,6,6,0,0.2,7,0.5,5,10,,0,5,73,0,0,0,0,0,0,0,,,,,100,6.059906996,0,6.059906996,,,,,24
Alimentos para Régimen Especial_ Tabla Nutricional,N001,"Margarina, baja en Calorías, esparcible",,42,,1757,1.6,40,14.7,0,0,1.7,12,0.1,390,8,26,0,0,7,0.01,0.02,0.4,1,0.06,0,702,11.3,13.5,13.8,0,100,83.07756865,0,83.07756865,,,2.415929204,Alta (Cardioprotectora),425
Alimentos para Régimen Especial_ Tabla Nutricional,N002,"Mayonesa, baja en grasa",,61.4,,1271,1,32,4.1,4.1,0,1.5,10,0.3,750,0,35,0.1,10,10,0.02,0.03,0,10,0.27,0,16,3.5,8.7,19.8,24,100,11.30739355,0,11.30739355,,,8.142857143,Alta (Cardioprotectora),308
Alimentos para Régimen Especial_ Tabla Nutricional,N003,"Mermelada, baja en Calorías",,45.8,,944,0.5,0.3,53.2,50.8,2.4,0.2,9,0.5,47,9,2.7,0.1,5,69,0,0,0,9,0,0,0,0,0,0.1,0,100,17.95007534,0,17.95007534,,,1,Baja (Proaterogénica),222
Alimentos para Régimen Especial_ Tabla Nutricional,N004,"Salchicha de cerdo, baja en grasa",,69.9,,638,16.6,8.1,3.3,3.3,0,2,5,0.9,860,169,7,2,18,194,0.73,0.22,4.3,5,0.47,0,0,2.9,3.3,1.1,58,100,48.24798924,0,48.24798924,,,1.517241379,Baja (Proaterogénica),153
Alimentos para Régimen Especial_ Tabla Nutricional,N005,"Yogurt, bebible, descremado, sin azúcar",,87.2,,208,3.7,0.3,7.9,7.9,0,0.9,148,0.1,60,111,5.3,0.5,13,181,0.04,0.18,0.1,5,0.37,1,,,,,,100,28.64758398,0,28.64758398,,,,,49
Alimentos para Régimen Especial_ Tabla Nutricional,N006,"Yogurt, bebible, semidescremado, con azúcar",,76,,418,4,1.1,18.1,17.8,0.3,0.9,128,0.1,62,112,48,0.6,15,204,0.07,0.25,0.1,16,0.3,1,10,0.8,0.3,0,6,100,33.6072143,0,33.6072143,,,0.375,Baja (Proaterogénica),99
Tabla de Alimentos Nativos_ Composición Nutricional,P001,"Achira, sin cáscara, cocida, sin sal",Raíz,40.2,,1035,3.4,0.2,54.4,48.5,5.9,1.8,18,1.3,2,78,,0.6,58,554,0.12,0.05,0,,0,,0,,,,,100,62.07502403,0,62.07502403,,,,,244
Tabla de Alimentos Nativos_ Composición Nutricional,P002,"Achira, sin cáscara, cruda",Raíz,84.4,,248,0.9,0.2,13,12.5,0.5,1.5,36,0.8,,53,,,,677,0.04,0.01,0.3,,0,0,2,,,,,65,25.42586704,0,25.42586704,,,,,58
Tabla de Alimentos Nativos_ Composición Nutricional,P003,"Ackee, crudo",Pulpa sin semillas,72,,637,2.9,9,15,,,1.1,30,0.7,31,37,0,0.6,38,270,0.03,0.07,0.6,41,0,30,,,,,,100,70.37221443,0,70.37221443,,,,,153
Tabla de Alimentos Nativos_ Composición Nutricional,P004,"Almidón de arracacha, crudo",,6.2,,1576,0.5,0.5,91,90.5,0.5,1.9,,,,,,,,,,,,,0,,,,,,,100,2.785714286,0,2.785714286,,,,,371
Tabla de Alimentos Nativos_ Composición Nutricional,P005,"Almidón de malanga, crudo",,14.1,,1475,1.8,1.3,82.2,82.2,0,0.7,,,,,,,,,,,,,0,,,,,,,100,3.6,0,3.6,,,,,348
Tabla de Alimentos Nativos_ Composición Nutricional,P006,"Almidón de ñame, crudo",,10.1,,1669,0.8,6.7,82.3,81.3,1,0.1,,,,,,,,,,,,,0,,,,,,,100,5.171428571,0,5.171428571,,,,,395
Tabla de Alimentos Nativos_ Composición Nutricional,P007,"Arazá, crudo",Pulpa sin semillas,91.2,,175,1.1,1.1,6.5,5.6,0.9,0.2,4,0.8,28,,,0.4,14,222,,,,,0,,,,,,,77,18.22316006,0,18.22316006,,,,,42
Tabla de Alimentos Nativos_ Composición Nutricional,P008,"Árbol del pan, cocido",Pulpa sin semillas,62.5,,636,5.2,0.8,30.5,,,1,29,1,,37,,,,,0.14,0.07,0.9,,0,10,,,,,,100,29.2974359,0,29.2974359,,,,,150
Tabla de Alimentos Nativos_ Composición Nutricional,P009,"Árbol del pan, crudo",Pulpa sin semillas,74.2,,487,2.8,0.6,22.3,17.4,4.9,0.1,21,0.6,2,30,,0.1,25,490,0.11,0.05,0.8,14,0,26,2,,,,,55,77.03774193,0,77.03774193,,,,,115
Tabla de Alimentos Nativos_ Composición Nutricional,P010,"Árbol del pan, semilla, crudo",Semilla,47.8,,1017,7.4,5.6,37.8,32.6,5.2,1.4,32,0.5,25,73,,0.9,54,941,0.2,0.07,0.8,53,0,7,1,,,,,68,92.62805315,0,92.62805315,,,,,242
Tabla de Alimentos Nativos_ Composición Nutricional,P011,"Asaí, cocido, sin sal",Pulpa sin semillas,44.3,,1566,4.6,25.9,22.4,3.8,18.6,2.8,171,5,36,172,0.1,3.8,79,1,8.49,0.93,,590,0.15,,,,,,,71,235.3909958,0,235.3909958,,,,,378
Tabla de Alimentos Nativos_ Composición Nutricional,P012,"Asaí, crudo",Pulpa sin semillas,44.3,,1593,3.8,30.6,17.5,5,12.5,3.9,134,6.7,28,121,0.1,2.9,63,1,3.46,0.88,,420,0.03,,12,,,,,42,216.1273816,0,216.1273816,,,,,385
Tabla de Alimentos Nativos_ Composición Nutricional,P013,"Asaí, deshidratado",Pulpa sin semillas,4.6,,1659,0.1,1.4,93.9,92.7,1.1,0,,,,,,,,,,,,,0,,,,,,,100,4.128571429,0,4.128571429,,,,,391
Tabla de Alimentos Nativos_ Composición Nutricional,P014,"Asaí, liofilizado",Pulpa sin semillas,2.6,,2859,1.6,51.6,43.7,21.4,22.3,0.4,228,8.4,225,,,20.6,202,429,,,,,0,0,,,,,,100,204.270883,0,204.270883,,,,,691
Tabla de Alimentos Nativos_ Composición Nutricional,P015,"Banano chiro, crudo",Pulpa,68.2,,535,1.5,0.1,28.9,26.9,2,1.3,3,0.3,,22,,0.3,28,355,,,,,0,8,,,,,,100,35.14904009,0,35.14904009,,,,,126
Tabla de Alimentos Nativos_ Composición Nutricional,P016,"Banano pacífico, crudo",Pulpa,71.2,,475,1.1,0.2,26.4,,,1.1,6,0.4,,22,,,,,0.04,0.04,0.6,,0,15,90,,,,,65,31.55042735,0,31.55042735,,,,,112
Tabla de Alimentos Nativos_ Composición Nutricional,P017,"Borojó, crudo",Pulpa sin semillas,64,,594,3,0.6,30.5,,,1.8,51,6.9,8,,,1.5,38,464,0.3,0.12,2.3,,0,3,,,,,,60,70.50970306,0,70.50970306,,,,,140
Tabla de Alimentos Nativos_ Composición Nutricional,P018,"Cacao silvestre, crudo",Pulpa sin semillas,86,,251,1,1.1,10.3,8.1,2.2,1.6,12,0.3,1,9,,0.6,21,72,0.25,,,,0,14,,,,,,8,34.5343569,0,34.5343569,,,,,60
Tabla de Alimentos Nativos_ Composición Nutricional,P019,"Cacao silvestre, semilla, crudo",Semilla,3.2,,2509,13,46,34.4,34.4,0,3.4,99,2.6,4,533,,,232,830,0.17,0.14,1.7,,0,3,3,,,,,8,124.6241654,0,124.6241654,,,,,604
Tabla de Alimentos Nativos_ Composición Nutricional,P020,"Cactus, crudo",Tallo,96.9,,34,0.5,0.1,1.1,0.8,0.3,1.3,80,0.4,32,,,,,199,,,,,0,,,,,,,100,14.6815395,0,14.6815395,,,,,8
Tabla de Alimentos Nativos_ Composición Nutricional,P021,"Caimo morado, crudo",Pulpa sin semillas,84.5,,297,1,1.4,12.9,11.8,1.1,0.2,30,0.5,,20,,,,,0.02,0.03,1,,0,10,2,,,,,82,22.34737485,0,22.34737485,,,,,70
Tabla de Alimentos Nativos_ Composición Nutricional,P022,"Camu-camu, crudo",Pulpa sin semillas,92.1,,135,0.5,0.1,7.1,6.8,0.3,0.2,28,0.5,,15,,,,,0.01,0.04,0.6,,0,2125,,,,,,58,107.0030525,0,107.0030525,,,,,32
Tabla de Alimentos Nativos_ Composición Nutricional,P023,"Carambolo, maduro, crudo",Pulpa sin semillas,95.2,,104,0.4,0.1,4.2,1.4,2.8,0.2,34,2.8,1,12,,0.1,84,1080,0.01,0.02,0.4,12,0,13,4,,,,,74,89.83855246,0,89.83855246,,,,,25
Tabla de Alimentos Nativos_ Composición Nutricional,P024,"Carambolo, maduro, deshidratado",Pulpa sin semillas,4.8,,1609,0.7,2.4,88.8,,,3.3,34,2.8,1,,,,84,1080,,,,,0,13,,,,,,100,76.99410802,0,76.99410802,,,,,379
Tabla de Alimentos Nativos_ Composición Nutricional,P025,"Carambolo, pintón, crudo",Pulpa sin semillas,95.1,,105,0.4,0.1,4.2,1.4,2.8,0.2,40,2.7,0,12,,0.1,92,1165,0.02,0.02,0.4,12,0,17,4,,,,,74,97.90225236,0,97.90225236,,,,,25
Tabla de Alimentos Nativos_ Composición Nutricional,P026,"Carambolo, pintón, deshidratado",Pulpa sin semillas,4.9,,1603,0.7,2.2,88.8,,,3.4,40,2.7,0,,,,92,1165,,,,,0,17,,,,,,100,85.05780791,0,85.05780791,,,,,378
Tabla de Alimentos Nativos_ Composición Nutricional,P027,"Carambolo, verde, crudo",Pulpa sin semillas,95.2,,102,0.3,0.1,4.1,1.3,2.8,0.2,32,3.7,1,12,,0.1,94,1170,0.02,0.02,0.4,12,0,14,4,,,,,76,99.89166342,0,99.89166342,,,,,24
Tabla de Alimentos Nativos_ Composición Nutricional,P028,"Carambolo, verde, deshidratado",Pulpa sin semillas,4.8,,1594,0.7,1.7,89.3,,,3.5,32,3.7,1,,,,94,1170,,,,,0,14,,,,,,100,87.24721897,0,87.24721897,,,,,375
Tabla de Alimentos Nativos_ Composición Nutricional,P029,"Cardo, crudo",Tallo,89.1,,213,1.3,0.2,8.3,2.9,5.4,1.1,39,1.1,90,60,1,0.5,46,375,0.01,0.04,0.4,68,0,4,3,,,,,85,71.70570753,0,71.70570753,,,,,51
Tabla de Alimentos Nativos_ Composición Nutricional,P030,"Cardón Guajiro, asado, sin sal",Tallo,94.5,,92,0.8,0.1,3.2,0.7,2.5,1.3,59,0.2,6,,,,,491,,,,,0,6,,,,,,100,33.29161926,0,33.29161926,,,,,22
Tabla de Alimentos Nativos_ Composición Nutricional,P031,"Carurú, cocido, sin sal",Hoja,90.7,,185,2.7,0.6,5.2,1.5,3.7,0.9,119,1.2,1,15,0.1,0.3,25,152,0.06,0.02,0,,0,,0,,,,,100,43.62122204,0,43.62122204,,,,,44
Tabla de Alimentos Nativos_ Composición Nutricional,P032,"Carurú, crudo",Hoja,90.7,,164,2.6,0.3,4.8,1.6,3.2,1.6,80,1.3,1,26,0,0.5,52,358,0.05,0.02,0,,0,5,1,,,,,100,55.66928013,0,55.66928013,,,,,39
Tabla de Alimentos Nativos_ Composición Nutricional,P033,"Casabe de yuca, asado, con sal",,13.7,,1451,1.6,0.2,83.3,,,1.2,30,0.3,,70,,,,,0.11,0.07,0.5,,0,0,,,,,,100,7.174358974,0,7.174358974,,,,,341
Tabla de Alimentos Nativos_ Composición Nutricional,P034,"Cedro macho, crudo",Pulpa sin semillas,83.4,,289,0.7,0.1,15.4,14,1.4,0.4,14,0.4,0,28,0,0.1,7,172,0.05,0.04,0.4,5,0,23,17,,,,,94,43.71983088,0,43.71983088,,,,,68
Tabla de Alimentos Nativos_ Composición Nutricional,P035,"Champa, cruda",Pulpa sin semillas,80.5,,327,0.4,0.1,18.6,,,0.4,20,0.5,,15,,,,,0,0.04,0.3,,0,15,,,,,,60,21.78290598,0,21.78290598,,,,,77
Tabla de Alimentos Nativos_ Composición Nutricional,P036,"Chicozapote, crudo",Pulpa sin semillas,78,,431,0.6,1.1,19.9,14.6,5.3,0.4,21,0.8,12,13,,0.1,12,192,0.02,0.02,0.2,14,0,13,5,,,,,80,51.63064973,0,51.63064973,,,,,102
Tabla de Alimentos Nativos_ Composición Nutricional,P037,"Chigua, cruda",Semilla,39.3,,1055,9.2,2,48.5,,,1,11,2.2,,90,,,0,0,0.2,0.03,0.6,,0,0,,,,,,100,31.46837607,0,31.46837607,,,,,249
Tabla de Alimentos Nativos_ Composición Nutricional,P038,"Chontaduro amazónico, crudo",Pulpa sin semilla,55.6,,1062,7.9,16.6,18.5,,,1.4,4,3,165,,,0.7,26,,,,,,0,27,,,,,,77,68.96483516,0,68.96483516,,,,,255
Tabla de Alimentos Nativos_ Composición Nutricional,P039,"Chupa, cruda",Pulpa sin semillas,53.4,,968,4.4,10,30.8,,,1.4,38,1,,83,,,,,0.19,0.05,1,,0,5,3260,,,,,70,122.834188,0,122.834188,,,,,231
Tabla de Alimentos Nativos_ Composición Nutricional,P040,"Ciruela joba, cruda",Pulpa sin semilla,82.1,,311,0.7,0.1,16.2,13.9,2.3,0.8,9,0.6,0,27,0,0.1,7,171,0.08,0.02,0.5,5,0,16,14,,,,,20,39.52822461,0,39.52822461,,,,,74
Tabla de Alimentos Nativos_ Composición Nutricional,P041,"Cocona, cruda",Pulpa sin semillas,79,,359,0.7,0.1,19.5,17.9,1.6,0.7,121,4.7,4,1,,0.1,9,1710,0.06,0.04,1.5,7,0,14,92,,,,,74,108.5867028,0,108.5867028,,,,,85
Tabla de Alimentos Nativos_ Composición Nutricional,P042,"Coconilla, cocida, sin sal",Pulpa sin semillas,80.8,,331,1.9,0.7,14.7,11.6,3.1,2,45,0.7,0,38,,0.2,45,,,0.08,0.4,,0,,,,,,,34,32.93614164,0,32.93614164,,,,,78
Tabla de Alimentos Nativos_ Composición Nutricional,P043,"Coconilla, cruda",Pulpa sin semillas,80.8,,388,2.2,0.9,14.9,7.2,7.7,1.1,39,0.8,0,68,0.1,0.4,45,335,0.06,0.05,,,0,1,,,,,,73,58.29750084,0,58.29750084,,,,,92
Tabla de Alimentos Nativos_ Composición Nutricional,P044,"Concha de caimán, cruda",Pulpa,74.3,,445,4.3,0.2,19.1,13.9,5.2,2.2,15,1.1,12,,,,,669,,,,,0,16,,,,,,,66.44820617,0,66.44820617,,,,,105
Tabla de Alimentos Nativos_ Composición Nutricional,P045,"Copoazú, crudo",Pulpa,89,,211,1.2,1,7.5,4.5,3.1,1.2,60,0.5,3,21,,0.3,18,331,0.37,0.04,4.3,,0,23,,,,,,62,57.748414,0,57.748414,,,,,50
Tabla de Alimentos Nativos_ Composición Nutricional,P046,"Corozo, crudo",Pulpa sin semillas,40.1,,1583,3.9,29.5,25,,,1.5,30,1,,40,,,,,0.12,0.05,1,,0,5,,,,,,60,21.21880342,0,21.21880342,,,,,381
Tabla de Alimentos Nativos_ Composición Nutricional,P047,"Cucurito, cocido, sin sal",Pulpa sin semillas,45.5,,1402,2.9,20.4,29.4,16.9,12.5,1.8,25,1,2,67,0.2,0.5,24,744,0.03,0.08,0.7,50,0,1,,,,,,32,93.07667368,0,93.07667368,,,,,337
Tabla de Alimentos Nativos_ Composición Nutricional,P048,"Cucurito, crudo",Pulpa sin semillas,45.5,,1387,2.6,19.4,30.6,17.4,13.2,1.9,25,1.2,2,72,0.4,0.8,28,808,0.38,0.14,0.8,60,0,1,,,,,,30,100.9018679,0,100.9018679,,,,,334
Tabla de Alimentos Nativos_ Composición Nutricional,P049,"Cucurito, semilla, cocido, sin sal",Semilla,43.8,,1753,4.1,36.1,13.9,0,13.9,2.1,49,1.9,0,326,0.6,1.3,99,430,,0.05,,50,0,,,,,,,19,117.3880082,0,117.3880082,,,,,425
Tabla de Alimentos Nativos_ Composición Nutricional,P050,"Cucurito, semilla, crudo",Semilla,43.8,,1560,5.4,23.6,25.2,4.4,20.8,2,67,2.8,1,412,0.7,1.7,123,541,,0.08,,80,0,1,,,,,,16,167.7025797,0,167.7025797,,,,,376
Tabla de Alimentos Nativos_ Composición Nutricional,P051,"Ductú simple, sin cáscara, cocido, sin sal",Médula,78.3,,397,0.8,0.1,20.2,15.8,4.4,0.6,16,0.4,0,5,0.2,0.3,24,201,0.08,0.05,,10,0,,,,,,,69,33.25815863,0,33.25815863,,,,,94
Tabla de Alimentos Nativos_ Composición Nutricional,P052,"Ductú simple, sin cáscara, crudo",Médula,78.2,,393,0.9,0.1,20.1,16,4,0.7,21,0.5,6,4,,0.4,37,258,,0.05,0.2,20,0,1,,,,,,100,40.8888733,0,40.8888733,,,,,93
Tabla de Alimentos Nativos_ Composición Nutricional,P053,Dulce de borojó,,7.4,,1624,0.9,2.2,89.1,87.7,1.4,0.3,,,,,,,,,,,,,0,,,,,,,100,6.8,0,6.8,,,,,383
Tabla de Alimentos Nativos_ Composición Nutricional,P054,"Duri, crudo",,44,,1064,3.4,6.7,44.6,,,1.3,58,2.6,54,84,,,,,,,,,0,,,,,,,100,25.70598291,0,25.70598291,,,,,252
Tabla de Alimentos Nativos_ Composición Nutricional,P055,"Emi, crudo",Pulpa sin semillas,70.2,,600,2.6,0.1,26.4,13.3,13.1,0.8,76,0.6,7,,,,,260,,,,,0,0,,,,,,100,66.69711636,0,66.69711636,,,,,143
Tabla de Alimentos Nativos_ Composición Nutricional,P056,"Guáimaro o ramón, cocido, sin sal",Pulpa sin semillas,59.6,,711,6.7,2.2,29.3,27,2.3,2.2,48,1.3,7,,,,,929,,,,,0,0,,,,,,100,52.29477308,0,52.29477308,,,,,168
Tabla de Alimentos Nativos_ Composición Nutricional,P057,"Guayaba de morrocoy, cruda",Pulpa sin semillas,91.1,,177,1.3,0.2,6.9,2.8,4.1,0.6,33,0.3,12,,,,,238,,,,,0,0,,,,,,100,26.51181514,0,26.51181514,,,,,42
Tabla de Alimentos Nativos_ Composición Nutricional,P058,"Harina de achira, cruda",,9.4,,1535,0.2,0,90.1,,,0.3,9,3,,71,,,,,0,0,0,,0,0,0,,,,,100,17.75897436,0,17.75897436,,,,,361
Tabla de Alimentos Nativos_ Composición Nutricional,P059,"Harina de semillas de calabazo o totumo, cruda",,5.6,,2509,27.7,48.8,12.9,11.2,1.7,5,39,11.7,6,850,,6.6,270,814,0.25,0.21,1.7,0,0,1,3,,,,,100,212.5207362,0,212.5207362,,,,,605
Tabla de Alimentos Nativos_ Composición Nutricional,P060,"Harina de yuca brava, fariña o mandioca, cruda",,13.9,,1504,1.7,0.2,83.3,76.9,6.4,0.9,40,1.1,1,42,,0.4,37,439,0.11,0.06,1.6,59,0,0,17,,,,,100,70.23401528,0,70.23401528,,,,,355
Tabla de Alimentos Nativos_ Composición Nutricional,P061,"Iguaraya, cruda",Pulpa sin semillas,84.5,,304,1,0.4,13.5,8.1,5.4,0.6,29,0.5,1,25,1.5,0.6,20,270,0.06,0.02,0.6,7,0,18,2,,,,,84,58.77306913,0,58.77306913,,,,,72
Tabla de Alimentos Nativos_ Composición Nutricional,P062,Jute de papa criolla,,68.3,,524,2.3,0,28.5,,,0.9,17,1.6,,59,,,0,1,0.01,0.3,0.2,,0,0,,,,,,100,14.81785779,0,14.81785779,,,,,123
Tabla de Alimentos Nativos_ Composición Nutricional,P063,"Majua o cubio, con cáscara, crudo",Médula y corteza,67.8,,572,5.8,2.4,22.6,,,1.4,12,1,20,67,,0.4,0,0,0.1,0.07,1.3,,0,11,,,,,,95,30.3008547,0,30.3008547,,,,,135
Tabla de Alimentos Nativos_ Composición Nutricional,P064,"Malanga, sin cáscara, cruda",Raíz/Cormo,71.3,,506,1.5,0.3,25.8,21.7,4.1,1.1,43,0.6,11,65,,0.2,33,554,0.09,0.03,0.6,22,0,5,4,,,,,69,55.42825968,0,55.42825968,,,,,120
Tabla de Alimentos Nativos_ Composición Nutricional,P065,"Mamo, crudo",,79,,349,1.2,0.4,18.5,,,0.9,13,0.9,12,36,,,,,,,,,0,,,,,,,100,8.4,0,8.4,,,,,82
Tabla de Alimentos Nativos_ Composición Nutricional,P066,"Maputo, crudo",,28,,1286,6.4,4.3,59.9,,,1.4,54,3.8,18,219,,,,101,,,,,0,,,,,,,100,40.21389344,0,40.21389344,,,,,304
Tabla de Alimentos Nativos_ Composición Nutricional,P067,"Milpesos, cocida, sin sal",Pulpa sin semillas,50.6,,1324,3.3,23.7,19.4,11.8,7.7,3,73,2.3,4,67,0,2,128,1,,1.66,3.2,620,0.08,,5,,,,,35,183.546185,0,183.546185,,,,,319
Tabla de Alimentos Nativos_ Composición Nutricional,P068,"Milpesos, cruda",Pulpa sin semillas,40.8,,1671,3.2,29.4,24.7,11.2,13.4,1.8,51,2.1,2,41,0,1.3,83,1,,2.09,,390,0,0,,,,,,35,187.1300678,0,187.1300678,,,,,403
Tabla de Alimentos Nativos_ Composición Nutricional,P069,"Moriche, crudo",Pulpa sin semillas,59.9,,1224,2.3,25.1,11.8,4.9,7,0.9,77,0.8,12,27,,1.7,20,232,0.12,0.17,0.3,,0,0,23,,,,,65,52.2211519,0,52.2211519,,,,,296
Tabla de Alimentos Nativos_ Composición Nutricional,P070,"Níspero del Japón, crudo",Pulpa sin semillas,88,,217,0.4,0.2,11,9,2,0.4,24,0.3,1,14,1,0,12,266,0.03,0.05,0.3,14,0,2,79,,,,,65,34.47239498,0,34.47239498,,,,,51
Tabla de Alimentos Nativos_ Composición Nutricional,P071,"Nuez caldereña o nuez de barinas, seca, en polvo",Nuez,5,,2419,29.9,42.8,19.4,,,3.1,60,2.7,8,,,,97,44,,,,,0,,,,,,,100,103.4467929,0,103.4467929,,,,,582
Tabla de Alimentos Nativos_ Composición Nutricional,P072,"Ñame, con cáscara, crudo",Médula y corteza,68.9,,554,2.2,0.4,27.6,23.5,4.1,0.9,8,0.7,,41,,0.2,,,0.14,0.03,0.3,,0,6,7,,,,,100,30.99157509,0,30.99157509,,,,,131
Tabla de Alimentos Nativos_ Composición Nutricional,P073,"Ñame, sin cáscara, cocido",Médula,70.1,,530,1.5,0.1,27.6,23.7,3.9,0.7,14,0.5,8,49,,0.2,18,670,0.09,0.02,0.6,16,0,12,0,,,,,100,56.65763905,0,56.65763905,,,,,125
Tabla de Alimentos Nativos_ Composición Nutricional,P074,"Ñame, sin cáscara, crudo",Médula,71.1,,512,2,0.2,25.9,21.8,4.1,0.9,16,0.5,9,55,,0.2,21,816,0.12,0.03,0.6,23,0,13,7,,,,,85,65.9853285,0,65.9853285,,,,,121
Tabla de Alimentos Nativos_ Composición Nutricional,P075,"Oca o ibia, con cáscara, cruda",Médula y corteza,84.6,,322,1.1,0.1,13.3,4.1,9.2,0.9,8,0.9,,42,,,,,0.04,0.03,0.4,,0,31,3,,,,,100,75.45030525,0,75.45030525,,,,,77
Tabla de Alimentos Nativos_ Composición Nutricional,P076,"Oca o ibia, sin cáscara, cruda",Médula,87.2,,220,1.4,0.4,10.7,,,0.3,,,7,0,,0.1,0,0,,,,,0,382,,,,,,95,102.8,0,102.8,,,,,52
Tabla de Alimentos Nativos_ Composición Nutricional,P077,"Olloco o chugua, con cáscara, cruda",Médula y corteza,87.7,,211,1.4,0.5,9.7,9.4,0.3,0.6,15,0.7,,57,,,,577,0.04,0.03,0.4,,0,20,,,,,,100,43.41298158,0,43.41298158,,,,,50
Tabla de Alimentos Nativos_ Composición Nutricional,P078,"Olloco o chugua, sin cáscara, cruda",Médula y corteza,84.1,,257,1.5,0,13.6,,,0.8,3,1.1,11,28,,0.3,,,0.05,0.03,0.2,,0,11,,,,,,86,21.56410256,0,21.56410256,,,,,60
Tabla de Alimentos Nativos_ Composición Nutricional,P079,"Ortiga, cruda",Tallo,87.7,,253,0.7,0,10.8,3.9,6.9,0.8,144,0.2,4,71,,0.3,57,137,0.01,0.16,0.4,14,0,101,,,,,,100,158.2172135,0,158.2172135,,,,,60
Tabla de Alimentos Nativos_ Composición Nutricional,P080,"Paja toquilla, cruda",Hojas,90.5,,176,3.4,2,2.6,,,1.5,100,1,,100,,,,,0.04,0.1,0.4,,0,1,,,,,,90,21.15897436,0,21.15897436,,,,,42
Tabla de Alimentos Nativos_ Composición Nutricional,P081,"Pepinillo, crudo",Pulpa sin semillas,95.8,,72,0.8,0.1,2.9,2.2,0.7,0.4,18,0.3,38,30,,,,0,0.02,0.03,0.2,,0,11,35,,,,,100,23.26239316,0,23.26239316,,,,,17
Tabla de Alimentos Nativos_ Composición Nutricional,P082,"Perico, crudo",,67.9,,528,2.3,0.1,28.5,,,1.2,15,3.5,15,36,,,,,,,,,0,,,,,,,100,25.1982906,0,25.1982906,,,,,124
Tabla de Alimentos Nativos_ Composición Nutricional,P083,"Piña india, cruda",Pulpa,87.1,,229,0.5,0.2,12,10.7,1.3,0.3,134,5,2,1,0,0.1,13,2445,0.07,0.03,0.4,11,0,14,3,,,,,62,117.4837308,0,117.4837308,,,,,54
Tabla de Alimentos Nativos_ Composición Nutricional,P084,"Piña uva hartón, cruda",Pulpa,77.6,,350,3.6,0.1,16.7,,,2,210,5.1,7,2,,0.8,72,2692,,,,,0,13,,,,,,100,140.5510768,0,140.5510768,,,,,82
Tabla de Alimentos Nativos_ Composición Nutricional,P085,"Sacha inchi, cruda",Nuez,5.2,,2758,15.8,60.2,15.5,,,3.4,,,,,,,,,,,,,0,,,,,,,100,31.6,0,31.6,,,,,667
Tabla de Alimentos Nativos_ Composición Nutricional,P086,"Termita, cocida, con sal",,44.2,,998,33.1,1.3,16,1.5,14.4,5.5,44,92.2,1264,408,0.4,5.7,66,477,,0.11,0,,0.01,,,,,,,100,246.8764087,0,246.8764087,,,,,237
Tabla de Alimentos Nativos_ Composición Nutricional,P087,"Termita, cruda",,44.2,,1040,35,0.6,17.6,2.2,15.4,2.6,50,82.1,29,366,0.7,6.3,78,652,,0.04,0,60,0,,,,,,,100,276.2899228,0,276.2899228,,,,,247
Tabla de Alimentos Nativos_ Composición Nutricional,P088,"Trigo amazónico, crudo",Semilla,14.8,,1460,11.4,1.7,70.7,,,1.3,12,11,12,,,3.1,107,371,,,,,0,,,,,,,100,118.2039955,0,118.2039955,,,,,344
Tabla de Alimentos Nativos_ Composición Nutricional,P089,"Trupillo, seco, crudo",Semilla,10.9,,1646,14.4,1.9,68.8,48.7,20.1,4,222,4.2,148,,,,,277,,,,,0,,,,,,,61,146.8895877,0,146.8895877,,,,,390
Tabla de Alimentos Nativos_ Composición Nutricional,P090,"Tuna, cruda",Pulpa sin semillas,83.7,,304,1.2,0.2,13.9,8.9,5,1,26,0.7,4,28,1.5,0.3,40,270,0.1,0.03,0.5,7,0,22,10,,,,,84,68.72007768,0,68.72007768,,,,,72
Tabla de Alimentos Nativos_ Composición Nutricional,P091,"Umuy, crudo",Semilla,60.8,,645,3.4,0.7,33,,,2.1,13,1.6,,32,,,27,278,0.15,0.03,1.6,,0,65,,,,,,100,101.2545762,0,101.2545762,,,,,152
Tabla de Alimentos Nativos_ Composición Nutricional,P092,"Weya, crudo",,65,,591,4,0.6,29.5,,,1,,,,,,,,,,,,,,,,,,,,,8,0,8,,,,,139
Tabla de Alimentos Nativos_ Composición Nutricional,P093,"Wuapo, crudo",,66,,672,1.4,5.2,26.8,,,0.6,,,,,,,,,,,,,,,,,,,,,2.8,0,2.8,,,,,160
Tabla de Alimentos Nativos_ Composición Nutricional,P094,"Yuca brava, sin cáscara, cruda",Pulpa,62.4,,624,0.5,0.1,36,,,1,,,,,,,,,,,,,,,,,,,,,1,0,1,,,,,147
Tabla de Alimentos Nativos_ Composición Nutricional,P095,"Yuca colorada, sin cáscara, cruda",Pulpa,63.4,,606,0.4,0.2,34.9,,,1.1,,,,,,,,,,,,,,,,,,,,,0.8,0,0.8,,,,,143
Tabla de Alimentos Manufacturados (Grupo R),R001,"Alimento para Mujer Gestante y Madre en Periodo de Lactancia, en polvo",,8,,1664,21.5,11,52,51,1,7.5,1166,39.4,,8,,37.4,,,1.73,1.19,14.8,991,3.02,153,128,,,,,100,450.4859585,0,450.4859585,,,,,395
Tabla de Alimentos Manufacturados (Grupo R),R002,"Bienestarina Más®, precocida, en polvo, sabor a fresa natural",,9,,1499,24,3,57,55.6,1.4,7,800,10.5,67,600,,10.5,,,1.23,1,12.3,382,2.33,45,116,1.2,0.9,0.6,,100,331.2606838,0,331.2606838,,,1.25,Baja (Proaterogénica),354
Tabla de Alimentos Manufacturados (Grupo R),R003,"Bienestarina Más®, precocida, en polvo, sabor a vainilla natural",,9,,1499,24,3,57,55.6,1.4,7,800,10.5,67,600,,10.5,,,1.23,1,12.3,382,2.33,45,116,1.3,0.7,0.7,,100,331.2606838,0,331.2606838,,,1.076923077,Baja (Proaterogénica),354
Tabla de Alimentos Manufacturados (Grupo R),R004,"Bienestarina Más®, precocida, en polvo, sabor natural",,9,,1498,21,3,60,58.7,1.3,7,800,10.5,67,600,,10.5,,,1.23,1,12.3,382,2.33,45,116,1.5,0.6,0.7,,100,324.9035409,0,324.9035409,,,0.8666666667,Baja (Proaterogénica),354
Tabla de Alimentos Manufacturados (Grupo R),R005,"Bienestarina®, líquida, con arroz, avena y quinua",,80.8,,333,3.5,2.5,10.2,9.2,1,3,125,1.5,75,100,,1.5,,,0.12,0.13,1.5,35,0.23,4,57,,,,,100,48.0479243,0,48.0479243,,,,,79
Tabla de Alimentos Manufacturados (Grupo R),R006,"Bienestarina®, líquida, sabor a vainilla natural",,80.8,,333,3.5,2.5,10.2,9.2,1,3,125,1.5,75,100,,1.5,,,0.15,0.2,2.2,48,0.35,15,50,,,,,100,62.74236874,0,62.74236874,,,,,79
Tabla de Alimentos Preparados (S),S001,Ajiaco santafereño,,80.2,,348,6.4,0.8,11.3,9.1,2.2,1.3,15,0.7,248,,,0.6,,238,0.03,0,0.5,,,3,407,0.2,0.3,0.3,332,95,79.31926324,0,79.31926324,,,3,Alta (Cardioprotectora),82
Tabla de Alimentos Preparados (S),S002,Arroz atollado,,74.9,,501,10.1,4.3,9.2,7.5,1.7,1.5,20,0.7,480,,,0.7,,210,0.1,0.01,0,,,0,26,0.8,1.1,2.4,0,100,39.05575299,0,39.05575299,,,4.375,Alta (Cardioprotectora),119
Tabla de Alimentos Preparados (S),S003,Arroz clavado,,59.9,,765,6.4,5.5,26.4,25.9,0.5,1.8,84,0.4,553,,,0.9,,52,0.2,0,0,,,0,21,1.8,1.6,2.1,15,100,26.70919128,0,26.70919128,,,2.055555556,Alta (Cardioprotectora),182
Tabla de Alimentos Preparados (S),S004,Bandeja paisa,,60.3,,884,11.7,11,15.3,13,2.3,1.7,32,1.5,282,,,1.2,,233,0.02,0,0,,,1,14,1.9,4.2,4.9,20,100,50.03327098,0,50.03327098,,,4.789473684,Alta (Cardioprotectora),212
Tabla de Alimentos Preparados (S),S005,"Bollo limpio, precocido",,62.4,,748,3.3,4.8,29.1,26.7,2.4,0.4,7,0.2,132,30,,0.4,15,125,0.02,0.03,1.6,,,0,5,0.5,0.7,1.4,,100,23.60755982,0,23.60755982,,,4.2,Alta (Cardioprotectora),178
Tabla de Alimentos Preparados (S),S006,"Carimañola, con queso, precocida",,45.8,,1231,5.8,17.4,28.6,,,2.3,,,,,,,,,,,,,,,,,,,,100,11.6,0,11.6,,,,,295
Tabla de Alimentos Preparados (S),S007,"Chicharrón de pirarucú, frito",,55.5,,909,22,10.3,8.7,7.9,0.8,3.5,24,1,1030,,,0.7,,220,1.75,0.02,0,,,0,15,1.9,2.9,5.5,8,100,60.60636999,0,60.60636999,,,4.421052632,Alta (Cardioprotectora),217
Tabla de Alimentos Preparados (S),S008,"Chili con carne, precocido",,71.6,,544,6.6,3.4,16.4,13.1,3.3,2,29,1.2,401,87,4,1.2,23,269,0.03,0.08,0.8,21,0.39,0,34,1.3,1.4,0.4,9,100,54.11052269,0,54.11052269,,,1.384615385,Baja (Proaterogénica),129
Tabla de Alimentos Preparados (S),S009,"Chocolate, en agua (50%) y leche de vaca entera (50%)",,82,,374,3.4,3.6,10.3,9.3,1,0.7,112,0.5,53,101,42,0.4,19,112,0.04,0.11,0.5,5,0.57,0,27,1.9,0.9,0.1,10,100,32.92137921,0,32.92137921,,,0.5263157895,Baja (Proaterogénica),89
Tabla de Alimentos Preparados (S),S010,Cuy asado,,49.9,,964,24.4,7.8,14.8,13.7,1.1,3.1,37,2.9,758,,,1.9,,245,0.33,0.02,0.2,,,1,485,3.2,2.1,2.4,94,78,131.8986023,0,131.8986023,,,1.40625,Baja (Proaterogénica),229
Tabla de Alimentos Preparados (S),S011,"Empanada de pipián, frita",,31.4,,1650,4.7,26.3,34.6,33.5,1.1,3,12,7.1,,13,,,,,0.05,0.08,1.1,,,0,7,,,,,100,54.47387057,0,54.47387057,,,,,396
Tabla de Alimentos Preparados (S),S012,"Envuelto de maíz mute, precocido",,66.1,,685,3.2,4.8,25.5,23.1,2.4,0.4,6,0.4,132,25,,0.4,60,125,0.02,0.33,1,,,0,5,0.5,0.7,1.4,,100,35.15603356,0,35.15603356,,,4.2,Alta (Cardioprotectora),163
Tabla de Alimentos Preparados (S),S013,"Envuelto de plátano maduro, precocido",,60.1,,672,1.6,0.1,37.6,37.3,0.3,0.6,7,0.6,,38,,,,,0.05,0.04,0.5,,,0,138,,,,,100,23.47655678,0,23.47655678,,,,,158
Tabla de Alimentos Preparados (S),S014,"Envuelto de yuca, precocido",,64.7,,597,0.6,0.1,34.3,,,0.3,12,0.1,,28,,,,,0.04,0.03,0.2,,,0,,,,,,100,2.678632479,0,2.678632479,,,,,141
Tabla de Alimentos Preparados (S),S015,Friche de chivo,,52.9,,1016,29.7,12.9,1.6,0.8,0.8,2.9,63,1.5,355,,,2.5,,315,0,0,0.1,,,1,24,3.3,3.6,5.8,7,68,85.91653547,0,85.91653547,,,2.848484848,Alta (Cardioprotectora),243
Tabla de Alimentos Preparados (S),S016,"Guacamole, crudo",,68.2,,763,0.1,12.7,16.3,14.6,1.7,2.6,10,0.4,137,33,2,0.3,19,371,0.09,0.12,1,14,0,11,,2.7,7.9,1.5,0,100,37.40253033,0,37.40253033,,,3.481481481,Alta (Cardioprotectora),184
Tabla de Alimentos Preparados (S),S017,"Hamburguesa de carne de res, regular, con vegetales y condimentos",,51,,1057,11.7,12.3,23.1,22,1.1,1.8,65,2.4,333,112,13,2.2,20,230,0.21,0.16,3.3,48,1,0,23,4.1,5,1.9,27,100,69.8729821,0,69.8729821,,,1.682926829,Baja (Proaterogénica),252
Tabla de Alimentos Preparados (S),S018,"Lechona tolimense, horneada",,53.8,,1011,21.8,12,10.2,7.3,2.9,2.2,20,1.6,452,,,1.8,,252,0.25,0.07,0.1,,,0,86,2,5,4.9,39,100,79.30175097,0,79.30175097,,,4.95,Alta (Cardioprotectora),242
Tabla de Alimentos Preparados (S),S019,Mazamorra chiquita,,77.9,,479,9.8,5,6.1,3.1,3,1.2,26,1.3,323,,,1.7,,145,0.27,0.03,0.1,,,1,9,2.3,1.7,1,201,100,44.73272543,0,44.73272543,,,1.173913043,Baja (Proaterogénica),115
Tabla de Alimentos Preparados (S),S020,Mote de queso,,79,,427,5.4,3.9,10.2,8,2.2,1.5,79,0.3,246,,,0.5,,220,0.05,0,0,,,1,17,1.9,0.8,1.2,9,100,34.08158366,0,34.08158366,,,1.052631579,Baja (Proaterogénica),102
Tabla de Alimentos Preparados (S),S021,Mute santandereano,,79.1,,470,8.1,6.1,5.4,3.5,1.9,1.3,28,0.9,155,,,1.2,,229,0,0.02,0.1,,,1,0,2.7,2.3,0.8,83,100,36.12301198,0,36.12301198,,,1.148148148,Baja (Proaterogénica),113
Tabla de Alimentos Preparados (S),S022,Pisillo de chigüiro,,54.6,,912,26,9.3,6.9,5.8,1.1,3.2,36,2.7,1070,,,4.7,,132,0,0,0,,,1,45,1.8,2.9,4.6,77,100,82.61742395,0,82.61742395,,,4.166666667,Alta (Cardioprotectora),218
Tabla de Alimentos Preparados (S),S023,Rundown,,68,,574,8.2,2.1,20.2,18.5,1.7,1.5,59,0.9,302,,,0.5,,220,0,0,0,,,0,9,1.1,0.5,0.4,20,97,37.69074117,0,37.69074117,,,0.8181818182,Baja (Proaterogénica),136
Tabla de Alimentos Preparados (S),S024,Sancocho de bagre,,73.3,,560,16.9,6.3,1.6,0.1,1.5,1.9,78,0.7,482,,,0.7,,322,0,0,0,,,0,57,2.6,1.1,2.6,68,100,62.23042891,0,62.23042891,,,1.423076923,Baja (Proaterogénica),134
Tabla de Alimentos Preparados (S),S025,Sancocho valluno de gallina,,74,,509,16.4,4,4.2,2.9,1.3,1.4,29,0.8,347,,,0.6,,352,0,0,0,,,1,47,0.4,1.1,2.6,1,93,57.94076585,0,57.94076585,,,9.25,Alta (Cardioprotectora),121
Tabla de Alimentos Preparados (S),S026,Sopa de arroz,,84.8,,287,3.7,2.2,8.4,,,0.9,9,1,,23,,0.2,7,116,0.01,0.05,0.3,,,0,6,0.4,0.6,0.3,,100,18.44928169,0,18.44928169,,,2.25,Alta (Cardioprotectora),68
Tabla de Alimentos Preparados (S),S027,Sopa de tortillas,,87.1,,237,1.7,1.1,9.3,8.1,1.2,0.8,4,0.7,167,10,,,,216,0.01,0.02,0.3,,,0,,0.2,0.2,0,4,100,16.47804016,0,16.47804016,,,1,Baja (Proaterogénica),56
Tabla de Alimentos Preparados (S),S028,Sudao de piangüa,,65.9,,760,18.4,10.6,2.7,1.6,1.1,2.4,42,8.4,658,,,1.2,,283,0,0.1,0,,,0,37,9,0.5,1.1,52,100,100.758395,0,100.758395,,,0.1777777778,Baja (Proaterogénica),182
Tabla de Alimentos Preparados (S),S029,"Tamal de maíz y guiso, cocido",,68.3,,712,3.5,8.8,17.7,14.5,3.2,1.7,20,0.5,277,66,,0.6,29,186,0.05,0.07,0.7,1,0,0,17,2.6,2.4,1.5,17,100,35.74590835,0,35.74590835,,,1.5,Baja (Proaterogénica),170
Tabla de Alimentos Preparados (S),S030,"Tamal de maíz, cocido",,64.3,,758,3.8,7.2,23.8,21,2.8,0.9,24,0.6,277,53,,0.6,29,186,0.01,0.05,0.4,1,0,0,12,2.6,2.4,1.5,17,100,35.22502923,0,35.22502923,,,1.5,Baja (Proaterogénica),181
Tabla de Alimentos Preparados (S),S031,"Tamal de pipián, cocido",,78.2,,358,2.2,0.8,17.1,,,1.7,4,2.1,,31,,,,,0.04,0.1,0.6,,,0,9,,,,,100,17.37435897,0,17.37435897,,,,,84
Tabla de Alimentos Preparados (S),S032,"Tamal tolimense, cocido",,72.6,,553,5.7,3.8,16.7,12.7,4,1.2,65,0.5,265,,,0.6,,131,0.13,0,0.1,,,0,119,0.8,1.3,1.6,26,100,49.47294833,0,49.47294833,,,3.625,Alta (Cardioprotectora),132
Tabla de Alimentos Preparados (S),S033,Viudo de bocachico,,73.5,,518,13.2,4.1,7.8,6.7,1.1,1.4,53,0.5,283,,,0.6,,203,0.1,0.02,0,,,0,14,1.2,0.8,2.2,8,76,43.05797677,0,43.05797677,,,2.5,Alta (Cardioprotectora),123
Tabla de Leguminosas y Derivados,T001,"Ajonjolí o sésamo, crudo",Semilla,4.1,,2684,20.4,52.2,18.2,6.5,11.8,5,975,12.7,11,636,0,6.8,353,464,0.79,0.2,4.8,97,0,0,2,,,,,100,346.8905944,0,346.8905944,,,,,646
Tabla de Leguminosas y Derivados,T002,"Arveja seca, cocida, sin sal",Semilla,68.4,,584,8.1,0.4,22.4,16.4,6,0.6,25,1.5,2,99,2,1,29,203,0.17,0.07,0.9,65,0,0,8,,,,,100,76.24778141,0,76.24778141,,,,,138
Tabla de Leguminosas y Derivados,T003,"Arveja seca, cruda",Semilla,12.4,,1581,23.9,1.1,60.2,46.3,13.9,2.4,60,4.6,15,346,7,3.5,119,945,0.78,0.16,3.1,274,0,2,22,,,,,100,249.2201803,0,249.2201803,,,,,374
Tabla de Leguminosas y Derivados,T004,"Bebida vegetal, de soya, líquida, sin azúcar",,92,,168,2.6,1.7,3.2,2.1,1.1,0.5,20,0.6,54,51,1,0.3,25,120,0.05,0.04,0.6,16,0.13,0,4,,,,,100,26.95038319,0,26.95038319,,,,,40
Tabla de Leguminosas y Derivados,T005,"Fríjol blanco, crudo",Semilla,12,,1575,21.3,1.1,61.8,46.7,15.1,3.8,133,6.2,15,361,1.6,3.7,184,1774,0.44,0.17,2,388,0,0,0,,,,,100,319.7579898,0,319.7579898,,,,,373
Tabla de Leguminosas y Derivados,T006,"Fríjol bola roja, crudo",Semilla,14.8,,1564,21.4,1.2,58.7,38.7,20,4,125,7.1,15,430,,2.8,142,1386,0.43,0.2,2.1,394,0,5,0,,,,,100,330.6428416,0,330.6428416,,,,,371
Tabla de Leguminosas y Derivados,T007,"Fríjol cabecita negra, crudo",Semilla,12.8,,1647,21.6,1.4,60.5,35.6,24.9,3.7,81,5.7,16,396,,3.5,178,1123,0.73,0.18,2.1,630,0,3,2,,,,,100,339.8561323,0,339.8561323,,,,,391
Tabla de Leguminosas y Derivados,T008,"Fríjol canavalia, crudo",Semilla,15.2,,1542,20.6,1.4,59.4,42.9,16.5,3.4,147,5.5,5,407,,3.5,175,1185,0.78,0.16,2.2,364,0,3,0,,,,,100,303.2045852,0,303.2045852,,,,,365
Tabla de Leguminosas y Derivados,T009,"Fríjol caraota o negro, crudo",Semilla,12.5,,1627,22.8,1.7,59,37.4,21.6,4,129,6.1,5,413,,2.7,171,1460,0.32,0.23,1.6,444,0,0,0,,,,,100,338.3329385,0,338.3329385,,,,,386
Tabla de Leguminosas y Derivados,T010,"Fríjol cargamanto rojo, cocido, sin sal",Semilla,63.3,,678,8.1,0.6,26.9,19.3,7.6,1.1,46,2.1,1,139,,1,52,442,0.21,0.06,0.4,172,0,1,0,,,,,100,124.4443042,0,124.4443042,,,,,161
Tabla de Leguminosas y Derivados,T011,"Fríjol cargamanto rojo, crudo",Semilla,11.9,,1628,22.6,1.5,60.4,40.6,19.8,3.4,119,5.3,10,424,2,2.6,176,1392,0.46,0.2,1.4,524,0,6,0,,,,,100,332.7010262,0,332.7010262,,,,,386
Tabla de Leguminosas y Derivados,T012,"Fríjol cargamanto rosado, crudo",Semilla,11.9,,1564,21,1.2,62.4,49.7,12.7,3.5,137,6.8,8,443,,2.5,182,1464,0.77,0.21,1.9,463,0,0,0,,,,,100,310.1556517,0,310.1556517,,,,,370
Tabla de Leguminosas y Derivados,T013,"Fríjol guandul, crudo",Semilla,14,,1547,19.5,1.4,61.4,46.4,15,3.7,119,5.2,17,346,,2.8,183,1392,0.61,0.19,2,456,0,4,9,,,,,100,309.2470579,0,309.2470579,,,,,366
Tabla de Leguminosas y Derivados,T014,"Fríjol mungo, crudo",Semilla,11.5,,1585,23.9,1.1,59.2,43,16.3,4.2,89,6,12,360,,2.7,150,1250,0.36,0.26,2.1,140,0,4,4,,,,,100,248.3926922,0,248.3926922,,,,,375
Tabla de Leguminosas y Derivados,T015,"Fríjol nima, crudo",Semilla,14.8,,1560,19.4,1.2,61.1,42.7,18.4,3.5,155,8,,344,,2.9,210,1352,0.38,0.12,4,,0,2,2,,,,,100,242.092209,0,242.092209,,,,,370
Tabla de Leguminosas y Derivados,T016,"Fríjol radical, crudo",Semilla,12.4,,1650,22.9,1.3,59.7,34.9,24.8,3.7,120,5.3,6,418,,3.5,156,1332,0.69,0.2,1.5,604,0,2,0,,,,,100,340.7521471,0,340.7521471,,,,,392
Tabla de Leguminosas y Derivados,T017,"Fríjol sangretoro, crudo",Semilla,13.5,,1563,23.5,1.3,57.9,41.5,16.4,3.8,140,5.4,12,415,,2.7,138,1359,0.41,0.18,1.8,394,0,3,1,,,,,100,310.0571403,0,310.0571403,,,,,370
Tabla de Leguminosas y Derivados,T018,"Garbanzo, cocido, sin sal",Semilla,61.7,,783,8.6,2.3,26,12.4,13.6,1.4,51,2.6,7,73,0.2,1.4,49,319,0.12,0.06,0.6,152,0,1,2,,,,,100,141.926184,0,141.926184,,,,,187
Tabla de Leguminosas y Derivados,T019,"Garbanzo, crudo",Semilla,13,,1656,19.9,5.5,58.8,44.4,14.3,2.8,120,6.4,30,300,1.5,3.1,127,1048,0.48,0.22,1.4,557,0,4,3,,,,,100,292.9714987,0,292.9714987,,,,,393
Tabla de Leguminosas y Derivados,T020,"Haba seca, cruda",Semilla,14,,1649,25.8,1.8,55.5,30.5,25,2.9,101,6.2,12,420,2,3.1,191,1076,0.61,0.31,2.5,423,0,2,4,,,,,100,354.1358637,0,354.1358637,,,,,391
Tabla de Leguminosas y Derivados,T021,"Harina de algarrobo, cruda",,3.6,,1916,4.6,1.6,85.8,46,39.8,4.3,37,2.9,35,79,,0.9,54,830,0.05,0.46,1.9,29,0,0,1,,,,,100,166.0350934,0,166.0350934,,,,,456
Tabla de Leguminosas y Derivados,T022,"Harina de fríjol mungo, cruda",,5.5,,1574,29,0.8,61.7,,,2.8,,,,,,,,,,,,,0,,,,,,,100,58,0,58,,,,,371
Tabla de Leguminosas y Derivados,T023,"Harina de garbanzo, cruda",,10.2,,1699,22.4,6.7,57.9,47.1,10.8,2.8,45,4.9,64,325,,2.8,166,846,0.49,0.11,1.8,437,0,0,25,,,,,100,274.3567766,0,274.3567766,,,,,403
Tabla de Leguminosas y Derivados,T024,"Harina de soya, con grasa, cruda",,7.8,,1992,36.6,22.3,27.5,17.9,9.6,5.8,207,7.2,9,502,0.8,3.9,246,1758,0.68,0.28,3.2,345,0,0,5,,,,,100,346.1900307,0,346.1900307,,,,,476
Tabla de Leguminosas y Derivados,T025,"Lenteja común, cocida, sin sal",Semilla,72.7,,515,7.7,0.5,18.5,12,6.5,0.7,14,1.7,6,98,1.5,1.1,21,204,0.28,0.07,1,33,0,3,5,,,,,100,70.61496766,0,70.61496766,,,,,122
Tabla de Leguminosas y Derivados,T026,"Lenteja común, cruda",Semilla,12.6,,1634,23.1,0.9,61,39.7,21.3,2.4,51,7.2,27,370,1.6,3.6,83,771,0.5,0.18,1.8,172,0,3,2,,,,,100,248.9162211,0,248.9162211,,,,,387
Tabla de Leguminosas y Derivados,T027,"Lenteja real, cruda",Semilla,11.8,,1650,25.3,1.1,59.3,37.8,21.5,2.5,60,6.9,6,270,1.6,4.1,47,677,0.76,0.28,2.5,479,0,4,2,,,,,100,300.5958304,0,300.5958304,,,,,391
Tabla de Leguminosas y Derivados,T028,"Maní, con piel, crudo",Semilla,6.5,,2568,27.3,47.8,15.8,7.5,8.3,2.6,62,3.3,18,407,20,3.3,168,697,0.66,0.13,16,240,0,0,1,,,,,100,222.2863196,0,222.2863196,,,,,619
Tabla de Leguminosas y Derivados,T029,"Maní, con piel, tostado, sin sal",Semilla,1.8,,2695,25.9,50.4,19.2,11.4,7.8,2.7,53,1.8,6,410,19,3.3,181,709,0.18,0.12,17,68,0,0,0,,,,,98,168.9144104,0,168.9144104,,,,,650
Tabla de Leguminosas y Derivados,T030,"Soya, cruda",Semilla,9.3,,2003,36.5,20.7,28.8,13.1,15.7,4.6,263,8.9,4,694,10,4.4,266,1830,0.77,0.75,2,373,0,9,2,,,,,100,404.488368,0,404.488368,,,,,479
Tabla de Leguminosas y Derivados,T031,"Soya, tostada",Semilla,2,,2250,38.5,25.4,30.2,12.5,17.7,3.9,138,3.9,4,363,,3.1,145,1470,0.1,0.14,1.4,211,0,2,0,,,,,100,293.2689645,0,293.2689645,,,,,539
Tabla de Leguminosas y Derivados,T032,"Tofu, crudo",,73,,593,17.4,7.7,0.5,0.2,0.3,1.4,191,1.2,17,214,1,1.8,35,193,0.05,0.14,0.5,29,1.51,0,0,,,,,100,76.92011924,0,76.92011924,,,,,142