recipe_id,recipe_title,ingredient_id,original_text,clean_text,ingredient_name_clean,unit_clean,quantity_original,quantity_value,unit_extracted,ingredient_extracted,preparation_state,metric_equivalent_value,metric_equivalent_unit,ingredient_standardized,metric_quantity_value,metric_quantity_unit,conversion_method
86af61e4-e16a-11ed-9591-a96d6180cd25,Arepas de Queso,5,Sal,sal,sal,,1,1.0,unidad,sal,,,,sal,,,sin_conversion
86af61e6-e16a-11ed-bcf5-a96d6180cd25,Sancocho Trifásico,2,1 pimientón rojo finamente picado,1 pimienton rojo finamente picado,pimienton rojo finamente picado,,1,1.0,unidad,pimienton rojo,finamente picado,,,pimienton rojo,,,sin_conversion
86af61e6-e16a-11ed-bcf5-a96d6180cd25,Sancocho Trifásico,5,Un cuarto de cucharadita de achiote,un cuarto de cucharadita de achiote,un cuarto de cucharadita de achiote,,1,1.0,unidad,cuarto de cucharadita de achiote,,,,achiote,,,sin_conversion
86af61e6-e16a-11ed-bcf5-a96d6180cd25,Sancocho Trifásico,6,3 mazorcas de maíz cortado en 3 piezas,3 mazorcas de maiz cortado en 3 piezas,mazorcas de maiz cortado en 3 piezas,,3,3.0,unidad,mazorcas de maiz en 3 piezas,cortado,,,mazorca de maiz en 3 pieza,,,sin_conversion
86af61e6-e16a-11ed-bcf5-a96d6180cd25,Sancocho Trifásico,14,Un cuarto de taza de cilantro fresco picado,un cuarto de taza de cilantro fresco picado,un cuarto de taza de cilantro fresco picado,,1,1.0,unidad,cuarto de taza de cilantro,fresco picado,,,cilantro,,,sin_conversion
86af61e6-e16a-11ed-bcf5-a96d6180cd25,Sancocho Trifásico,15,Un cuarto de cucharadita de pimienta molida,un cuarto de cucharadita de pimienta molida,un cuarto de cucharadita de pimienta molida,,1,1.0,unidad,cuarto de cucharadita de pimienta,molida,,,cuarto de cucharadita de pimienta,,,sin_conversion
86af61e7-e16a-11ed-8914-a96d6180cd25,Sudado de Posta o Muchacho,1,"1 posta o muchacho de 3 a 4 libras, cortada en rodajas gruesas","1 posta o muchacho de 3 a 4 libras, cortada en rodajas gruesas","posta o muchacho de 3 a 4 libras, cortada en rodajas gruesas",,1,1.0,unidad,"posta o muchacho de 3 a 4 libras, gruesas",cortada en rodajas,,,posta o muchacho de 3 a 4 libra gruesa,,,sin_conversion
86af61e7-e16a-11ed-8914-a96d6180cd25,Sudado de Posta o Muchacho,8,Sal y pimienta al gusto,sal y pimienta al gusto,sal y pimienta al gusto,,1,1.0,unidad,sal y pimienta,,,,sal y pimienta,,,sin_conversion
86af61e7-e16a-11ed-8914-a96d6180cd25,Sudado de Posta o Muchacho,11,Cilantro fresco,cilantro fresco,cilantro fresco,,1,1.0,unidad,cilantro,fresco,,,cilantro,,,sin_conversion
86af71bd-e16a-11ed-be2a-a96d6180cd25,Camarones con Salsa de Cilantro,7,2 cebollas largas picadas,2 cebollas largas picadas,cebollas largas picadas,,2,2.0,unidad,cebollas largas,picadas,,,cebolla larga,,,sin_conversion
86af71bd-e16a-11ed-be2a-a96d6180cd25,Camarones con Salsa de Cilantro,9,Sal y pimienta al gusto,sal y pimienta al gusto,sal y pimienta al gusto,,1,1.0,unidad,sal y pimienta,,,,sal y pimienta,,,sin_conversion
86af71be-e16a-11ed-afa4-a96d6180cd25,Bistec a la Criolla,6,Sal y pimienta negra,sal y pimienta negra,sal y pimienta negra,,1,1.0,unidad,sal y pimienta negra,,,,sal y pimienta negra,,,sin_conversion
86af71bf-e16a-11ed-b6df-a96d6180cd25,Arepas de Yuca,5,Un cuarto de taza de queso mozzarella rallado o queso blanco,un cuarto de taza de queso mozzarella rallado o queso blanco,un cuarto de taza de queso mozzarella rallado o queso blanco,,1,1.0,unidad,cuarto de taza de queso mozzarella o queso blanco,rallado,,,queso mozzarella,,,sin_conversion
86af71bf-e16a-11ed-b6df-a96d6180cd25,Arepas de Yuca,6,Sal al gusto,sal al gusto,sal al gusto,,1,1.0,unidad,sal,,,,sal,,,sin_conversion
86af71bf-e16a-11ed-b6df-a96d6180cd25,Arepas de Yuca,7,Mantequilla para cocinar las arepas,mantequilla para cocinar las arepas,mantequilla para cocinar las arepas,,1,1.0,unidad,mantequilla para cocinar las arepas,,,,mantequilla para cocinar las arepa,,,sin_conversion
86af71c0-e16a-11ed-924d-a96d6180cd25,Sopa de Lentejas con Carne,3,Sal y pimienta al gusto,sal y pimienta al gusto,sal y pimienta al gusto,,1,1.0,unidad,sal y pimienta,,,,sal y pimienta,,,sin_conversion
86af71c1-e16a-11ed-9673-a96d6180cd25,Bistec Encebollado,3,Aceite de oliva,aceite de oliva,aceite de oliva,,1,1.0,unidad,aceite de oliva,,,,aceite de oliva,,,sin_conversion
86af71c1-e16a-11ed-9673-a96d6180cd25,Bistec Encebollado,6,Sal y pimienta,sal y pimienta,sal y pimienta,,1,1.0,unidad,sal y pimienta,,,,sal y pimienta,,,sin_conversion
86af71c1-e16a-11ed-9673-a96d6180cd25,Bistec Encebollado,9,1 to mate finamente picado,1 to mate finamente picado,to mate finamente picado,,1,1.0,unidad,to mate,finamente picado,,,to mate,,,sin_conversion
86af71c2-e16a-11ed-a792-a96d6180cd25,Arepa de Huevo,5,Aceite vegetal para freír,aceite vegetal para freir,aceite vegetal para freir,,1,1.0,unidad,aceite vegetal para freir,,,,aceite vegetal,,,sin_conversion
86af71c3-e16a-11ed-aeb2-a96d6180cd25,Pescado Aborrajado,5,Sal y pimienta,sal y pimienta,sal y pimienta,,1,1.0,unidad,sal y pimienta,,,,sal y pimienta,,,sin_conversion
86af71c3-e16a-11ed-aeb2-a96d6180cd25,Pescado Aborrajado,6,4 filetes de bacalao o trucha,4 filetes de bacalao o trucha,filetes de bacalao o trucha,,4,4.0,unidad,bacalao o trucha,filetes,,,bacalao o trucha,,,sin_conversion
86af71c3-e16a-11ed-aeb2-a96d6180cd25,Pescado Aborrajado,7,Sal y pimienta,sal y pimienta,sal y pimienta,,1,1.0,unidad,sal y pimienta,,,,sal y pimienta,,,sin_conversion
86af71c3-e16a-11ed-aeb2-a96d6180cd25,Pescado Aborrajado,9,Aceite vegetal o de canola para cocinar el pescado,aceite vegetal o de canola para cocinar el pescado,aceite vegetal o de canola para cocinar el pescado,,1,1.0,unidad,aceite vegetal o de canola para cocinar el pescado,,,,aceite vegetal,,,sin_conversion
86af71c4-e16a-11ed-9cbf-a96d6180cd25,Estofado de Res,7,Sal,sal,sal,,1,1.0,unidad,sal,,,,sal,,,sin_conversion
86af71c4-e16a-11ed-9cbf-a96d6180cd25,Estofado de Res,9,1 hoja de laurel,1 hoja de laurel,laurel,hoja,1,1.0,hoja,laurel,,,,laurel,,,sin_conversion
86af71c5-e16a-11ed-bdfb-a96d6180cd25,Capón Relleno,1,1 muchacho posta o capón de 3 a 4 libras entero,1 muchacho posta o capon de 3 a 4 libras entero,muchacho posta o capon de 3 a 4 libras entero,,1,1.0,unidad,muchacho posta o capon de 3 a 4 libras entero,,,,muchacho posta o capon de 3 a 4 libra entero,,,sin_conversion
86af71c5-e16a-11ed-bdfb-a96d6180cd25,Capón Relleno,4,2 cebollas largas,2 cebollas largas,cebollas largas,,2,2.0,unidad,cebollas largas,,,,cebolla larga,,,sin_conversion
86af71c5-e16a-11ed-bdfb-a96d6180cd25,Capón Relleno,5,Sal y pimienta,sal y pimienta,sal y pimienta,,1,1.0,unidad,sal y pimienta,,,,sal y pimienta,,,sin_conversion
86af71c5-e16a-11ed-bdfb-a96d6180cd25,Capón Relleno,8,3 huevos cocinados duros,3 huevos cocinados duros,huevos cocinados duros,,3,3.0,unidad,huevos cocinados duros,,,,huevo cocinado duro,,,sin_conversion
86af71c6-e16a-11ed-abc5-a96d6180cd25,Bistec a Caballo,7,Sal y pimienta al gusto,sal y pimienta al gusto,sal y pimienta al gusto,,1,1.0,unidad,sal y pimienta,,,,sal y pimienta,,,sin_conversion
86af71c6-e16a-11ed-abc5-a96d6180cd25,Bistec a Caballo,10,4 huevos fritos,4 huevos fritos,huevos fritos,,4,4.0,unidad,huevos fritos,,,,huevo frito,,,sin_conversion
86af71c7-e16a-11ed-8664-a96d6180cd25,Sopa de Lentejas y Pollo,3,3 cebollas largas picadas,3 cebollas largas picadas,cebollas largas picadas,,3,3.0,unidad,cebollas largas,picadas,,,cebolla larga,,,sin_conversion
86af71c7-e16a-11ed-8664-a96d6180cd25,Sopa de Lentejas y Pollo,5,Sal y pimienta al gusto,sal y pimienta al gusto,sal y pimienta al gusto,,1,1.0,unidad,sal y pimienta,,,,sal y pimienta,,,sin_conversion
86af71c7-e16a-11ed-8664-a96d6180cd25,Sopa de Lentejas y Pollo,11,2 pechugas de pollo grande deshuesadas y sin piel,2 pechugas de pollo grande deshuesadas y sin piel,pechugas de pollo grande deshuesadas y sin piel,,2,2.0,unidad,pechugas de pollo deshuesadas y,grande sin piel,,,pechuga de pollo deshuesada,,,sin_conversion
86af71c8-e16a-11ed-a535-a96d6180cd25,Cazuela de Mariscos Colombiana,8,1 pastilla de caldo de pescado,1 pastilla de caldo de pescado,pastilla de caldo de pescado,,1,1.0,pastilla,caldo de pescado,,,,caldo de pescado,,,sin_conversion
86af71c8-e16a-11ed-a535-a96d6180cd25,Cazuela de Mariscos Colombiana,11,"1 lata 13,5 oz de leche de coco","1 lata 13,5 oz de leche de coco","13,5 oz de leche de coco",lata,1,1.0,lata,"13,5 oz de leche de coco",,,,13 5 oz de leche de coco,,,sin_conversion
86af71c8-e16a-11ed-a535-a96d6180cd25,Cazuela de Mariscos Colombiana,14,12 almejas littleneck limpias,12 almejas littleneck limpias,almejas littleneck limpias,,12,12.0,unidad,almejas littleneck limpias,,,,almeja littleneck,,,sin_conversion
86af71c9-e16a-11ed-bf34-a96d6180cd25,Arroz Atollado de Pollo y Chorizo,6,5 cebollas largas picadas,5 cebollas largas picadas,cebollas largas picadas,,5,5.0,unidad,cebollas largas,picadas,,,cebolla larga,,,sin_conversion
86af71c9-e16a-11ed-bf34-a96d6180cd25,Arroz Atollado de Pollo y Chorizo,8,1 pimentón rojo pequeño cortado en cubitos,1 pimenton rojo pequeno cortado en cubitos,pimenton rojo pequeno cortado en cubitos,,1,1.0,unidad,pimenton rojo,pequeno cortado en cubitos,,,pimenton,,,sin_conversion
86af71c9-e16a-11ed-bf34-a96d6180cd25,Arroz Atollado de Pollo y Chorizo,10,Sal al gusto,sal al gusto,sal al gusto,,1,1.0,unidad,sal,,,,sal,,,sin_conversion
86af71c9-e16a-11ed-bf34-a96d6180cd25,Arroz Atollado de Pollo y Chorizo,12,Pimienta molida fresca,pimienta molida fresca,pimienta molida fresca,,1,1.0,unidad,pimienta,molida fresca,,,pimienta,,,sin_conversion
86af71c9-e16a-11ed-bf34-a96d6180cd25,Arroz Atollado de Pollo y Chorizo,14,2 chorizos desmenuzados,2 chorizos desmenuzados,chorizos desmenuzados,,2,2.0,unidad,chorizos desmenuzados,,,,chorizo desmenuzado,,,sin_conversion
86af71ca-e16a-11ed-8ad2-a96d6180cd25,Cazuela de Pollo y Coco,3,1 pimentón rojo pequeño picado,1 pimenton rojo pequeno picado,pimenton rojo pequeno picado,,1,1.0,unidad,pimenton rojo,pequeno picado,,,pimenton,,,sin_conversion
86af71ca-e16a-11ed-8ad2-a96d6180cd25,Cazuela de Pollo y Coco,4,2 cebollas largas picadas,2 cebollas largas picadas,cebollas largas picadas,,2,2.0,unidad,cebollas largas,picadas,,,cebolla larga,,,sin_conversion
86af71ca-e16a-11ed-8ad2-a96d6180cd25,Cazuela de Pollo y Coco,12,2 mazorcas de maíz cortadas en trozos o granos,2 mazorcas de maiz cortadas en trozos o granos,mazorcas de maiz cortadas en trozos o granos,,2,2.0,unidad,mazorcas de maiz o granos,cortadas en trozos,,,mazorca de maiz o grano,,,sin_conversion
86af71ca-e16a-11ed-8ad2-a96d6180cd25,Cazuela de Pollo y Coco,16,Sal y pimienta al gusto,sal y pimienta al gusto,sal y pimienta al gusto,,1,1.0,unidad,sal y pimienta,,,,sal y pimienta,,,sin_conversion
86af71ca-e16a-11ed-8ad2-a96d6180cd25,Cazuela de Pollo y Coco,17,Cilantro fresco picado para servir,cilantro fresco picado para servir,cilantro fresco picado para servir,,1,1.0,unidad,cilantro para servir,fresco picado,,,cilantro,,,sin_conversion
86af71cb-e16a-11ed-bab4-a96d6180cd25,Sopa de Arroz y Frijoles,8,Sal y pimienta a su gusto,sal y pimienta a su gusto,sal y pimienta a su gusto,,1,1.0,unidad,sal y pimienta a su gusto,,,,sal y pimienta a su gusto,,,sin_conversion
86af71cb-e16a-11ed-bab4-a96d6180cd25,Sopa de Arroz y Frijoles,9,Cilantro fresco,cilantro fresco,cilantro fresco,,1,1.0,unidad,cilantro,fresco,,,cilantro,,,sin_conversion
86af71cb-e16a-11ed-bab4-a96d6180cd25,Sopa de Arroz y Frijoles,10,Chorizo cocido para servir opcional,chorizo cocido para servir opcional,chorizo cocido para servir opcional,,1,1.0,unidad,chorizo para servir,cocido,,,chorizo para servir,,,sin_conversion
86af71cc-e16a-11ed-8af4-a96d6180cd25,Sopa de Arroz con Carne en Polvo,10,Sal y pimienta al gusto,sal y pimienta al gusto,sal y pimienta al gusto,,1,1.0,unidad,sal y pimienta,,,,sal y pimienta,,,sin_conversion
86af71cc-e16a-11ed-8af4-a96d6180cd25,Sopa de Arroz con Carne en Polvo,12,Carne en polvo ver receta aquí,carne en polvo ver receta aqui,carne en polvo ver receta aqui,,1,1.0,unidad,carne en polvo ver receta aqui,,,,carne en polvo ver receta aqui,,,sin_conversion
86af71cd-e16a-11ed-b708-a96d6180cd25,Sopa de Arroz con Pollo,3,1 tableta de caldo de pollo,1 tableta de caldo de pollo,tableta de caldo de pollo,,1,1.0,unidad,tableta de caldo de pollo,,,,caldo de pollo,,,sin_conversion
86af71ce-e16a-11ed-b2f6-a96d6180cd25,Sopa de Patacón,7,Sal y pimienta al gusto,sal y pimienta al gusto,sal y pimienta al gusto,,1,1.0,unidad,sal y pimienta,,,,sal y pimienta,,,sin_conversion
86af71ce-e16a-11ed-b2f6-a96d6180cd25,Sopa de Patacón,9,Un cuarto de cucharadita de achiote,un cuarto de cucharadita de achiote,un cuarto de cucharadita de achiote,,1,1.0,unidad,cuarto de cucharadita de achiote,,,,achiote,,,sin_conversion
86af71ce-e16a-11ed-b2f6-a96d6180cd25,Sopa de Patacón,10,12 patacones cocidos tostones (Mira la receta aquí),12 patacones cocidos tostones mira la receta aqui,patacones cocidos tostones mira la receta aqui,,12,12.0,unidad,patacones cocidos tostones,,,,patacon toston,,,sin_conversion
86af71ce-e16a-11ed-b2f6-a96d6180cd25,Sopa de Patacón,11,Cilantro fresco para adornar,cilantro fresco para adornar,cilantro fresco para adornar,,1,1.0,unidad,cilantro para adornar,fresco,,,cilantro,,,sin_conversion
86af71cf-e16a-11ed-ac0d-a96d6180cd25,Sancocho de Gallina o Valluno,1,3 ears fresh corn cut into 3 pieces,3 ears fresh corn cut into 3 pieces,ears fresh corn cut into 3 pieces,,3,3.0,unidad,ears fresh corn cut into 3 pieces,,,,ears fresh corn cut into 3 piec,,,sin_conversion
86af71cf-e16a-11ed-ac0d-a96d6180cd25,Sancocho de Gallina o Valluno,2,12 cups of water,12 cups of water,cups of water,,12,12.0,unidad,cups of water,,,,cups of water,,,sin_conversion
86af71cf-e16a-11ed-ac0d-a96d6180cd25,Sancocho de Gallina o Valluno,3,½ cup aliños,1/2 cup alinos,cup alinos,,1/2,0.5,unidad,cup alinos,,,,cup alino,,,sin_conversion
86af71cf-e16a-11ed-ac0d-a96d6180cd25,Sancocho de Gallina o Valluno,4,1 big whole chicken,1 big whole chicken,big whole chicken,,1,1.0,unidad,big whole chicken,,,,big whole chicken,,,sin_conversion
86af71cf-e16a-11ed-ac0d-a96d6180cd25,Sancocho de Gallina o Valluno,5,1 teaspoon salt,1 teaspoon salt,teaspoon salt,,1,1.0,unidad,teaspoon salt,,,,teaspoon salt,,,sin_conversion
86af71cf-e16a-11ed-ac0d-a96d6180cd25,Sancocho de Gallina o Valluno,6,2 green plantains peeled and cut crosswise into 2 inch pieces,2 green plantains peeled and cut crosswise into 2 inch pieces,green plantains peeled and cut crosswise into 2 inch pieces,,2,2.0,unidad,green plantains peeled and cut crosswise into 2 inch pieces,,,,green plantain peeled and cut crosswise into 2 inch piec,,,sin_conversion
86af71cf-e16a-11ed-ac0d-a96d6180cd25,Sancocho de Gallina o Valluno,7,2 chicken bouillon cubes,2 chicken bouillon cubes,chicken bouillon cubes,,2,2.0,unidad,chicken bouillon cubes,,,,chicken bouillon cub,,,sin_conversion
86af71cf-e16a-11ed-ac0d-a96d6180cd25,Sancocho de Gallina o Valluno,8,6 medium white potatoes peeled and cut in half,6 medium white potatoes peeled and cut in half,medium white potatoes peeled and cut in half,,6,6.0,unidad,medium white potatoes peeled and cut in half,,,,medium white potato peeled and cut in half,,,sin_conversion
86af71cf-e16a-11ed-ac0d-a96d6180cd25,Sancocho de Gallina o Valluno,9,1 pound frozen yuca cut into big pieces,1 pound frozen yuca cut into big pieces,pound frozen yuca cut into big pieces,,1,1.0,unidad,pound frozen yuca cut into big pieces,,,,yuca,,,sin_conversion
86af71cf-e16a-11ed-ac0d-a96d6180cd25,Sancocho de Gallina o Valluno,10,¼ cup chopped fresh cilantro,1/4 cup chopped fresh cilantro,cup chopped fresh cilantro,,1/4,0.25,unidad,cup chopped fresh cilantro,,,,cilantro,,,sin_conversion
86af71cf-e16a-11ed-ac0d-a96d6180cd25,Sancocho de Gallina o Valluno,11,¼ teaspoon ground pepper,1/4 teaspoon ground pepper,teaspoon ground pepper,,1/4,0.25,unidad,teaspoon ground pepper,,,,teaspoon ground pepper,,,sin_conversion
86af71d0-e16a-11ed-b080-a96d6180cd25,Sopa de Verduras,4,1 hoja de laurel,1 hoja de laurel,laurel,hoja,1,1.0,hoja,laurel,,,,laurel,,,sin_conversion
86af71d0-e16a-11ed-b080-a96d6180cd25,Sopa de Verduras,8,Sal y pimienta al gusto,sal y pimienta al gusto,sal y pimienta al gusto,,1,1.0,unidad,sal y pimienta,,,,sal y pimienta,,,sin_conversion
86af71d1-e16a-11ed-8c60-a96d6180cd25,Crema de Mazorca,1,4 mazorcas de maíz desgranadas,4 mazorcas de maiz desgranadas,mazorcas de maiz desgranadas,,4,4.0,unidad,mazorcas de maiz desgranadas,,,,mazorca de maiz desgranada,,,sin_conversion
86af71d1-e16a-11ed-8c60-a96d6180cd25,Crema de Mazorca,3,2 cubitos de caldo de pollo o vegetales,2 cubitos de caldo de pollo o vegetales,cubitos de caldo de pollo o vegetales,,2,2.0,unidad,caldo de pollo o vegetales,cubitos,,,caldo de pollo,,,sin_conversion
86af71d2-e16a-11ed-926d-a96d6180cd25,Sopa de Mondongo Colombiano,2,El jugo de 1 limón,el jugo de 1 limon,el jugo de 1 limon,,1,1.0,unidad,el jugo de 1 limon,,,,jugo de 1 limon,,,sin_conversion
86af71d2-e16a-11ed-926d-a96d6180cd25,Sopa de Mondongo Colombiano,5,3 chorizos colombianos en rodajas,3 chorizos colombianos en rodajas,chorizos colombianos en rodajas,,3,3.0,unidad,chorizos colombianos,en rodajas,,,chorizo colombiano,,,sin_conversion
86af71d2-e16a-11ed-926d-a96d6180cd25,Sopa de Mondongo Colombiano,7,2 cebollas largas picadas,2 cebollas largas picadas,cebollas largas picadas,,2,2.0,unidad,cebollas largas,picadas,,,cebolla larga,,,sin_conversion
86af71d2-e16a-11ed-926d-a96d6180cd25,Sopa de Mondongo Colombiano,11,Sal y pimienta,sal y pimienta,sal y pimienta,,1,1.0,unidad,sal y pimienta,,,,sal y pimienta,,,sin_conversion
86af71d2-e16a-11ed-926d-a96d6180cd25,Sopa de Mondongo Colombiano,16,Agua,agua,agua,,1,1.0,unidad,agua,,,,agua,,,sin_conversion
86af71d3-e16a-11ed-ab35-a96d6180cd25,Crema de Aguacate,5,2 aguacates maduros pelados y machacados,2 aguacates maduros pelados y machacados,aguacates maduros pelados y machacados,,2,2.0,unidad,aguacates maduros pelados y machacados,,,,aguacat maduro y machacado,,,sin_conversion
86af71d3-e16a-11ed-ab35-a96d6180cd25,Crema de Aguacate,9,Sal y Pimienta,sal y pimienta,sal y pimienta,,1,1.0,unidad,sal y pimienta,,,,sal y pimienta,,,sin_conversion
86af71d4-e16a-11ed-89c3-a96d6180cd25,Changua,5,3 cebollas largas picadas,3 cebollas largas picadas,cebollas largas picadas,,3,3.0,unidad,cebollas largas,picadas,,,cebolla larga,,,sin_conversion
86af71d4-e16a-11ed-89c3-a96d6180cd25,Changua,6,Sal y pimienta,sal y pimienta,sal y pimienta,,1,1.0,unidad,sal y pimienta,,,,sal y pimienta,,,sin_conversion
86af71d4-e16a-11ed-89c3-a96d6180cd25,Changua,7,Pan con mantequilla para servir,pan con mantequilla para servir,pan con mantequilla para servir,,1,1.0,unidad,pan con mantequilla para servir,,,,pan con mantequilla para servir,,,sin_conversion
86af71d5-e16a-11ed-82c9-a96d6180cd25,Caldo de Pollo con Papa,1,2 grandes pechugas de pollo con hueso,2 grandes pechugas de pollo con hueso,grandes pechugas de pollo con hueso,,2,2.0,unidad,grandes pechugas de pollo con hueso,,,,pechuga de pollo con hueso,,,sin_conversion
86af71d5-e16a-11ed-82c9-a96d6180cd25,Caldo de Pollo con Papa,6,6 cebollas largas picadas,6 cebollas largas picadas,cebollas largas picadas,,6,6.0,unidad,cebollas largas,picadas,,,cebolla larga,,,sin_conversion
86af71d5-e16a-11ed-82c9-a96d6180cd25,Caldo de Pollo con Papa,9,Sal y pimienta al gusto,sal y pimienta al gusto,sal y pimienta al gusto,,1,1.0,unidad,sal y pimienta,,,,sal y pimienta,,,sin_conversion
86af71d6-e16a-11ed-b120-a96d6180cd25,Crema de Alcachofas,1,4 corazones grandes de alcachofas congeladas o frescas,4 corazones grandes de alcachofas congeladas o frescas,corazones grandes de alcachofas congeladas o frescas,,4,4.0,unidad,corazones grandes de alcachofas congeladas o frescas,,,,corazon de alcachofa congelada,,,sin_conversion
86af71d6-e16a-11ed-b120-a96d6180cd25,Crema de Alcachofas,7,Sal y pimienta al gusto,sal y pimienta al gusto,sal y pimienta al gusto,,1,1.0,unidad,sal y pimienta,,,,sal y pimienta,,,sin_conversion
86af71d7-e16a-11ed-a966-a96d6180cd25,Arroz con Camarones,6,1 to mate mediano picado,1 to mate mediano picado,to mate mediano picado,,1,1.0,unidad,to mate,mediano picado,,,to mate,,,sin_conversion
86af71d7-e16a-11ed-a966-a96d6180cd25,Arroz con Camarones,9,1 tableta de caldo de pescado,1 tableta de caldo de pescado,tableta de caldo de pescado,,1,1.0,unidad,tableta de caldo de pescado,,,,tableta de caldo de pescado,,,sin_conversion
86af71d7-e16a-11ed-a966-a96d6180cd25,Arroz con Camarones,17,Sal y pimienta,sal y pimienta,sal y pimienta,,1,1.0,unidad,sal y pimienta,,,,sal y pimienta,,,sin_conversion
86af71d8-e16a-11ed-9747-a96d6180cd25,Arroz Atollado,8,1 y ½ tazas de cebolla larga picada,1 y 1/2 tazas de cebolla larga picada,y 1/2 tazas de cebolla larga picada,,1,1.0,unidad,y 1/2 tazas de cebolla larga,picada,,,cebolla larga,,,sin_conversion
86af71d8-e16a-11ed-9747-a96d6180cd25,Arroz Atollado,16,1 y ½ tazas de arroz blanco,1 y 1/2 tazas de arroz blanco,y 1/2 tazas de arroz blanco,,1,1.0,unidad,y 1/2 tazas de arroz blanco,,,,1 2 taza de arroz,,,sin_conversion
86af71d8-e16a-11ed-9747-a96d6180cd25,Arroz Atollado,19,2 chorizos o salchicha ahumada cortdos en rodajas,2 chorizos o salchicha ahumada cortdos en rodajas,chorizos o salchicha ahumada cortdos en rodajas,,2,2.0,unidad,chorizos o salchicha ahumada cortdos,en rodajas,,,chorizo o salchicha ahumada cortdo,,,sin_conversion
86af71d8-e16a-11ed-9747-a96d6180cd25,Arroz Atollado,20,Cilantro fresco picado para decorar,cilantro fresco picado para decorar,cilantro fresco picado para decorar,,1,1.0,unidad,cilantro,fresco picado,,,cilantro,,,sin_conversion
86af71d9-e16a-11ed-af2b-a96d6180cd25,Pescado Frito Colombiano,1,2 tilapias pequeñas o pargo rojo limpios,2 tilapias pequenas o pargo rojo limpios,tilapias pequenas o pargo rojo limpios,,2,2.0,unidad,tilapias pequenas o pargo rojo limpios,,,,tilapia o pargo,,,sin_conversion
86af71d9-e16a-11ed-af2b-a96d6180cd25,Pescado Frito Colombiano,2,1 cebolla larga finamente picado,1 cebolla larga finamente picado,cebolla larga finamente picado,,1,1.0,unidad,cebolla larga,finamente picado,,,cebolla larga,,,sin_conversion
86af71d9-e16a-11ed-af2b-a96d6180cd25,Pescado Frito Colombiano,3,El jugo de 1 limón,el jugo de 1 limon,el jugo de 1 limon,,1,1.0,unidad,el jugo de 1 limon,,,,jugo de 1 limon,,,sin_conversion
86af71d9-e16a-11ed-af2b-a96d6180cd25,Pescado Frito Colombiano,4,Sal y pimienta,sal y pimienta,sal y pimienta,,1,1.0,unidad,sal y pimienta,,,,sal y pimienta,,,sin_conversion
86af71da-e16a-11ed-aac2-a96d6180cd25,Sudado de Carne de Res,7,1 tableta de caldo de res,1 tableta de caldo de res,tableta de caldo de res,,1,1.0,unidad,tableta de caldo de res,,,,tableta de caldo de res,,,sin_conversion
86af71db-e16a-11ed-b842-a96d6180cd25,Sobrebarriga en Salsa Criolla,3,Sal y pimienta,sal y pimienta,sal y pimienta,,1,1.0,unidad,sal y pimienta,,,,sal y pimienta,,,sin_conversion
86af71db-e16a-11ed-b842-a96d6180cd25,Sobrebarriga en Salsa Criolla,5,2 cebollas largas,2 cebollas largas,cebollas largas,,2,2.0,unidad,cebollas largas,,,,cebolla larga,,,sin_conversion
86af71db-e16a-11ed-b842-a96d6180cd25,Sobrebarriga en Salsa Criolla,8,1 pimentuón rojo cortado en cubitos,1 pimentuon rojo cortado en cubitos,pimentuon rojo cortado en cubitos,,1,1.0,unidad,pimentuon rojo,cortado en cubitos,,,pimentuon,,,sin_conversion
86af71db-e16a-11ed-b842-a96d6180cd25,Sobrebarriga en Salsa Criolla,9,4 to mates cortados en cubitos,4 to mates cortados en cubitos,to mates cortados en cubitos,,4,4.0,unidad,to mates,cortados en cubitos,,,to mat,,,sin_conversion
86af71db-e16a-11ed-b842-a96d6180cd25,Sobrebarriga en Salsa Criolla,15,Sal y pimienta,sal y pimienta,sal y pimienta,,1,1.0,unidad,sal y pimienta,,,,sal y pimienta,,,sin_conversion
86af71dc-e16a-11ed-ae02-a96d6180cd25,Posta Negra,4,Sal y pimienta,sal y pimienta,sal y pimienta,,1,1.0,unidad,sal y pimienta,,,,sal y pimienta,,,sin_conversion
86af71dd-e16a-11ed-989e-a96d6180cd25,Albondigón Colombiano,4,2 cebollas largas picadas,2 cebollas largas picadas,cebollas largas picadas,,2,2.0,unidad,cebollas largas,picadas,,,cebolla larga,,,sin_conversion
86af71dd-e16a-11ed-989e-a96d6180cd25,Albondigón Colombiano,7,2 huevos grandes batidos,2 huevos grandes batidos,huevos grandes batidos,,2,2.0,unidad,huevos grandes batidos,,,,huevo batido,,,sin_conversion
86af71dd-e16a-11ed-989e-a96d6180cd25,Albondigón Colombiano,14,1 pimentón rojo cortado en tiras delgadas,1 pimenton rojo cortado en tiras delgadas,pimenton rojo cortado en tiras delgadas,,1,1.0,unidad,pimenton rojo en tiras delgadas,cortado,,,pimenton en tira delgada,,,sin_conversion
86af71df-e16a-11ed-bcb9-a96d6180cd25,Sopa de Arepa,5,Sal y pimienta,sal y pimienta,sal y pimienta,,1,1.0,unidad,sal y pimienta,,,,sal y pimienta,,,sin_conversion
86af71df-e16a-11ed-bcb9-a96d6180cd25,Sopa de Arepa,6,3 arepas cocidas y cortadas en trozos,3 arepas cocidas y cortadas en trozos,arepas cocidas y cortadas en trozos,,3,3.0,unidad,arepas cocidas y,cortadas en trozos,,,arepa,,,sin_conversion
86af71e0-e16a-11ed-af85-a96d6180cd25,Carne con Champiñones,9,Sal y pimienta para probar,sal y pimienta para probar,sal y pimienta para probar,,1,1.0,unidad,sal y pimienta para probar,,,,sal y pimienta para probar,,,sin_conversion
86af71e1-e16a-11ed-b0dd-a96d6180cd25,Carne Afanada Colombiana,3,2 huevos batidos,2 huevos batidos,huevos batidos,,2,2.0,unidad,huevos batidos,,,,huevo batido,,,sin_conversion
86af71e1-e16a-11ed-b0dd-a96d6180cd25,Carne Afanada Colombiana,7,Sal y pimienta,sal y pimienta,sal y pimienta,,1,1.0,unidad,sal y pimienta,,,,sal y pimienta,,,sin_conversion
86af71e1-e16a-11ed-b0dd-a96d6180cd25,Carne Afanada Colombiana,10,3 to mates grandes picados,3 to mates grandes picados,to mates grandes picados,,3,3.0,unidad,to mates grandes,picados,,,to mat,,,sin_conversion
86af71e1-e16a-11ed-b0dd-a96d6180cd25,Carne Afanada Colombiana,13,Vinagre blanco 1 cucharada,vinagre blanco 1 cucharada,vinagre blanco 1 cucharada,,1,1.0,unidad,vinagre blanco 1 cucharada,,,,vinagre 1 cucharada,,,sin_conversion
86af71e1-e16a-11ed-b0dd-a96d6180cd25,Carne Afanada Colombiana,15,Sal y pimienta,sal y pimienta,sal y pimienta,,1,1.0,unidad,sal y pimienta,,,,sal y pimienta,,,sin_conversion
86af71e2-e16a-11ed-b603-a96d6180cd25,Piernas de Pollo Asadas al Estilo Colombiano,2,Aceite en aerosol para cocinar el pollo,aceite en aerosol para cocinar el pollo,aceite en aerosol para cocinar el pollo,,1,1.0,unidad,aceite en aerosol para cocinar el pollo,,,,aceite en aerosol para cocinar el pollo,,,sin_conversion
86af71e2-e16a-11ed-b603-a96d6180cd25,Piernas de Pollo Asadas al Estilo Colombiano,3,5 cebollas largas picadas,5 cebollas largas picadas,cebollas largas picadas,,5,5.0,unidad,cebollas largas,picadas,,,cebolla larga,,,sin_conversion
86af71e2-e16a-11ed-b603-a96d6180cd25,Piernas de Pollo Asadas al Estilo Colombiano,10,Sal y pimienta,sal y pimienta,sal y pimienta,,1,1.0,unidad,sal y pimienta,,,,sal y pimienta,,,sin_conversion
86af71e3-e16a-11ed-ba4c-a96d6180cd25,Arroz con Coco y Lentejas,6,1 hoja de laurel,1 hoja de laurel,laurel,hoja,1,1.0,hoja,laurel,,,,laurel,,,sin_conversion
86af71e3-e16a-11ed-ba4c-a96d6180cd25,Arroz con Coco y Lentejas,9,Sal al gusto,sal al gusto,sal al gusto,,1,1.0,unidad,sal,,,,sal,,,sin_conversion
86af71e3-e16a-11ed-ba4c-a96d6180cd25,Arroz con Coco y Lentejas,10,Cilantro fresco para servir,cilantro fresco para servir,cilantro fresco para servir,,1,1.0,unidad,cilantro para servir,fresco,,,cilantro,,,sin_conversion
86af71e4-e16a-11ed-a3d9-a96d6180cd25,Pollo Asado,1,1 pollo entero alrededor de 5 libras,1 pollo entero alrededor de 5 libras,pollo entero alrededor de 5 libras,,1,1.0,unidad,pollo entero alrededor de 5 libras,,,,pollo entero alrededor de 5 libra,,,sin_conversion
86af71e4-e16a-11ed-a3d9-a96d6180cd25,Pollo Asado,2,3 cebollas largas,3 cebollas largas,cebollas largas,,3,3.0,unidad,cebollas largas,,,,cebolla larga,,,sin_conversion
86af71e4-e16a-11ed-a3d9-a96d6180cd25,Pollo Asado,9,Sal y pimienta,sal y pimienta,sal y pimienta,,1,1.0,unidad,sal y pimienta,,,,sal y pimienta,,,sin_conversion
86af71e5-e16a-11ed-bce4-a96d6180cd25,Sudado de Albóndigas,4,Sal al gusto,sal al gusto,sal al gusto,,1,1.0,unidad,sal,,,,sal,,,sin_conversion
86af71e5-e16a-11ed-bce4-a96d6180cd25,Sudado de Albóndigas,6,½ de agua tibia,1/2 de agua tibia,de agua tibia,,1/2,0.5,unidad,agua,tibia,,,agua,,,sin_conversion
86af71e5-e16a-11ed-bce4-a96d6180cd25,Sudado de Albóndigas,10,4 pedazos de yuca,4 pedazos de yuca,pedazos de yuca,,4,4.0,unidad,pedazos de yuca,,,,yuca,,,sin_conversion
86af71e5-e16a-11ed-bce4-a96d6180cd25,Sudado de Albóndigas,13,Sal al gusto,sal al gusto,sal al gusto,,1,1.0,unidad,sal,,,,sal,,,sin_conversion
86af71e6-e16a-11ed-9c8b-a96d6180cd25,Sopa de Arroz con Costilla,9,Cilantro fresco para decorar,cilantro fresco para decorar,cilantro fresco para decorar,,1,1.0,unidad,cilantro,fresco,,,cilantro,,,sin_conversion
86af71e6-e16a-11ed-9c8b-a96d6180cd25,Sopa de Arroz con Costilla,10,Aguacate para servir,aguacate para servir,aguacate para servir,,1,1.0,unidad,aguacate para servir,,,,aguacate para servir,,,sin_conversion
86af71e8-e16a-11ed-985a-a96d6180cd25,Frijoles Antioqueños,10,Sal y pimienta al gusto,sal y pimienta al gusto,sal y pimienta al gusto,,1,1.0,unidad,sal y pimienta,,,,sal y pimienta,,,sin_conversion
86af71e9-e16a-11ed-957b-a96d6180cd25,Albóndigas Colombianas,10,Sal y pimienta,sal y pimienta,sal y pimienta,,1,1.0,unidad,sal y pimienta,,,,sal y pimienta,,,sin_conversion
86af71ea-e16a-11ed-9cd2-a96d6180cd25,Sopa de Arroz con Albóndigas,6,2 huevos batidos,2 huevos batidos,huevos batidos,,2,2.0,unidad,huevos batidos,,,,huevo batido,,,sin_conversion
86af71ea-e16a-11ed-9cd2-a96d6180cd25,Sopa de Arroz con Albóndigas,9,sal,sal,sal,,1,1.0,unidad,sal,,,,sal,,,sin_conversion
86af71ea-e16a-11ed-9cd2-a96d6180cd25,Sopa de Arroz con Albóndigas,12,1 cebolla larga picada,1 cebolla larga picada,cebolla larga picada,,1,1.0,unidad,cebolla larga,picada,,,cebolla larga,,,sin_conversion
86af71ea-e16a-11ed-9cd2-a96d6180cd25,Sopa de Arroz con Albóndigas,13,2 to mates medianos picados,2 to mates medianos picados,to mates medianos picados,,2,2.0,unidad,to mates medianos,picados,,,to mat,,,sin_conversion
86af71ea-e16a-11ed-9cd2-a96d6180cd25,Sopa de Arroz con Albóndigas,17,1 tableta de caldo de carne,1 tableta de caldo de carne,tableta de caldo de carne,,1,1.0,unidad,tableta de caldo de carne,,,,caldo de carne,,,sin_conversion
86af71ea-e16a-11ed-9cd2-a96d6180cd25,Sopa de Arroz con Albóndigas,24,Cilantro fresco para decorar,cilantro fresco para decorar,cilantro fresco para decorar,,1,1.0,unidad,cilantro,fresco,,,cilantro,,,sin_conversion
86af71eb-e16a-11ed-93a4-a96d6180cd25,Chuletas de Cerdo con Salsa de Ciruelas,1,4 chuletas de cerdo,4 chuletas de cerdo,chuletas de cerdo,,4,4.0,unidad,chuletas de cerdo,,,,chuleta de cerdo,,,sin_conversion
86af71eb-e16a-11ed-93a4-a96d6180cd25,Chuletas de Cerdo con Salsa de Ciruelas,10,Una pizca de sal,una pizca de sal,una pizca de sal,,1,1.0,pizca,sal,,,,sal,,,sin_conversion
86af71ec-e16a-11ed-bd27-a96d6180cd25,Sancocho Antioqueño o Paisa,4,"4 mazorcas de maíz fresco, cortado en trozos","4 mazorcas de maiz fresco, cortado en trozos","mazorcas de maiz fresco, cortado en trozos",,4,4.0,unidad,"mazorcas de maiz fresco,",cortado en trozos,,,mazorca de maiz,,,sin_conversion
86af71ec-e16a-11ed-bd27-a96d6180cd25,Sancocho Antioqueño o Paisa,6,"Sal y pimienta, al gusto","sal y pimienta, al gusto","sal y pimienta, al gusto",,1,1.0,unidad,"sal y pimienta,",,,,sal y pimienta,,,sin_conversion
86af71ed-e16a-11ed-ac3d-a96d6180cd25,Ajiaco Colombiano,1,"3 pechugas de pollo,con hueso y sin piel","3 pechugas de pollo,con hueso y sin piel","pechugas de pollo,con hueso y sin piel",,3,3.0,unidad,"pechugas de pollo,con hueso y",sin piel,,,pechuga de pollo con hueso,,,sin_conversion
86af71ed-e16a-11ed-ac3d-a96d6180cd25,Ajiaco Colombiano,3,"3 mazorcas de maíz fresco, cortadas en 2 piezas","3 mazorcas de maiz fresco, cortadas en 2 piezas","mazorcas de maiz fresco, cortadas en 2 piezas",,3,3.0,unidad,"mazorcas de maiz fresco, en 2 piezas",cortadas,,,mazorca de maiz en 2 pieza,,,sin_conversion
86af71ed-e16a-11ed-ac3d-a96d6180cd25,Ajiaco Colombiano,4,Sal y pimienta al gusto,sal y pimienta al gusto,sal y pimienta al gusto,,1,1.0,unidad,sal y pimienta,,,,sal y pimienta,,,sin_conversion
86af71ed-e16a-11ed-ac3d-a96d6180cd25,Ajiaco Colombiano,5,2 cubos de caldo de pollo,2 cubos de caldo de pollo,cubos de caldo de pollo,,2,2.0,unidad,caldo de pollo,cubos,,,caldo de pollo,,,sin_conversion
86af71ed-e16a-11ed-ac3d-a96d6180cd25,Ajiaco Colombiano,6,3 cebollas largas,3 cebollas largas,cebollas largas,,3,3.0,unidad,cebollas largas,,,,cebolla larga,,,sin_conversion
86af71ee-e16a-11ed-bb07-a96d6180cd25,Tamales Antioqueños,3,1 pimentón rojo grande picado,1 pimenton rojo grande picado,pimenton rojo grande picado,,1,1.0,unidad,pimenton rojo,grande picado,,,pimenton,,,sin_conversion
86af71ee-e16a-11ed-bb07-a96d6180cd25,Tamales Antioqueños,4,1 pimentón verde picado,1 pimenton verde picado,pimenton verde picado,,1,1.0,unidad,pimenton verde,picado,,,pimenton,,,sin_conversion
86af71ee-e16a-11ed-bb07-a96d6180cd25,Tamales Antioqueños,5,4 cebollas largas picadas,4 cebollas largas picadas,cebollas largas picadas,,4,4.0,unidad,cebollas largas,picadas,,,cebolla larga,,,sin_conversion
86af71ee-e16a-11ed-bb07-a96d6180cd25,Tamales Antioqueños,8,Sal,sal,sal,,1,1.0,unidad,sal,,,,sal,,,sin_conversion
86af71ee-e16a-11ed-bb07-a96d6180cd25,Tamales Antioqueños,18,Sal,sal,sal,,1,1.0,unidad,sal,,,,sal,,,sin_conversion
86af71ee-e16a-11ed-bb07-a96d6180cd25,Tamales Antioqueños,22,Pita para amarrar los tamales,pita para amarrar los tamales,pita para amarrar los tamales,,1,1.0,unidad,pita para amarrar los tamales,,,,pita para amarrar los tamal,,,sin_conversion
86af71ee-e16a-11ed-bb07-a96d6180cd25,Tamales Antioqueños,23,Agua y sal para cocinar los tamales,agua y sal para cocinar los tamales,agua y sal para cocinar los tamales,,1,1.0,unidad,agua y sal para cocinar los tamales,,,,agua y sal para cocinar los tamal,,,sin_conversion
86af71ef-e16a-11ed-a325-a96d6180cd25,Arroz con Pollo,1,2 pechugas de pollo con hueso y sin piel,2 pechugas de pollo con hueso y sin piel,pechugas de pollo con hueso y sin piel,,2,2.0,unidad,pechugas de pollo con hueso y,sin piel,,,pechuga de pollo con hueso,,,sin_conversion
86af71ef-e16a-11ed-a325-a96d6180cd25,Arroz con Pollo,2,1 cebolla larga,1 cebolla larga,cebolla larga,,1,1.0,unidad,cebolla larga,,,,cebolla larga,,,sin_conversion
86af71ef-e16a-11ed-a325-a96d6180cd25,Arroz con Pollo,7,1 hoja de laurel,1 hoja de laurel,laurel,hoja,1,1.0,hoja,laurel,,,,laurel,,,sin_conversion
86af71ef-e16a-11ed-a325-a96d6180cd25,Arroz con Pollo,8,Sal y Pimienta,sal y pimienta,sal y pimienta,,1,1.0,unidad,sal y pimienta,,,,sal y pimienta,,,sin_conversion
86af71ef-e16a-11ed-a325-a96d6180cd25,Arroz con Pollo,16,1 tableta de caldo de pollo,1 tableta de caldo de pollo,tableta de caldo de pollo,,1,1.0,unidad,tableta de caldo de pollo,,,,caldo de pollo,,,sin_conversion
86af71f0-e16a-11ed-be7b-a96d6180cd25,Bandeja Paisa,1,Frijoles Antioqueños,frijoles antioquenos,frijoles antioquenos,,1,1.0,unidad,frijoles antioquenos,,,,frijol,,,sin_conversion
86af71f0-e16a-11ed-be7b-a96d6180cd25,Bandeja Paisa,2,Arroz Blanco,arroz blanco,arroz blanco,,1,1.0,unidad,arroz blanco,,,,arroz,,,sin_conversion
86af71f0-e16a-11ed-be7b-a96d6180cd25,Bandeja Paisa,3,Carne en polvo,carne en polvo,carne en polvo,,1,1.0,unidad,carne en polvo,,,,carne en polvo,,,sin_conversion
86af71f0-e16a-11ed-be7b-a96d6180cd25,Bandeja Paisa,4,Chicharrones,chicharrones,chicharrones,,1,1.0,unidad,chicharrones,,,,chicharron,,,sin_conversion
86af71f0-e16a-11ed-be7b-a96d6180cd25,Bandeja Paisa,5,Chorizos Cocidos,chorizos cocidos,chorizos cocidos,,1,1.0,unidad,chorizos cocidos,,,,chorizo,,,sin_conversion
86af71f0-e16a-11ed-be7b-a96d6180cd25,Bandeja Paisa,6,Huevos Fritos,huevos fritos,huevos fritos,,1,1.0,unidad,huevos fritos,,,,huevo frito,,,sin_conversion
86af71f0-e16a-11ed-be7b-a96d6180cd25,Bandeja Paisa,7,Tajadas de Plátano,tajadas de platano,tajadas de platano,,1,1.0,tajadas,platano,,,,platano,,,sin_conversion
86af71f0-e16a-11ed-be7b-a96d6180cd25,Bandeja Paisa,8,Aguacate,aguacate,aguacate,,1,1.0,unidad,aguacate,,,,aguacate,,,sin_conversion
86af71f0-e16a-11ed-be7b-a96d6180cd25,Bandeja Paisa,9,Hogao,hogao,hogao,,1,1.0,unidad,hogao,,,,hogao,,,sin_conversion
86af71f1-e16a-11ed-99a7-a96d6180cd25,Perros Calientes Colombianos,5,Jugo de ½ limón,jugo de 1/2 limon,jugo de 1/2 limon,,1,1.0,unidad,jugo de 1/2 limon,,,,jugo de 1 2 limon,,,sin_conversion
86af71f1-e16a-11ed-99a7-a96d6180cd25,Perros Calientes Colombianos,6,6 panes para perros,6 panes para perros,panes para perros,,6,6.0,unidad,panes para perros,,,,pan para perro,,,sin_conversion
86af71f1-e16a-11ed-99a7-a96d6180cd25,Perros Calientes Colombianos,7,6 salchichas,6 salchichas,salchichas,,6,6.0,unidad,salchichas,,,,salchicha,,,sin_conversion
86af71f1-e16a-11ed-99a7-a96d6180cd25,Perros Calientes Colombianos,10,Mayonesa,mayonesa,mayonesa,,1,1.0,unidad,mayonesa,,,,mayonesa,,,sin_conversion
86af71f1-e16a-11ed-99a7-a96d6180cd25,Perros Calientes Colombianos,12,Mostaza,mostaza,mostaza,,1,1.0,unidad,mostaza,,,,mostaza,,,sin_conversion
86af71f2-e16a-11ed-808b-a96d6180cd25,Pernil Asado Colombiano,1,1 pierna de cerdo con hueso o pernil de 10 a 12 libras,1 pierna de cerdo con hueso o pernil de 10 a 12 libras,pierna de cerdo con hueso o pernil de 10 a 12 libras,,1,1.0,unidad,pierna de cerdo con hueso o pernil de 10 a 12 libras,,,,pierna de cerdo con hueso o pernil de 10 a 12 libra,,,sin_conversion
86af71f2-e16a-11ed-808b-a96d6180cd25,Pernil Asado Colombiano,3,1 pimentón rojo cortado en cubitos,1 pimenton rojo cortado en cubitos,pimenton rojo cortado en cubitos,,1,1.0,unidad,pimenton rojo,cortado en cubitos,,,pimenton,,,sin_conversion
86af71f2-e16a-11ed-808b-a96d6180cd25,Pernil Asado Colombiano,5,10 dientes de ajo machacados,10 dientes de ajo machacados,ajo machacados,diente,10,10.0,dientes,ajo machacados,,,,ajo machacado,,,sin_conversion
86af71f2-e16a-11ed-808b-a96d6180cd25,Pernil Asado Colombiano,8,Sal y pimienta al gusto,sal y pimienta al gusto,sal y pimienta al gusto,,1,1.0,unidad,sal y pimienta,,,,sal y pimienta,,,sin_conversion
86af71f3-e16a-11ed-88eb-a96d6180cd25,Arepas Rellenas de Queso,5,12 rebanadas de queso mozzarella,12 rebanadas de queso mozzarella,queso mozzarella,rebanadas,12,12.0,rebanadas,queso mozzarella,,,,queso mozzarella,,,sin_conversion
86af71f4-e16a-11ed-a46c-a96d6180cd25,Arepa con Atún y Camarones,1,4 arepas cocidas,4 arepas cocidas,arepas cocidas,,4,4.0,unidad,arepas cocidas,,,,arepa,,,sin_conversion
86af71f4-e16a-11ed-a46c-a96d6180cd25,Arepa con Atún y Camarones,2,2 latas de atún,2 latas de atun,atun,lata,2,2.0,latas,atun,,,,atun,,,sin_conversion
86af71f4-e16a-11ed-a46c-a96d6180cd25,Arepa con Atún y Camarones,7,Sal y pimienta,sal y pimienta,sal y pimienta,,1,1.0,unidad,sal y pimienta,,,,sal y pimienta,,,sin_conversion
86af71f4-e16a-11ed-a46c-a96d6180cd25,Arepa con Atún y Camarones,8,16 camarones cocidos,16 camarones cocidos,camarones cocidos,,16,16.0,unidad,camarones cocidos,,,,camaron,,,sin_conversion
86af71f4-e16a-11ed-a46c-a96d6180cd25,Arepa con Atún y Camarones,14,Sal y pimienta,sal y pimienta,sal y pimienta,,1,1.0,unidad,sal y pimienta,,,,sal y pimienta,,,sin_conversion
86af71f4-e16a-11ed-a46c-a96d6180cd25,Arepa con Atún y Camarones,15,Jugo de ½ lima,jugo de 1/2 lima,jugo de 1/2 lima,,1,1.0,unidad,jugo de 1/2 lima,,,,jugo de 1 2 lima,,,sin_conversion
86af71f5-e16a-11ed-aa13-a96d6180cd25,Camarones Guisados,9,Sal y pimienta al gusto,sal y pimienta al gusto,sal y pimienta al gusto,,1,1.0,unidad,sal y pimienta,,,,sal y pimienta,,,sin_conversion
86af71f6-e16a-11ed-9895-a96d6180cd25,Arepa con Carne Asada,1,4 arepas cocinadas,4 arepas cocinadas,arepas cocinadas,,4,4.0,unidad,arepas cocinadas,,,,arepa cocinada,,,sin_conversion
86af71f6-e16a-11ed-9895-a96d6180cd25,Arepa con Carne Asada,5,2 cebollas largas finamente picadas,2 cebollas largas finamente picadas,cebollas largas finamente picadas,,2,2.0,unidad,cebollas largas,finamente picadas,,,cebolla larga,,,sin_conversion
86af71f6-e16a-11ed-9895-a96d6180cd25,Arepa con Carne Asada,9,Sal y pimienta negra,sal y pimienta negra,sal y pimienta negra,,1,1.0,unidad,sal y pimienta negra,,,,sal y pimienta negra,,,sin_conversion
86af71f7-e16a-11ed-9d94-a96d6180cd25,Sopa de Arroz con Pollo y Cilantro,2,4 cebollas largas picadas,4 cebollas largas picadas,cebollas largas picadas,,4,4.0,unidad,cebollas largas,picadas,,,cebolla larga,,,sin_conversion
86af71f7-e16a-11ed-9d94-a96d6180cd25,Sopa de Arroz con Pollo y Cilantro,9,Sal y pimienta al gusto,sal y pimienta al gusto,sal y pimienta al gusto,,1,1.0,unidad,sal y pimienta,,,,sal y pimienta,,,sin_conversion
86af71f8-e16a-11ed-8bf2-a96d6180cd25,Sopa de Pollo y Pasta,10,Sal y pimienta al gusto,sal y pimienta al gusto,sal y pimienta al gusto,,1,1.0,unidad,sal y pimienta,,,,sal y pimienta,,,sin_conversion
86af71f8-e16a-11ed-8bf2-a96d6180cd25,Sopa de Pollo y Pasta,13,Aguacate para servir,aguacate para servir,aguacate para servir,,1,1.0,unidad,aguacate para servir,,,,aguacate para servir,,,sin_conversion
86af71f9-e16a-11ed-bbcf-a96d6180cd25,Albóndigas Estofadas al Tomate,5,Sal y pimienta,sal y pimienta,sal y pimienta,,1,1.0,unidad,sal y pimienta,,,,sal y pimienta,,,sin_conversion
86af71f9-e16a-11ed-bbcf-a96d6180cd25,Albóndigas Estofadas al Tomate,6,½ de agua tibia,1/2 de agua tibia,de agua tibia,,1/2,0.5,unidad,agua,tibia,,,agua,,,sin_conversion
86af71f9-e16a-11ed-bbcf-a96d6180cd25,Albóndigas Estofadas al Tomate,10,Sal y pimienta al gusto,sal y pimienta al gusto,sal y pimienta al gusto,,1,1.0,unidad,sal y pimienta,,,,sal y pimienta,,,sin_conversion
86af71fa-e16a-11ed-947a-a96d6180cd25,Carne con Chimichurri al Estilo Colombiano,2,El jugo de ½ limón,el jugo de 1/2 limon,el jugo de 1/2 limon,,1,1.0,unidad,el jugo de 1/2 limon,,,,jugo de 1 2 limon,,,sin_conversion
86af71fa-e16a-11ed-947a-a96d6180cd25,Carne con Chimichurri al Estilo Colombiano,13,Sal y pimienta,sal y pimienta,sal y pimienta,,1,1.0,unidad,sal y pimienta,,,,sal y pimienta,,,sin_conversion
86af71fb-e16a-11ed-8027-a96d6180cd25,Sudado de Cola o Rabo de Res,1,1 ½ - 2 libra de rabo o cola de res,1 1/2 2 libra de rabo o cola de res,2 libra de rabo o cola de res,,1 1/2,1.5,unidad,2 libra de rabo o cola de res,,,,2 libra de rabo o cola de res,,,sin_conversion
86af71fb-e16a-11ed-8027-a96d6180cd25,Sudado de Cola o Rabo de Res,4,4 cebolletas finamente picadas,4 cebolletas finamente picadas,cebolletas finamente picadas,,4,4.0,unidad,cebolletas,finamente picadas,,,cebolleta,,,sin_conversion
86af71fb-e16a-11ed-8027-a96d6180cd25,Sudado de Cola o Rabo de Res,10,Sal y pimienta al gusto,sal y pimienta al gusto,sal y pimienta al gusto,,1,1.0,unidad,sal y pimienta,,,,sal y pimienta,,,sin_conversion
86af71fb-e16a-11ed-8027-a96d6180cd25,Sudado de Cola o Rabo de Res,13,Cilantro fresco,cilantro fresco,cilantro fresco,,1,1.0,unidad,cilantro,fresco,,,cilantro,,,sin_conversion
86af71fc-e16a-11ed-aaec-a96d6180cd25,Chuletas de Cerdo a la Criolla,1,4 chuletas de cerdo con hueso,4 chuletas de cerdo con hueso,chuletas de cerdo con hueso,,4,4.0,unidad,chuletas de cerdo con hueso,,,,chuleta de cerdo con hueso,,,sin_conversion
86af71fc-e16a-11ed-aaec-a96d6180cd25,Chuletas de Cerdo a la Criolla,6,3 to mates cortados en cubitos,3 to mates cortados en cubitos,to mates cortados en cubitos,,3,3.0,unidad,to mates,cortados en cubitos,,,to mat,,,sin_conversion
86af71fc-e16a-11ed-aaec-a96d6180cd25,Chuletas de Cerdo a la Criolla,9,Sal y pimienta negro,sal y pimienta negro,sal y pimienta negro,,1,1.0,unidad,sal y pimienta negro,,,,sal y pimienta negro,,,sin_conversion
86af71fd-e16a-11ed-959e-a96d6180cd25,Arroz Apastelado,17,Un cuarto de taza de aceitunas verdes,un cuarto de taza de aceitunas verdes,un cuarto de taza de aceitunas verdes,,1,1.0,unidad,cuarto de taza de aceitunas verdes,,,,cuarto de taza de aceituna,,,sin_conversion
86af71fd-e16a-11ed-959e-a96d6180cd25,Arroz Apastelado,19,Un cuarto de cucharadita de comino molido,un cuarto de cucharadita de comino molido,un cuarto de cucharadita de comino molido,,1,1.0,unidad,cuarto de cucharadita de comino,molido,,,comino,,,sin_conversion
86af71fd-e16a-11ed-959e-a96d6180cd25,Arroz Apastelado,20,Sal y pimienta negro al gusto,sal y pimienta negro al gusto,sal y pimienta negro al gusto,,1,1.0,unidad,sal y pimienta negro,,,,sal y pimienta negro,,,sin_conversion
86af71fe-e16a-11ed-94df-a96d6180cd25,Chuzos o Pinchos de Carne de Res,7,El aceite de oliva para asar la carne,el aceite de oliva para asar la carne,el aceite de oliva para asar la carne,,1,1.0,unidad,el aceite de oliva para asar la carne,,,,aceite de oliva,,,sin_conversion
86af71fe-e16a-11ed-94df-a96d6180cd25,Chuzos o Pinchos de Carne de Res,8,Sal y pimienta negra,sal y pimienta negra,sal y pimienta negra,,1,1.0,unidad,sal y pimienta negra,,,,sal y pimienta negra,,,sin_conversion
86af71ff-e16a-11ed-a921-a96d6180cd25,Arepa Boyacense,3,1 + ½ tazas de agua caliente,1 1/2 tazas de agua caliente,1/2 tazas de agua caliente,,1,1.0,unidad,1/2 tazas de agua,caliente,,,1 2 taza de agua,,,sin_conversion
86af7200-e16a-11ed-8d5e-a96d6180cd25,Crema de Avena,3,1 cebolla larga cortada en cubitos,1 cebolla larga cortada en cubitos,cebolla larga cortada en cubitos,,1,1.0,unidad,cebolla larga,cortada en cubitos,,,cebolla larga,,,sin_conversion
86af7200-e16a-11ed-8d5e-a96d6180cd25,Crema de Avena,10,Sal y pimienta al gusto,sal y pimienta al gusto,sal y pimienta al gusto,,1,1.0,unidad,sal y pimienta,,,,sal y pimienta,,,sin_conversion
86af7201-e16a-11ed-a13e-a96d6180cd25,Frijoles Rojos Colombianos,3,3 cebollas largas picadas,3 cebollas largas picadas,cebollas largas picadas,,3,3.0,unidad,cebollas largas,picadas,,,cebolla larga,,,sin_conversion
86af7201-e16a-11ed-a13e-a96d6180cd25,Frijoles Rojos Colombianos,4,5 dientes de ajo machacados,5 dientes de ajo machacados,ajo machacados,diente,5,5.0,dientes,ajo machacados,,,,ajo machacado,,,sin_conversion
86af7201-e16a-11ed-a13e-a96d6180cd25,Frijoles Rojos Colombianos,5,1 pimentón rojo cortado en cubitos,1 pimenton rojo cortado en cubitos,pimenton rojo cortado en cubitos,,1,1.0,unidad,pimenton rojo,cortado en cubitos,,,pimenton,,,sin_conversion
86af7201-e16a-11ed-a13e-a96d6180cd25,Frijoles Rojos Colombianos,6,1 Pimentón verde cortado en cubitos,1 pimenton verde cortado en cubitos,pimenton verde cortado en cubitos,,1,1.0,unidad,pimenton verde,cortado en cubitos,,,pimenton,,,sin_conversion
86af7201-e16a-11ed-a13e-a96d6180cd25,Frijoles Rojos Colombianos,14,Cilantro o perejil,cilantro o perejil,cilantro o perejil,,1,1.0,unidad,cilantro o perejil,,,,cilantro,,,sin_conversion
86af7201-e16a-11ed-a13e-a96d6180cd25,Frijoles Rojos Colombianos,15,Sal y pimienta al gusto,sal y pimienta al gusto,sal y pimienta al gusto,,1,1.0,unidad,sal y pimienta,,,,sal y pimienta,,,sin_conversion
86af7202-e16a-11ed-b0e0-a96d6180cd25,Chuleta Valluna,2,Sal y pimienta al gusto,sal y pimienta al gusto,sal y pimienta al gusto,,1,1.0,unidad,sal y pimienta,,,,sal y pimienta,,,sin_conversion
86af7202-e16a-11ed-b0e0-a96d6180cd25,Chuleta Valluna,12,Chuleta Valluna,chuleta valluna,chuleta valluna,,1,1.0,unidad,chuleta valluna,,,,chuleta valluna,,,sin_conversion
86af7203-e16a-11ed-ae69-a96d6180cd25,Arepa con Camarones y Hogao,1,2 arepas asadas,2 arepas asadas,arepas asadas,,2,2.0,unidad,arepas asadas,,,,arepa asada,,,sin_conversion
86af7203-e16a-11ed-ae69-a96d6180cd25,Arepa con Camarones y Hogao,2,12 camarones medianos limpios y desvenados,12 camarones medianos limpios y desvenados,camarones medianos limpios y desvenados,,12,12.0,unidad,camarones medianos limpios y desvenados,,,,camaron,,,sin_conversion
86af7203-e16a-11ed-ae69-a96d6180cd25,Arepa con Camarones y Hogao,3,Sal y pimienta,sal y pimienta,sal y pimienta,,1,1.0,unidad,sal y pimienta,,,,sal y pimienta,,,sin_conversion
86af7203-e16a-11ed-ae69-a96d6180cd25,Arepa con Camarones y Hogao,5,Cilantro fresco para adornar,cilantro fresco para adornar,cilantro fresco para adornar,,1,1.0,unidad,cilantro para adornar,fresco,,,cilantro,,,sin_conversion
86af7204-e16a-11ed-b87d-a96d6180cd25,Albóndigas de Pescado,5,½ pimentón rojo picado,1/2 pimenton rojo picado,pimenton rojo picado,,1/2,0.5,unidad,pimenton rojo,picado,,,pimenton,,,sin_conversion
86af7204-e16a-11ed-b87d-a96d6180cd25,Albóndigas de Pescado,7,Sal y pimienta,sal y pimienta,sal y pimienta,,1,1.0,unidad,sal y pimienta,,,,sal y pimienta,,,sin_conversion
86af7204-e16a-11ed-b87d-a96d6180cd25,Albóndigas de Pescado,10,1 pimiento rojo pequeño cortado en cubitos,1 pimiento rojo pequeno cortado en cubitos,pimiento rojo pequeno cortado en cubitos,,1,1.0,unidad,pimiento rojo,pequeno cortado en cubitos,,,pimienton rojo,,,sin_conversion
86af7204-e16a-11ed-b87d-a96d6180cd25,Albóndigas de Pescado,11,½ pimentón verde cortado en cubitos,1/2 pimenton verde cortado en cubitos,pimenton verde cortado en cubitos,,1/2,0.5,unidad,pimenton verde,cortado en cubitos,,,pimenton,,,sin_conversion
86af7204-e16a-11ed-b87d-a96d6180cd25,Albóndigas de Pescado,15,Sal y pimienta,sal y pimienta,sal y pimienta,,1,1.0,unidad,sal y pimienta,,,,sal y pimienta,,,sin_conversion
86af7205-e16a-11ed-bed7-a96d6180cd25,Pollo en Leche de Coco,1,4 piernas de pollo con hueso y la piel o pechugas de pollo,4 piernas de pollo con hueso y la piel o pechugas de pollo,piernas de pollo con hueso y la piel o pechugas de pollo,,4,4.0,unidad,piernas de pollo con hueso y la piel o pechugas de pollo,,,,pierna de pollo con hueso y la piel o pechuga de pollo,,,sin_conversion
86af7205-e16a-11ed-bed7-a96d6180cd25,Pollo en Leche de Coco,5,½ de pimientuón rojo picado,1/2 de pimientuon rojo picado,de pimientuon rojo picado,,1/2,0.5,unidad,pimientuon rojo,picado,,,pimientuon,,,sin_conversion
86af7205-e16a-11ed-bed7-a96d6180cd25,Pollo en Leche de Coco,6,1 tableta de caldo de pollo,1 tableta de caldo de pollo,tableta de caldo de pollo,,1,1.0,unidad,tableta de caldo de pollo,,,,caldo de pollo,,,sin_conversion
86af7205-e16a-11ed-bed7-a96d6180cd25,Pollo en Leche de Coco,9,1 lata 13.5 onzas de leche de coco o fresca,1 lata 13.5 onzas de leche de coco o fresca,13.5 onzas de leche de coco o fresca,lata,1,1.0,lata,13.5 onzas de leche de coco o,fresca,,,13 5 onza de leche de coco,,,sin_conversion
86af7205-e16a-11ed-bed7-a96d6180cd25,Pollo en Leche de Coco,10,Sal y pimienta,sal y pimienta,sal y pimienta,,1,1.0,unidad,sal y pimienta,,,,sal y pimienta,,,sin_conversion
86af7205-e16a-11ed-bed7-a96d6180cd25,Pollo en Leche de Coco,11,Cilantro para adornar,cilantro para adornar,cilantro para adornar,,1,1.0,unidad,cilantro para adornar,,,,cilantro,,,sin_conversion
86af7205-e16a-11ed-bed7-a96d6180cd25,Pollo en Leche de Coco,12,Arroz blanco para servir,arroz blanco para servir,arroz blanco para servir,,1,1.0,unidad,arroz blanco para servir,,,,arroz para servir,,,sin_conversion
86af7206-e16a-11ed-868f-a96d6180cd25,Locro Nariñense,9,Sal y pimienta negro al gusto,sal y pimienta negro al gusto,sal y pimienta negro al gusto,,1,1.0,unidad,sal y pimienta negro,,,,sal y pimienta negro,,,sin_conversion
86af7207-e16a-11ed-a85e-a96d6180cd25,Caldo de Costilla,7,6 cebollas largas picadas,6 cebollas largas picadas,cebollas largas picadas,,6,6.0,unidad,cebollas largas,picadas,,,cebolla larga,,,sin_conversion
86af7207-e16a-11ed-a85e-a96d6180cd25,Caldo de Costilla,11,Sal y pimienta al gusto,sal y pimienta al gusto,sal y pimienta al gusto,,1,1.0,unidad,sal y pimienta,,,,sal y pimienta,,,sin_conversion
86af7208-e16a-11ed-ac3a-a96d6180cd25,Sopa de Mute,3,Sal y pimienta,sal y pimienta,sal y pimienta,,1,1.0,unidad,sal y pimienta,,,,sal y pimienta,,,sin_conversion
86af7208-e16a-11ed-ac3a-a96d6180cd25,Sopa de Mute,6,2 cebollas largas,2 cebollas largas,cebollas largas,,2,2.0,unidad,cebollas largas,,,,cebolla larga,,,sin_conversion
86af7208-e16a-11ed-ac3a-a96d6180cd25,Sopa de Mute,7,1 lata de 15.5 oz hominy o maiz pelao amarillo,1 lata de 15.5 oz hominy o maiz pelao amarillo,15.5 oz hominy o maiz pelao amarillo,lata,1,1.0,lata,15.5 oz hominy o maiz pelao amarillo,,,,15 5 oz hominy o maiz pelao,,,sin_conversion
86af7209-e16a-11ed-81da-a96d6180cd25,Lomo de Cerdo Relleno,3,1 pimiento rojo asado cortado en cubitos,1 pimiento rojo asado cortado en cubitos,pimiento rojo asado cortado en cubitos,,1,1.0,unidad,pimiento rojo,asado cortado en cubitos,,,pimienton rojo,,,sin_conversion
86af7209-e16a-11ed-81da-a96d6180cd25,Lomo de Cerdo Relleno,5,2 cebollas largas picadas,2 cebollas largas picadas,cebollas largas picadas,,2,2.0,unidad,cebollas largas,picadas,,,cebolla larga,,,sin_conversion
86af7209-e16a-11ed-81da-a96d6180cd25,Lomo de Cerdo Relleno,9,1 lomo de cerdo de 3 a 4 libras,1 lomo de cerdo de 3 a 4 libras,lomo de cerdo de 3 a 4 libras,,1,1.0,unidad,lomo de cerdo de 3 a 4 libras,,,,lomo de cerdo de 3 a 4 libra,,,sin_conversion
86af7209-e16a-11ed-81da-a96d6180cd25,Lomo de Cerdo Relleno,12,Sal y pimienta,sal y pimienta,sal y pimienta,,1,1.0,unidad,sal y pimienta,,,,sal y pimienta,,,sin_conversion
86af720a-e16a-11ed-9fc9-a96d6180cd25,Calentado Colombiano,1,4 arepas,4 arepas,arepas,,4,4.0,unidad,arepas,,,,arepa,,,sin_conversion
86af720a-e16a-11ed-9fc9-a96d6180cd25,Calentado Colombiano,2,4 chorizos colombianos cocinados,4 chorizos colombianos cocinados,chorizos colombianos cocinados,,4,4.0,unidad,chorizos colombianos cocinados,,,,chorizo colombiano cocinado,,,sin_conversion
86af720b-e16a-11ed-9e17-a96d6180cd25,Sobrebarriga Sudada,5,Comino en polvo ½ cucharadita,comino en polvo 1/2 cucharadita,comino en polvo 1/2 cucharadita,,1,1.0,unidad,comino en polvo 1/2 cucharadita,,,,comino,,,sin_conversion
86af720b-e16a-11ed-9e17-a96d6180cd25,Sobrebarriga Sudada,6,Sal y pimienta a su gusto,sal y pimienta a su gusto,sal y pimienta a su gusto,,1,1.0,unidad,sal y pimienta a su gusto,,,,sal y pimienta a su gusto,,,sin_conversion
86af720b-e16a-11ed-9e17-a96d6180cd25,Sobrebarriga Sudada,9,Cilantro fresco,cilantro fresco,cilantro fresco,,1,1.0,unidad,cilantro,fresco,,,cilantro,,,sin_conversion
86af720c-e16a-11ed-beab-a96d6180cd25,Plátano Relleno de Carne Desmechada,3,1 receta de carne desmechada o ropa vieja ver la receta aquí,1 receta de carne desmechada o ropa vieja ver la receta aqui,receta de carne desmechada o ropa vieja ver la receta aqui,,1,1.0,unidad,receta de carne o ropa vieja ver la receta aqui,desmechada,,,receta de carne o ropa vieja ver la receta aqui,,,sin_conversion
86af720c-e16a-11ed-beab-a96d6180cd25,Plátano Relleno de Carne Desmechada,5,Cilantro fresco picado,cilantro fresco picado,cilantro fresco picado,,1,1.0,unidad,cilantro,fresco picado,,,cilantro,,,sin_conversion
86af720d-e16a-11ed-9947-a96d6180cd25,Lengua en Salsa Criolla,1,1 lengua de res de 3 a 4 libras,1 lengua de res de 3 a 4 libras,lengua de res de 3 a 4 libras,,1,1.0,unidad,lengua de res de 3 a 4 libras,,,,lengua de res de 3 a 4 libra,,,sin_conversion
86af720d-e16a-11ed-9947-a96d6180cd25,Lengua en Salsa Criolla,6,4 cebollas largas picadas,4 cebollas largas picadas,cebollas largas picadas,,4,4.0,unidad,cebollas largas,picadas,,,cebolla larga,,,sin_conversion
86af720d-e16a-11ed-9947-a96d6180cd25,Lengua en Salsa Criolla,10,Sal y pimienta negra,sal y pimienta negra,sal y pimienta negra,,1,1.0,unidad,sal y pimienta negra,,,,sal y pimienta negra,,,sin_conversion
86af720e-e16a-11ed-a891-a96d6180cd25,Estofado de pollo con Vegetales,1,1-1 / 4 libras de pechugas de pollo sin piel cortadas en trozos,1 1/4 libras de pechugas de pollo sin piel cortadas en trozos,/ 4 libras de pechugas de pollo sin piel cortadas en trozos,,1,1.0,unidad,1/4 libras de pechugas de pollo,sin piel cortadas en trozos,,,1 4 libra de pechuga de pollo,,,sin_conversion
86af720e-e16a-11ed-a891-a96d6180cd25,Estofado de pollo con Vegetales,2,Sal y pimienta,sal y pimienta,sal y pimienta,,1,1.0,unidad,sal y pimienta,,,,sal y pimienta,,,sin_conversion
86af720e-e16a-11ed-a891-a96d6180cd25,Estofado de pollo con Vegetales,7,2 cebollas largas picadas,2 cebollas largas picadas,cebollas largas picadas,,2,2.0,unidad,cebollas largas,picadas,,,cebolla larga,,,sin_conversion
86af720f-e16a-11ed-8091-a96d6180cd25,Sopa de Lentejas con Plátano Verde,8,Sal y pimienta,sal y pimienta,sal y pimienta,,1,1.0,unidad,sal y pimienta,,,,sal y pimienta,,,sin_conversion
86af720f-e16a-11ed-8091-a96d6180cd25,Sopa de Lentejas con Plátano Verde,12,Cilantro fresco para servir,cilantro fresco para servir,cilantro fresco para servir,,1,1.0,unidad,cilantro para servir,fresco,,,cilantro,,,sin_conversion
86af7210-e16a-11ed-8034-a96d6180cd25,Sopa de Arroz con Cola y Verduras,12,Sal y pimienta para probar,sal y pimienta para probar,sal y pimienta para probar,,1,1.0,unidad,sal y pimienta para probar,,,,sal y pimienta para probar,,,sin_conversion
86af7211-e16a-11ed-8a16-a96d6180cd25,Mazamorra Chiquita,2,Zumo de 1 limón,zumo de 1 limon,zumo de 1 limon,,1,1.0,unidad,zumo de 1 limon,,,,zumo de 1 limon,,,sin_conversion
86af7211-e16a-11ed-8a16-a96d6180cd25,Mazamorra Chiquita,5,3 cebollas largas finamente picadas,3 cebollas largas finamente picadas,cebollas largas finamente picadas,,3,3.0,unidad,cebollas largas,finamente picadas,,,cebolla larga,,,sin_conversion
86af7211-e16a-11ed-8a16-a96d6180cd25,Mazamorra Chiquita,12,1 manojo de hojas de acelga cortadas en pequeños pedazos,1 manojo de hojas de acelga cortadas en pequenos pedazos,hojas de acelga cortadas en pequenos pedazos,manojo,1,1.0,manojo,hojas de acelga en pequenos pedazos,cortadas,,,hoja de acelga en pedazo,,,sin_conversion
86af7211-e16a-11ed-8a16-a96d6180cd25,Mazamorra Chiquita,13,Sal y pimienta,sal y pimienta,sal y pimienta,,1,1.0,unidad,sal y pimienta,,,,sal y pimienta,,,sin_conversion
86af7211-e16a-11ed-8a16-a96d6180cd25,Mazamorra Chiquita,14,Agua,agua,agua,,1,1.0,unidad,agua,,,,agua,,,sin_conversion
86af7212-e16a-11ed-a17c-a96d6180cd25,Lomo de Cerdo Asado con Piña,7,Sal y pimienta al gusto,sal y pimienta al gusto,sal y pimienta al gusto,,1,1.0,unidad,sal y pimienta,,,,sal y pimienta,,,sin_conversion
86af7212-e16a-11ed-a17c-a96d6180cd25,Lomo de Cerdo Asado con Piña,8,Para el lomo de cerdo asado:,para el lomo de cerdo asado,para el lomo de cerdo asado,,1,1.0,unidad,para el lomo de cerdo,asado,,,el lomo de cerdo,,,sin_conversion
86af7212-e16a-11ed-a17c-a96d6180cd25,Lomo de Cerdo Asado con Piña,12,1 piña pelada y cortada en rodajas,1 pina pelada y cortada en rodajas,pina pelada y cortada en rodajas,,1,1.0,unidad,pina y,pelada cortada en rodajas,,,pina,,,sin_conversion
86af7212-e16a-11ed-a17c-a96d6180cd25,Lomo de Cerdo Asado con Piña,15,Cilantro fresco para servir,cilantro fresco para servir,cilantro fresco para servir,,1,1.0,unidad,cilantro para servir,fresco,,,cilantro,,,sin_conversion
86af7213-e16a-11ed-8aaa-a96d6180cd25,Arepas de Plátano Verde,6,Sal al gusto,sal al gusto,sal al gusto,,1,1.0,unidad,sal,,,,sal,,,sin_conversion
86af7213-e16a-11ed-8aaa-a96d6180cd25,Arepas de Plátano Verde,7,Mantequilla o aceite en aerosol para cocinar las arepas,mantequilla o aceite en aerosol para cocinar las arepas,mantequilla o aceite en aerosol para cocinar las arepas,,1,1.0,unidad,mantequilla o aceite en aerosol para cocinar las arepas,,,,mantequilla o aceite en aerosol para cocinar las arepa,,,sin_conversion
86af7214-e16a-11ed-b863-a96d6180cd25,Sopa de Pollo y Plátano Verde,1,2 pechugas de pollo con hueso y sin piel,2 pechugas de pollo con hueso y sin piel,pechugas de pollo con hueso y sin piel,,2,2.0,unidad,pechugas de pollo con hueso y,sin piel,,,pechuga de pollo con hueso,,,sin_conversion
86af7214-e16a-11ed-b863-a96d6180cd25,Sopa de Pollo y Plátano Verde,6,6 cebollas largas picadas,6 cebollas largas picadas,cebollas largas picadas,,6,6.0,unidad,cebollas largas,picadas,,,cebolla larga,,,sin_conversion
86af7214-e16a-11ed-b863-a96d6180cd25,Sopa de Pollo y Plátano Verde,10,Sal y pimienta al gusto,sal y pimienta al gusto,sal y pimienta al gusto,,1,1.0,unidad,sal y pimienta,,,,sal y pimienta,,,sin_conversion
86af7215-e16a-11ed-9355-a96d6180cd25,Pescado Relleno de Mariscos,1,"2 pescados (pargo, lubina, trucha o tilapia, limpios y escalados)","2 pescados pargo, lubina, trucha o tilapia, limpios y escalados","pescados pargo, lubina, trucha o tilapia, limpios y escalados",,2,2.0,unidad,pescados,,,,pescado,,,sin_conversion
86af7215-e16a-11ed-9355-a96d6180cd25,Pescado Relleno de Mariscos,2,El jugo de 2 limones,el jugo de 2 limones,el jugo de 2 limones,,1,1.0,unidad,el jugo de 2 limones,,,,jugo de 2 limon,,,sin_conversion
86af7215-e16a-11ed-9355-a96d6180cd25,Pescado Relleno de Mariscos,3,Sal y pimienta,sal y pimienta,sal y pimienta,,1,1.0,unidad,sal y pimienta,,,,sal y pimienta,,,sin_conversion
86af7215-e16a-11ed-9355-a96d6180cd25,Pescado Relleno de Mariscos,14,Sal y pimienta al gusto,sal y pimienta al gusto,sal y pimienta al gusto,,1,1.0,unidad,sal y pimienta,,,,sal y pimienta,,,sin_conversion
86af7215-e16a-11ed-9355-a96d6180cd25,Pescado Relleno de Mariscos,19,Sal y pimienta al gusto,sal y pimienta al gusto,sal y pimienta al gusto,,1,1.0,unidad,sal y pimienta,,,,sal y pimienta,,,sin_conversion
86af7216-e16a-11ed-98e5-a96d6180cd25,Salmón con Aderezo Balsámico Dulce y Puré de Camote y Plátano,1,2 filetes de salmón 4 a 6 oz cada uno,2 filetes de salmon 4 a 6 oz cada uno,filetes de salmon 4 a 6 oz cada uno,,2,2.0,unidad,salmon 4 a 6 oz cada uno,filetes,,,salmon 4 a 6 oz cada uno,,,sin_conversion
86af7216-e16a-11ed-98e5-a96d6180cd25,Salmón con Aderezo Balsámico Dulce y Puré de Camote y Plátano,3,Sal y pimienta,sal y pimienta,sal y pimienta,,1,1.0,unidad,sal y pimienta,,,,sal y pimienta,,,sin_conversion
86af7216-e16a-11ed-98e5-a96d6180cd25,Salmón con Aderezo Balsámico Dulce y Puré de Camote y Plátano,4,1 batata grande pelada y cortada en trozos,1 batata grande pelada y cortada en trozos,batata grande pelada y cortada en trozos,,1,1.0,unidad,batata y,grande pelada cortada en trozos,,,batata,,,sin_conversion
86af7216-e16a-11ed-98e5-a96d6180cd25,Salmón con Aderezo Balsámico Dulce y Puré de Camote y Plátano,9,Sal y pimienta,sal y pimienta,sal y pimienta,,1,1.0,unidad,sal y pimienta,,,,sal y pimienta,,,sin_conversion
86af7217-e16a-11ed-a197-a96d6180cd25,Arroz Atollado de Pescado,3,2 cebollas largas picadas,2 cebollas largas picadas,cebollas largas picadas,,2,2.0,unidad,cebollas largas,picadas,,,cebolla larga,,,sin_conversion
86af7217-e16a-11ed-a197-a96d6180cd25,Arroz Atollado de Pescado,4,1 pimentón rojo pequeño cortado en cubitos,1 pimenton rojo pequeno cortado en cubitos,pimenton rojo pequeno cortado en cubitos,,1,1.0,unidad,pimenton rojo,pequeno cortado en cubitos,,,pimenton,,,sin_conversion
86af7218-e16a-11ed-830f-a96d6180cd25,Arepas de Plátano Maduro,7,Sal al gusto,sal al gusto,sal al gusto,,1,1.0,unidad,sal,,,,sal,,,sin_conversion
86af7218-e16a-11ed-830f-a96d6180cd25,Arepas de Plátano Maduro,8,Mantequilla o aceite en aerosol para cocinar las arepas,mantequilla o aceite en aerosol para cocinar las arepas,mantequilla o aceite en aerosol para cocinar las arepas,,1,1.0,unidad,mantequilla o aceite en aerosol para cocinar las arepas,,,,mantequilla o aceite en aerosol para cocinar las arepa,,,sin_conversion
86af7219-e16a-11ed-af49-a96d6180cd25,Pasta con Salsa de Champiñones,6,Sal y pimienta,sal y pimienta,sal y pimienta,,1,1.0,unidad,sal y pimienta,,,,sal y pimienta,,,sin_conversion
86af7219-e16a-11ed-af49-a96d6180cd25,Pasta con Salsa de Champiñones,10,1 y ½ taza de queso Parmigiano-Reggiano,1 y 1/2 taza de queso parmigiano reggiano,y 1/2 taza de queso parmigiano reggiano,,1,1.0,unidad,y 1/2 taza de queso parmigiano reggiano,,,,1 2 taza de queso parmigiano reggiano,,,sin_conversion
86af721a-e16a-11ed-8daa-a96d6180cd25,Ensalada de Pollo a la Plancha con Aderezo de Mango y Chipotle,6,Sal y pimienta al gusto,sal y pimienta al gusto,sal y pimienta al gusto,,1,1.0,unidad,sal y pimienta,,,,sal y pimienta,,,sin_conversion
86af721a-e16a-11ed-8daa-a96d6180cd25,Ensalada de Pollo a la Plancha con Aderezo de Mango y Chipotle,7,2 cabezas de lechuga romana picada,2 cabezas de lechuga romana picada,cabezas de lechuga romana picada,,2,2.0,unidad,cabezas de lechuga romana,picada,,,cabeza de lechuga romana,,,sin_conversion
86af721a-e16a-11ed-8daa-a96d6180cd25,Ensalada de Pollo a la Plancha con Aderezo de Mango y Chipotle,9,1 aguacate pelado y cortado en rodajas,1 aguacate pelado y cortado en rodajas,aguacate pelado y cortado en rodajas,,1,1.0,unidad,aguacate y,pelado cortado en rodajas,,,aguacate,,,sin_conversion
86af721a-e16a-11ed-8daa-a96d6180cd25,Ensalada de Pollo a la Plancha con Aderezo de Mango y Chipotle,10,½ pepino Inglés cortado en rodajas,1/2 pepino ingles cortado en rodajas,pepino ingles cortado en rodajas,,1/2,0.5,unidad,pepino ingles,cortado en rodajas,,,pepino ingl,,,sin_conversion
86af721b-e16a-11ed-8a86-a96d6180cd25,Tortilla Paisa o Antioqueña,4,10 tajadas de plátano,10 tajadas de platano,tajadas de platano,,10,10.0,tajadas,platano,,,,platano,,,sin_conversion
86af721b-e16a-11ed-8a86-a96d6180cd25,Tortilla Paisa o Antioqueña,6,Sal y pimienta al gusto,sal y pimienta al gusto,sal y pimienta al gusto,,1,1.0,unidad,sal y pimienta,,,,sal y pimienta,,,sin_conversion
86af721c-e16a-11ed-a413-a96d6180cd25,Camarones a la Criolla con Coco,11,Sal y pimienta,sal y pimienta,sal y pimienta,,1,1.0,unidad,sal y pimienta,,,,sal y pimienta,,,sin_conversion
86af721c-e16a-11ed-a413-a96d6180cd25,Camarones a la Criolla con Coco,12,1 hoja de laurel,1 hoja de laurel,laurel,hoja,1,1.0,hoja,laurel,,,,laurel,,,sin_conversion
86af721c-e16a-11ed-a413-a96d6180cd25,Camarones a la Criolla con Coco,13,Pimienta recién molida,pimienta recien molida,pimienta recien molida,,1,1.0,unidad,pimienta recien,molida,,,pimienta recien,,,sin_conversion
86af721c-e16a-11ed-a413-a96d6180cd25,Camarones a la Criolla con Coco,14,2 latas de leche de coco,2 latas de leche de coco,leche de coco,lata,2,2.0,latas,leche de coco,,,,leche de coco,,,sin_conversion
86af721d-e16a-11ed-971b-a96d6180cd25,Arepas con Pollo y Aguacate,1,4 arepas delgadas,4 arepas delgadas,arepas delgadas,,4,4.0,unidad,arepas delgadas,,,,arepa delgada,,,sin_conversion
86af721d-e16a-11ed-971b-a96d6180cd25,Arepas con Pollo y Aguacate,2,2 aguacates pequeños,2 aguacates pequenos,aguacates pequenos,,2,2.0,unidad,aguacates pequenos,,,,aguacat,,,sin_conversion
86af721d-e16a-11ed-971b-a96d6180cd25,Arepas con Pollo y Aguacate,3,"4 pechugas de pollo con hueso, piel de","4 pechugas de pollo con hueso, piel de","pechugas de pollo con hueso, piel de",,4,4.0,unidad,"pechugas de pollo con hueso, piel",,,,pechuga de pollo con hueso piel,,,sin_conversion
86af721d-e16a-11ed-971b-a96d6180cd25,Arepas con Pollo y Aguacate,4,Aceite de oliva,aceite de oliva,aceite de oliva,,1,1.0,unidad,aceite de oliva,,,,aceite de oliva,,,sin_conversion
86af721d-e16a-11ed-971b-a96d6180cd25,Arepas con Pollo y Aguacate,5,Sal y pimienta molida,sal y pimienta molida,sal y pimienta molida,,1,1.0,unidad,sal y pimienta,molida,,,sal y pimienta,,,sin_conversion
86af721e-e16a-11ed-88b8-a96d6180cd25,Camarones al Ajillo,3,8 dientes de ajo finamente rebanados,8 dientes de ajo finamente rebanados,ajo finamente rebanados,diente,8,8.0,dientes,ajo rebanados,finamente,,,ajo rebanado,,,sin_conversion
86af721e-e16a-11ed-88b8-a96d6180cd25,Camarones al Ajillo,5,Sal y pimienta negra al gusto,sal y pimienta negra al gusto,sal y pimienta negra al gusto,,1,1.0,unidad,sal y pimienta negra,,,,sal y pimienta negra,,,sin_conversion
86af721f-e16a-11ed-a427-a96d6180cd25,Mute Santandereano,1,Agua,agua,agua,,1,1.0,unidad,agua,,,,agua,,,sin_conversion
86af721f-e16a-11ed-a427-a96d6180cd25,Mute Santandereano,3,El jugo de 1 limón,el jugo de 1 limon,el jugo de 1 limon,,1,1.0,unidad,el jugo de 1 limon,,,,jugo de 1 limon,,,sin_conversion
86af721f-e16a-11ed-a427-a96d6180cd25,Mute Santandereano,11,2 cebollas largas picadas,2 cebollas largas picadas,cebollas largas picadas,,2,2.0,unidad,cebollas largas,picadas,,,cebolla larga,,,sin_conversion
86af721f-e16a-11ed-a427-a96d6180cd25,Mute Santandereano,19,1 lata 15.5 oz de maíz pelao,1 lata 15.5 oz de maiz pelao,15.5 oz de maiz pelao,lata,1,1.0,lata,15.5 oz de maiz pelao,,,,15 5 oz de maiz pelao,,,sin_conversion
86af721f-e16a-11ed-a427-a96d6180cd25,Mute Santandereano,21,Perejil fresco o cilantro,perejil fresco o cilantro,perejil fresco o cilantro,,1,1.0,unidad,perejil o cilantro,fresco,,,cilantro,,,sin_conversion
86af7220-e16a-11ed-afbb-a96d6180cd25,Pollo al Limón y Miel,1,4 pechugas de pollo con hueso y con piel,4 pechugas de pollo con hueso y con piel,pechugas de pollo con hueso y con piel,,4,4.0,unidad,pechugas de pollo con hueso y con piel,,,,pechuga de pollo con hueso y con piel,,,sin_conversion
86af7220-e16a-11ed-afbb-a96d6180cd25,Pollo al Limón y Miel,3,Sal y pimienta molida al gusto,sal y pimienta molida al gusto,sal y pimienta molida al gusto,,1,1.0,unidad,sal y pimienta,molida,,,sal y pimienta,,,sin_conversion
86af7221-e16a-11ed-81d3-a96d6180cd25,Crema de Pollo,4,3 cebollas largas picadas,3 cebollas largas picadas,cebollas largas picadas,,3,3.0,unidad,cebollas largas,picadas,,,cebolla larga,,,sin_conversion
86af7221-e16a-11ed-81d3-a96d6180cd25,Crema de Pollo,5,4 dientes de ajo machacados,4 dientes de ajo machacados,ajo machacados,diente,4,4.0,dientes,ajo machacados,,,,ajo machacado,,,sin_conversion
86af7221-e16a-11ed-81d3-a96d6180cd25,Crema de Pollo,11,Sal y pimienta,sal y pimienta,sal y pimienta,,1,1.0,unidad,sal y pimienta,,,,sal y pimienta,,,sin_conversion
86af7222-e16a-11ed-b744-a96d6180cd25,Pastel San Pedrino,5,Sal y pimienta al gusto,sal y pimienta al gusto,sal y pimienta al gusto,,1,1.0,unidad,sal y pimienta,,,,sal y pimienta,,,sin_conversion
86af7222-e16a-11ed-b744-a96d6180cd25,Pastel San Pedrino,10,2 patatas grandes peladas y cocidas,2 patatas grandes peladas y cocidas,patatas grandes peladas y cocidas,,2,2.0,unidad,patatas grandes peladas y cocidas,,,,patata,,,sin_conversion
86af7223-e16a-11ed-9d68-a96d6180cd25,Cocido Boyacense,2,5 cebollas largas picadas,5 cebollas largas picadas,cebollas largas picadas,,5,5.0,unidad,cebollas largas,picadas,,,cebolla larga,,,sin_conversion
86af7223-e16a-11ed-9d68-a96d6180cd25,Cocido Boyacense,3,4 to mates maduros picados,4 to mates maduros picados,to mates maduros picados,,4,4.0,unidad,to mates maduros,picados,,,to mat maduro,,,sin_conversion
86af7223-e16a-11ed-9d68-a96d6180cd25,Cocido Boyacense,10,4 mazorcas de maíz,4 mazorcas de maiz,mazorcas de maiz,,4,4.0,unidad,mazorcas de maiz,,,,mazorca de maiz,,,sin_conversion
86af7224-e16a-11ed-991c-a96d6180cd25,Chicharrón de Pescado con Ají de Mango,2,Sal y pimienta al gusto,sal y pimienta al gusto,sal y pimienta al gusto,,1,1.0,unidad,sal y pimienta,,,,sal y pimienta,,,sin_conversion
86af7224-e16a-11ed-991c-a96d6180cd25,Chicharrón de Pescado con Ají de Mango,3,El jugo de 2 limones,el jugo de 2 limones,el jugo de 2 limones,,1,1.0,unidad,el jugo de 2 limones,,,,jugo de 2 limon,,,sin_conversion
86af7224-e16a-11ed-991c-a96d6180cd25,Chicharrón de Pescado con Ají de Mango,5,Vegetal o aceite de canola para freír,vegetal o aceite de canola para freir,vegetal o aceite de canola para freir,,1,1.0,unidad,vegetal o aceite de canola para freir,,,,vegetal o aceite de canola para freir,,,sin_conversion
86af7224-e16a-11ed-991c-a96d6180cd25,Chicharrón de Pescado con Ají de Mango,6,1 ají amarillo peruano o medio habanero sin semillas,1 aji amarillo peruano o medio habanero sin semillas,aji amarillo peruano o medio habanero sin semillas,,1,1.0,unidad,aji amarillo peruano o 1/2 habanero,sin semillas,,,aji peruano o 1 2 habanero,,,sin_conversion
86af7224-e16a-11ed-991c-a96d6180cd25,Chicharrón de Pescado con Ají de Mango,10,Sal y pimienta al gusto,sal y pimienta al gusto,sal y pimienta al gusto,,1,1.0,unidad,sal y pimienta,,,,sal y pimienta,,,sin_conversion
86af7225-e16a-11ed-a2af-a96d6180cd25,Picillo de Pescado,4,3 cebollas largas picadas,3 cebollas largas picadas,cebollas largas picadas,,3,3.0,unidad,cebollas largas,picadas,,,cebolla larga,,,sin_conversion
86af7225-e16a-11ed-a2af-a96d6180cd25,Picillo de Pescado,6,1 pimentón rojo cortado en cubitos,1 pimenton rojo cortado en cubitos,pimenton rojo cortado en cubitos,,1,1.0,unidad,pimenton rojo,cortado en cubitos,,,pimenton,,,sin_conversion
86af7225-e16a-11ed-a2af-a96d6180cd25,Picillo de Pescado,7,2 to mates grandes picados,2 to mates grandes picados,to mates grandes picados,,2,2.0,unidad,to mates grandes,picados,,,to mat,,,sin_conversion
86af7225-e16a-11ed-a2af-a96d6180cd25,Picillo de Pescado,8,Sal y pimienta molida,sal y pimienta molida,sal y pimienta molida,,1,1.0,unidad,sal y pimienta,molida,,,sal y pimienta,,,sin_conversion
86af7226-e16a-11ed-94f4-a96d6180cd25,Asado Huilense,3,4 cebolllas largas picadas,4 cebolllas largas picadas,cebolllas largas picadas,,4,4.0,unidad,cebolllas largas,picadas,,,cebollla larga,,,sin_conversion
86af7226-e16a-11ed-94f4-a96d6180cd25,Asado Huilense,4,2 latas de cerveza,2 latas de cerveza,cerveza,lata,2,2.0,latas,cerveza,,,,cerveza,,,sin_conversion
86af7226-e16a-11ed-94f4-a96d6180cd25,Asado Huilense,6,Un cuarto de taza de vinagre blanco,un cuarto de taza de vinagre blanco,un cuarto de taza de vinagre blanco,,1,1.0,unidad,cuarto de taza de vinagre blanco,,,,cuarto de taza de vinagre,,,sin_conversion
86af7226-e16a-11ed-94f4-a96d6180cd25,Asado Huilense,7,Sal y pimienta al gusto,sal y pimienta al gusto,sal y pimienta al gusto,,1,1.0,unidad,sal y pimienta,,,,sal y pimienta,,,sin_conversion
86af7227-e16a-11ed-a2d6-a96d6180cd25,Tapao de Pescado,5,4 cebollas largas picadas,4 cebollas largas picadas,cebollas largas picadas,,4,4.0,unidad,cebollas largas,picadas,,,cebolla larga,,,sin_conversion
86af7227-e16a-11ed-a2d6-a96d6180cd25,Tapao de Pescado,8,Sal y pimienta al gusto,sal y pimienta al gusto,sal y pimienta al gusto,,1,1.0,unidad,sal y pimienta,,,,sal y pimienta,,,sin_conversion
86af7228-e16a-11ed-9187-a96d6180cd25,Encocado de Pescado y Camarón,3,El jugo de 1 limón,el jugo de 1 limon,el jugo de 1 limon,,1,1.0,unidad,el jugo de 1 limon,,,,jugo de 1 limon,,,sin_conversion
86af7228-e16a-11ed-9187-a96d6180cd25,Encocado de Pescado y Camarón,6,2 to mates pequeños pelados y picados,2 to mates pequenos pelados y picados,to mates pequenos pelados y picados,,2,2.0,unidad,to mates pequenos pelados y,picados,,,to mat,,,sin_conversion
86af7228-e16a-11ed-9187-a96d6180cd25,Encocado de Pescado y Camarón,7,3 cebollas largas finamente picadas,3 cebollas largas finamente picadas,cebollas largas finamente picadas,,3,3.0,unidad,cebollas largas,finamente picadas,,,cebolla larga,,,sin_conversion
86af7228-e16a-11ed-9187-a96d6180cd25,Encocado de Pescado y Camarón,8,1 pimientuón cortado en cubitos,1 pimientuon cortado en cubitos,pimientuon cortado en cubitos,,1,1.0,unidad,pimientuon,cortado en cubitos,,,pimientuon,,,sin_conversion
86af7228-e16a-11ed-9187-a96d6180cd25,Encocado de Pescado y Camarón,11,1 lata de14 oz de leche de coco,1 lata de14 oz de leche de coco,de14 oz de leche de coco,lata,1,1.0,lata,de14 oz de leche de coco,,,,de14 oz de leche de coco,,,sin_conversion
86af7228-e16a-11ed-9187-a96d6180cd25,Encocado de Pescado y Camarón,14,Sal y pimienta al gusto,sal y pimienta al gusto,sal y pimienta al gusto,,1,1.0,unidad,sal y pimienta,,,,sal y pimienta,,,sin_conversion
86af7229-e16a-11ed-9455-a96d6180cd25,Ceviche de Camarón con Coco,7,½ de cilantro fresco finamente picado,1/2 de cilantro fresco finamente picado,de cilantro fresco finamente picado,,1/2,0.5,unidad,cilantro,fresco finamente picado,,,cilantro,,,sin_conversion
86af7229-e16a-11ed-9455-a96d6180cd25,Ceviche de Camarón con Coco,8,Sal y pimienta,sal y pimienta,sal y pimienta,,1,1.0,unidad,sal y pimienta,,,,sal y pimienta,,,sin_conversion
86af722a-e16a-11ed-b4cc-a96d6180cd25,Salmón con Mango y Aguacate,5,Sal y pimienta,sal y pimienta,sal y pimienta,,1,1.0,unidad,sal y pimienta,,,,sal y pimienta,,,sin_conversion
86af722a-e16a-11ed-b4cc-a96d6180cd25,Salmón con Mango y Aguacate,6,1 aguacate pelado y en rodajas,1 aguacate pelado y en rodajas,aguacate pelado y en rodajas,,1,1.0,unidad,aguacate y,pelado en rodajas,,,aguacate,,,sin_conversion
86af722a-e16a-11ed-b4cc-a96d6180cd25,Salmón con Mango y Aguacate,7,1 mango pelado y en rodajas,1 mango pelado y en rodajas,mango pelado y en rodajas,,1,1.0,unidad,mango y,pelado en rodajas,,,mango,,,sin_conversion
86af722a-e16a-11ed-b4cc-a96d6180cd25,Salmón con Mango y Aguacate,10,Sal y pimienta al gusto,sal y pimienta al gusto,sal y pimienta al gusto,,1,1.0,unidad,sal y pimienta,,,,sal y pimienta,,,sin_conversion
86af722b-e16a-11ed-a270-a96d6180cd25,Pusundao de Carne Serrana,10,2 huevos duros,2 huevos duros,huevos duros,,2,2.0,unidad,huevos duros,,,,huevo duro,,,sin_conversion
86af722b-e16a-11ed-a270-a96d6180cd25,Pusundao de Carne Serrana,11,Sal y pimienta al gusto,sal y pimienta al gusto,sal y pimienta al gusto,,1,1.0,unidad,sal y pimienta,,,,sal y pimienta,,,sin_conversion
86af722c-e16a-11ed-8a43-a96d6180cd25,Arepa con Carne a la Criolla,4,Una pizca de sal,una pizca de sal,una pizca de sal,,1,1.0,pizca,sal,,,,sal,,,sin_conversion
86af722c-e16a-11ed-8a43-a96d6180cd25,Arepa con Carne a la Criolla,11,Sal y pimienta negra al gusto,sal y pimienta negra al gusto,sal y pimienta negra al gusto,,1,1.0,unidad,sal y pimienta negra,,,,sal y pimienta negra,,,sin_conversion
86af722d-e16a-11ed-9f0d-a96d6180cd25,Guiso de Cola,2,Sal y pimienta,sal y pimienta,sal y pimienta,,1,1.0,unidad,sal y pimienta,,,,sal y pimienta,,,sin_conversion
86af722d-e16a-11ed-9f0d-a96d6180cd25,Guiso de Cola,4,3 cebolllas largas picadas,3 cebolllas largas picadas,cebolllas largas picadas,,3,3.0,unidad,cebolllas largas,picadas,,,cebollla larga,,,sin_conversion
86af722e-e16a-11ed-9999-a96d6180cd25,Pollo a la Plancha,1,4 pechugas de pollo sin hueso y sin piel,4 pechugas de pollo sin hueso y sin piel,pechugas de pollo sin hueso y sin piel,,4,4.0,unidad,pechugas de pollo sin hueso y,sin piel,,,pechuga de pollo sin hueso,,,sin_conversion
86af722e-e16a-11ed-9999-a96d6180cd25,Pollo a la Plancha,3,3 cebollas largas picadas,3 cebollas largas picadas,cebollas largas picadas,,3,3.0,unidad,cebollas largas,picadas,,,cebolla larga,,,sin_conversion
86af722e-e16a-11ed-9999-a96d6180cd25,Pollo a la Plancha,5,5 dientes de ajo machacados,5 dientes de ajo machacados,ajo machacados,diente,5,5.0,dientes,ajo machacados,,,,ajo machacado,,,sin_conversion
86af722e-e16a-11ed-9999-a96d6180cd25,Pollo a la Plancha,8,Sal y pimienta,sal y pimienta,sal y pimienta,,1,1.0,unidad,sal y pimienta,,,,sal y pimienta,,,sin_conversion
86af722f-e16a-11ed-bcd1-a96d6180cd25,Crema de Plátano Verde,5,2 cebollas largas picadas,2 cebollas largas picadas,cebollas largas picadas,,2,2.0,unidad,cebollas largas,picadas,,,cebolla larga,,,sin_conversion
86af722f-e16a-11ed-bcd1-a96d6180cd25,Crema de Plátano Verde,6,Sal y pimienta al gusto,sal y pimienta al gusto,sal y pimienta al gusto,,1,1.0,unidad,sal y pimienta,,,,sal y pimienta,,,sin_conversion
86af7230-e16a-11ed-8c8d-a96d6180cd25,Patacones con Carne Desmechada,1,8 patacones receta aquí,8 patacones receta aqui,patacones receta aqui,,8,8.0,unidad,patacones receta aqui,,,,patacon receta aqui,,,sin_conversion
86af7230-e16a-11ed-8c8d-a96d6180cd25,Patacones con Carne Desmechada,2,Carne desmechada o ropa vieja receta aquí,carne desmechada o ropa vieja receta aqui,carne desmechada o ropa vieja receta aqui,,1,1.0,unidad,carne o ropa vieja receta aqui,desmechada,,,carne o ropa vieja receta aqui,,,sin_conversion
86af7231-e16a-11ed-8216-a96d6180cd25,Picada o Fritanga Colombiana,5,Patacones receta aquí,patacones receta aqui,patacones receta aqui,,1,1.0,unidad,patacones receta aqui,,,,patacon receta aqui,,,sin_conversion
86af7231-e16a-11ed-8216-a96d6180cd25,Picada o Fritanga Colombiana,6,Yuca frita Ver receta,yuca frita ver receta,yuca frita ver receta,,1,1.0,unidad,yuca ver receta,frita,,,yuca,,,sin_conversion
86af7231-e16a-11ed-8216-a96d6180cd25,Picada o Fritanga Colombiana,8,1 to mate grande cortado en trozos,1 to mate grande cortado en trozos,to mate grande cortado en trozos,,1,1.0,unidad,to mate,grande cortado en trozos,,,to mate,,,sin_conversion
86af7231-e16a-11ed-8216-a96d6180cd25,Picada o Fritanga Colombiana,9,Rodajas de limuón para servir,rodajas de limuon para servir,rodajas de limuon para servir,,1,1.0,unidad,limuon para servir,rodajas,,,limuon para servir,,,sin_conversion
86af7231-e16a-11ed-8216-a96d6180cd25,Picada o Fritanga Colombiana,10,Guacamole para servir receta aquí,guacamole para servir receta aqui,guacamole para servir receta aqui,,1,1.0,unidad,guacamole para servir receta aqui,,,,guacamole para servir receta aqui,,,sin_conversion
86af7231-e16a-11ed-8216-a96d6180cd25,Picada o Fritanga Colombiana,11,Hogao para servir receta aquí,hogao para servir receta aqui,hogao para servir receta aqui,,1,1.0,unidad,hogao para servir receta aqui,,,,hogao para servir receta aqui,,,sin_conversion
86af7231-e16a-11ed-8216-a96d6180cd25,Picada o Fritanga Colombiana,12,Ají para servir receta aquí,aji para servir receta aqui,aji para servir receta aqui,,1,1.0,unidad,aji para servir receta aqui,,,,aji para servir receta aqui,,,sin_conversion
86af7232-e16a-11ed-9f9f-a96d6180cd25,Capón de Ahuyama o Calabaza,1,2 calabazas medianas lavadas,2 calabazas medianas lavadas,calabazas medianas lavadas,,2,2.0,unidad,calabazas medianas lavadas,,,,calabaza,,,sin_conversion
86af7232-e16a-11ed-9f9f-a96d6180cd25,Capón de Ahuyama o Calabaza,8,Una pizca de achiote,una pizca de achiote,una pizca de achiote,,1,1.0,pizca,achiote,,,,achiote,,,sin_conversion
86af7232-e16a-11ed-9f9f-a96d6180cd25,Capón de Ahuyama o Calabaza,11,Sal y pimienta al gusto,sal y pimienta al gusto,sal y pimienta al gusto,,1,1.0,unidad,sal y pimienta,,,,sal y pimienta,,,sin_conversion
86af7233-e16a-11ed-a37d-a96d6180cd25,Viudo de Pescado,3,2 dientes de ajo enteros,2 dientes de ajo enteros,ajo enteros,diente,2,2.0,dientes,ajo enteros,,,,ajo entero,,,sin_conversion
86af7233-e16a-11ed-a37d-a96d6180cd25,Viudo de Pescado,4,2 cebollas largas,2 cebollas largas,cebollas largas,,2,2.0,unidad,cebollas largas,,,,cebolla larga,,,sin_conversion
86af7233-e16a-11ed-a37d-a96d6180cd25,Viudo de Pescado,6,2 pluátanos verdes pelados y cortados en trozos grandes,2 pluatanos verdes pelados y cortados en trozos grandes,pluatanos verdes pelados y cortados en trozos grandes,,2,2.0,unidad,pluatanos verdes pelados y grandes,cortados en trozos,,,pluatano,,,sin_conversion
86af7233-e16a-11ed-a37d-a96d6180cd25,Viudo de Pescado,11,Sal y pimienta al gusto,sal y pimienta al gusto,sal y pimienta al gusto,,1,1.0,unidad,sal y pimienta,,,,sal y pimienta,,,sin_conversion
86af7234-e16a-11ed-a0e4-a96d6180cd25,Sobrebarriga al Horno,4,1 cerveza oscura,1 cerveza oscura,cerveza oscura,,1,1.0,unidad,cerveza oscura,,,,cerveza oscura,,,sin_conversion
86af7234-e16a-11ed-a0e4-a96d6180cd25,Sobrebarriga al Horno,5,Sal y pimienta al gusto,sal y pimienta al gusto,sal y pimienta al gusto,,1,1.0,unidad,sal y pimienta,,,,sal y pimienta,,,sin_conversion
86af7235-e16a-11ed-ad34-a96d6180cd25,Mote de Queso,1,1 ñame alrededor de 3 libras pelados y cortado en trozos,1 name alrededor de 3 libras pelados y cortado en trozos,name alrededor de 3 libras pelados y cortado en trozos,,1,1.0,unidad,name alrededor de 3 libras pelados y,cortado en trozos,,,name alrededor de 3 libra,,,sin_conversion
86af7235-e16a-11ed-ad34-a96d6180cd25,Mote de Queso,3,4 cebollas largas picadas,4 cebollas largas picadas,cebollas largas picadas,,4,4.0,unidad,cebollas largas,picadas,,,cebolla larga,,,sin_conversion
86af7235-e16a-11ed-ad34-a96d6180cd25,Mote de Queso,10,Cilantro fresco para decorar,cilantro fresco para decorar,cilantro fresco para decorar,,1,1.0,unidad,cilantro,fresco,,,cilantro,,,sin_conversion
86af7235-e16a-11ed-ad34-a96d6180cd25,Mote de Queso,11,Sal al gusto,sal al gusto,sal al gusto,,1,1.0,unidad,sal,,,,sal,,,sin_conversion
86af7235-e16a-11ed-ad34-a96d6180cd25,Mote de Queso,12,El jugo de un limón,el jugo de un limon,el jugo de un limon,,1,1.0,unidad,el jugo de 1 limon,,,,jugo de 1 limon,,,sin_conversion
86af7236-e16a-11ed-ab09-a96d6180cd25,Sancocho de Cola Colombiano,3,3 mazorcas de maíz fresco cortado en trozos,3 mazorcas de maiz fresco cortado en trozos,mazorcas de maiz fresco cortado en trozos,,3,3.0,unidad,mazorcas de maiz,fresco cortado en trozos,,,mazorca de maiz,,,sin_conversion
86af7236-e16a-11ed-ab09-a96d6180cd25,Sancocho de Cola Colombiano,5,Sal y pimienta al gusto,sal y pimienta al gusto,sal y pimienta al gusto,,1,1.0,unidad,sal y pimienta,,,,sal y pimienta,,,sin_conversion
86af7237-e16a-11ed-8ed8-a96d6180cd25,Puchero Santafereño,1,3 mazorcas de maíz fresco cortado en 3 piezas,3 mazorcas de maiz fresco cortado en 3 piezas,mazorcas de maiz fresco cortado en 3 piezas,,3,3.0,unidad,mazorcas de maiz en 3 piezas,fresco cortado,,,mazorca de maiz en 3 pieza,,,sin_conversion
86af7237-e16a-11ed-8ed8-a96d6180cd25,Puchero Santafereño,4,1 pollo grande entero,1 pollo grande entero,pollo grande entero,,1,1.0,unidad,pollo entero,grande,,,pollo entero,,,sin_conversion
86af7237-e16a-11ed-8ed8-a96d6180cd25,Puchero Santafereño,7,6 chorizos,6 chorizos,chorizos,,6,6.0,unidad,chorizos,,,,chorizo,,,sin_conversion
86af7237-e16a-11ed-8ed8-a96d6180cd25,Puchero Santafereño,8,Sal y pimienta,sal y pimienta,sal y pimienta,,1,1.0,unidad,sal y pimienta,,,,sal y pimienta,,,sin_conversion
86af7237-e16a-11ed-8ed8-a96d6180cd25,Puchero Santafereño,12,Medio repollo pequeño cortado en trozos,medio repollo pequeno cortado en trozos,medio repollo pequeno cortado en trozos,,1/2,0.5,unidad,repollo,pequeno cortado en trozos,,,repollo,,,sin_conversion
86af7237-e16a-11ed-8ed8-a96d6180cd25,Puchero Santafereño,13,Un tercio de taza de cilantro fresco picado,un tercio de taza de cilantro fresco picado,un tercio de taza de cilantro fresco picado,,1,1.0,unidad,tercio de taza de cilantro,fresco picado,,,cilantro,,,sin_conversion
86af7238-e16a-11ed-97bc-a96d6180cd25,Sancocho o Sopa de Guandú,13,2 cebollas largas finamente picado,2 cebollas largas finamente picado,cebollas largas finamente picado,,2,2.0,unidad,cebollas largas,finamente picado,,,cebolla larga,,,sin_conversion
86af7238-e16a-11ed-97bc-a96d6180cd25,Sancocho o Sopa de Guandú,14,1 pimentón rojo finamente picado,1 pimenton rojo finamente picado,pimenton rojo finamente picado,,1,1.0,unidad,pimenton rojo,finamente picado,,,pimenton,,,sin_conversion
86af7238-e16a-11ed-97bc-a96d6180cd25,Sancocho o Sopa de Guandú,16,2 ají dulce finamente picado,2 aji dulce finamente picado,aji dulce finamente picado,,2,2.0,unidad,aji dulce,finamente picado,,,aji dulce,,,sin_conversion
86af7238-e16a-11ed-97bc-a96d6180cd25,Sancocho o Sopa de Guandú,18,Sal y pimienta,sal y pimienta,sal y pimienta,,1,1.0,unidad,sal y pimienta,,,,sal y pimienta,,,sin_conversion
86af7238-e16a-11ed-97bc-a96d6180cd25,Sancocho o Sopa de Guandú,19,Cilantro fresco,cilantro fresco,cilantro fresco,,1,1.0,unidad,cilantro,fresco,,,cilantro,,,sin_conversion
86af7239-e16a-11ed-ae11-a96d6180cd25,Cayeye y Cabeza de Gato,5,2 cebollas largas cortadas en trozos pequeños,2 cebollas largas cortadas en trozos pequenos,cebollas largas cortadas en trozos pequenos,,2,2.0,unidad,cebollas largas pequenos,cortadas en trozos,,,cebolla larga,,,sin_conversion
86af7239-e16a-11ed-ae11-a96d6180cd25,Cayeye y Cabeza de Gato,9,Sal y pimienta para probar,sal y pimienta para probar,sal y pimienta para probar,,1,1.0,unidad,sal y pimienta para probar,,,,sal y pimienta para probar,,,sin_conversion
86af7239-e16a-11ed-ae11-a96d6180cd25,Cayeye y Cabeza de Gato,10,Aguacate para servir,aguacate para servir,aguacate para servir,,1,1.0,unidad,aguacate para servir,,,,aguacate para servir,,,sin_conversion
86af7239-e16a-11ed-ae11-a96d6180cd25,Cayeye y Cabeza de Gato,11,queso costeño rallado para servir,queso costeno rallado para servir,queso costeno rallado para servir,,1,1.0,unidad,queso costeno para servir,rallado,,,queso costeno para servir,,,sin_conversion
86af7239-e16a-11ed-ae11-a96d6180cd25,Cayeye y Cabeza de Gato,12,huevos fritos o revueltos para servir,huevos fritos o revueltos para servir,huevos fritos o revueltos para servir,,1,1.0,unidad,huevos fritos o revueltos para servir,,,,huevo frito o revuelto para servir,,,sin_conversion
86af723a-e16a-11ed-9503-a96d6180cd25,Empanaditas de Carne,3,½ pimientón cortado en cubitos,1/2 pimienton cortado en cubitos,pimienton cortado en cubitos,,1/2,0.5,unidad,pimienton,cortado en cubitos,,,pimienton,,,sin_conversion
86af723a-e16a-11ed-9503-a96d6180cd25,Empanaditas de Carne,10,Sal al gusto,sal al gusto,sal al gusto,,1,1.0,unidad,sal,,,,sal,,,sin_conversion
86af723a-e16a-11ed-9503-a96d6180cd25,Empanaditas de Carne,11,1 yema de huevo,1 yema de huevo,yema de huevo,,1,1.0,unidad,yema de huevo,,,,yema de huevo,,,sin_conversion
86af723b-e16a-11ed-882e-a96d6180cd25,Arepas de Maiz Peto,2,Sal,sal,sal,,1,1.0,unidad,sal,,,,sal,,,sin_conversion
86af723b-e16a-11ed-882e-a96d6180cd25,Arepas de Maiz Peto,3,Agua,agua,agua,,1,1.0,unidad,agua,,,,agua,,,sin_conversion
86af723c-e16a-11ed-9468-a96d6180cd25,Picadillo Cubano,5,1 hoja de laurel,1 hoja de laurel,laurel,hoja,1,1.0,hoja,laurel,,,,laurel,,,sin_conversion
86af723c-e16a-11ed-9468-a96d6180cd25,Picadillo Cubano,7,1 pimentón verde finamente picado,1 pimenton verde finamente picado,pimenton verde finamente picado,,1,1.0,unidad,pimenton verde,finamente picado,,,pimenton,,,sin_conversion
86af723c-e16a-11ed-9468-a96d6180cd25,Picadillo Cubano,8,5 dientes de ajo triturados,5 dientes de ajo triturados,ajo triturados,diente,5,5.0,dientes,ajo triturados,,,,ajo triturado,,,sin_conversion
86af723c-e16a-11ed-9468-a96d6180cd25,Picadillo Cubano,9,Sal y pimienta a su gusto,sal y pimienta a su gusto,sal y pimienta a su gusto,,1,1.0,unidad,sal y pimienta a su gusto,,,,sal y pimienta a su gusto,,,sin_conversion
86af723d-e16a-11ed-aac9-a96d6180cd25,Plátanos Maduros Rellenos de Carne,3,4 rebanadas de queso mozzarella opcional,4 rebanadas de queso mozzarella opcional,queso mozzarella opcional,rebanadas,4,4.0,rebanadas,queso mozzarella,,,,queso mozzarella,,,sin_conversion
86af723d-e16a-11ed-aac9-a96d6180cd25,Plátanos Maduros Rellenos de Carne,4,Cilantro fresco,cilantro fresco,cilantro fresco,,1,1.0,unidad,cilantro,fresco,,,cilantro,,,sin_conversion
86af723d-e16a-11ed-aac9-a96d6180cd25,Plátanos Maduros Rellenos de Carne,12,Sal y pimienta al gusto,sal y pimienta al gusto,sal y pimienta al gusto,,1,1.0,unidad,sal y pimienta,,,,sal y pimienta,,,sin_conversion
86af723e-e16a-11ed-8dbf-a96d6180cd25,Caldo Basico de Pollo,1,1 pollo entero,1 pollo entero,pollo entero,,1,1.0,unidad,pollo entero,,,,pollo entero,,,sin_conversion
86af723e-e16a-11ed-8dbf-a96d6180cd25,Caldo Basico de Pollo,5,1 manojo de perejil fresco con tallos,1 manojo de perejil fresco con tallos,perejil fresco con tallos,manojo,1,1.0,manojo,perejil con tallos,fresco,,,perejil con tallo,,,sin_conversion
86af723e-e16a-11ed-8dbf-a96d6180cd25,Caldo Basico de Pollo,6,1 manojo de cilantro fresco con tallos,1 manojo de cilantro fresco con tallos,cilantro fresco con tallos,manojo,1,1.0,manojo,cilantro con tallos,fresco,,,cilantro,,,sin_conversion
86af723e-e16a-11ed-8dbf-a96d6180cd25,Caldo Basico de Pollo,7,3 ramitas de tomillo fresco,3 ramitas de tomillo fresco,tomillo fresco,ramitas,3,3.0,ramitas,tomillo,fresco,,,tomillo,,,sin_conversion
86af723e-e16a-11ed-8dbf-a96d6180cd25,Caldo Basico de Pollo,8,2 hojas de laurel,2 hojas de laurel,laurel,hoja,2,2.0,hojas,laurel,,,,laurel,,,sin_conversion
86af723e-e16a-11ed-8dbf-a96d6180cd25,Caldo Basico de Pollo,10,Sal y pimienta,sal y pimienta,sal y pimienta,,1,1.0,unidad,sal y pimienta,,,,sal y pimienta,,,sin_conversion
86af723f-e16a-11ed-8d5f-a96d6180cd25,Caldo Batido o Caldo de Enfermo,6,Sal y pimienta al gusto,sal y pimienta al gusto,sal y pimienta al gusto,,1,1.0,unidad,sal y pimienta,,,,sal y pimienta,,,sin_conversion
86af7240-e16a-11ed-ae14-a96d6180cd25,Caldo de Papas con Espinazo,3,1 pimentón rojo cortado en cubitos,1 pimenton rojo cortado en cubitos,pimenton rojo cortado en cubitos,,1,1.0,unidad,pimenton rojo,cortado en cubitos,,,pimenton,,,sin_conversion
86af7240-e16a-11ed-ae14-a96d6180cd25,Caldo de Papas con Espinazo,4,2 cebollas largas picadas,2 cebollas largas picadas,cebollas largas picadas,,2,2.0,unidad,cebollas largas,picadas,,,cebolla larga,,,sin_conversion
86af7240-e16a-11ed-ae14-a96d6180cd25,Caldo de Papas con Espinazo,11,Sal y pimienta al gusto,sal y pimienta al gusto,sal y pimienta al gusto,,1,1.0,unidad,sal y pimienta,,,,sal y pimienta,,,sin_conversion
86af7240-e16a-11ed-ae14-a96d6180cd25,Caldo de Papas con Espinazo,12,Aguacate y salsa picante para servir,aguacate y salsa picante para servir,aguacate y salsa picante para servir,,1,1.0,unidad,aguacate y salsa picante para servir,,,,aguacate y salsa picante para servir,,,sin_conversion
86af7241-e16a-11ed-902a-a96d6180cd25,Cuchuco de Cebada,8,2 cebollas largas picadas,2 cebollas largas picadas,cebollas largas picadas,,2,2.0,unidad,cebollas largas,picadas,,,cebolla larga,,,sin_conversion
86af7241-e16a-11ed-902a-a96d6180cd25,Cuchuco de Cebada,9,Un cuarto de taza de pimientón rojo cortado en cubitos,un cuarto de taza de pimienton rojo cortado en cubitos,un cuarto de taza de pimienton rojo cortado en cubitos,,1,1.0,unidad,cuarto de taza de pimienton rojo,cortado en cubitos,,,pimienton rojo,,,sin_conversion
86af7241-e16a-11ed-902a-a96d6180cd25,Cuchuco de Cebada,13,1 tableta de caldo de carne,1 tableta de caldo de carne,tableta de caldo de carne,,1,1.0,unidad,tableta de caldo de carne,,,,caldo de carne,,,sin_conversion
86af7241-e16a-11ed-902a-a96d6180cd25,Cuchuco de Cebada,17,Sal y pimienta,sal y pimienta,sal y pimienta,,1,1.0,unidad,sal y pimienta,,,,sal y pimienta,,,sin_conversion
86af7243-e16a-11ed-8ecd-a96d6180cd25,Gazpacho de Aguacate,1,2 aguacates pequeños pelados y cortados en cubitos,2 aguacates pequenos pelados y cortados en cubitos,aguacates pequenos pelados y cortados en cubitos,,2,2.0,unidad,aguacates pequenos pelados y,cortados en cubitos,,,aguacat,,,sin_conversion
86af7243-e16a-11ed-8ecd-a96d6180cd25,Gazpacho de Aguacate,4,Sal y pimienta al gusto,sal y pimienta al gusto,sal y pimienta al gusto,,1,1.0,unidad,sal y pimienta,,,,sal y pimienta,,,sin_conversion
86af7244-e16a-11ed-802b-a96d6180cd25,Arepas de Chócolo Colombianas,3,Sal al gusto,sal al gusto,sal al gusto,,1,1.0,unidad,sal,,,,sal,,,sin_conversion
86af7244-e16a-11ed-802b-a96d6180cd25,Arepas de Chócolo Colombianas,5,Queso fresco o queso blanco para servir,queso fresco o queso blanco para servir,queso fresco o queso blanco para servir,,1,1.0,unidad,queso o queso blanco para servir,fresco,,,queso o queso para servir,,,sin_conversion
86af7245-e16a-11ed-a938-a96d6180cd25,Lechona Tolimense,2,Relleno,relleno,relleno,,1,1.0,unidad,relleno,,,,relleno,,,sin_conversion
86af7245-e16a-11ed-a938-a96d6180cd25,Lechona Tolimense,4,4 cebollas largas picadas,4 cebollas largas picadas,cebollas largas picadas,,4,4.0,unidad,cebollas largas,picadas,,,cebolla larga,,,sin_conversion
86af7245-e16a-11ed-a938-a96d6180cd25,Lechona Tolimense,10,Sal y pimienta,sal y pimienta,sal y pimienta,,1,1.0,unidad,sal y pimienta,,,,sal y pimienta,,,sin_conversion
86af7246-e16a-11ed-942f-a96d6180cd25,Arepa con Carne Desmechada,1,4 arepas cocinadas,4 arepas cocinadas,arepas cocinadas,,4,4.0,unidad,arepas cocinadas,,,,arepa cocinada,,,sin_conversion
86af7246-e16a-11ed-942f-a96d6180cd25,Arepa con Carne Desmechada,2,Carne desmechada ver receta de carne desmechada aquí,carne desmechada ver receta de carne desmechada aqui,carne desmechada ver receta de carne desmechada aqui,,1,1.0,unidad,carne ver receta de carne aqui,desmechada desmechada,,,carne ver receta de carne aqui,,,sin_conversion
86af7246-e16a-11ed-942f-a96d6180cd25,Arepa con Carne Desmechada,5,1 aguacate cortado en cubitos,1 aguacate cortado en cubitos,aguacate cortado en cubitos,,1,1.0,unidad,aguacate,cortado en cubitos,,,aguacate,,,sin_conversion
86af7246-e16a-11ed-942f-a96d6180cd25,Arepa con Carne Desmechada,6,Cilantro fresco picado para servir,cilantro fresco picado para servir,cilantro fresco picado para servir,,1,1.0,unidad,cilantro para servir,fresco picado,,,cilantro,,,sin_conversion
86af7247-e16a-11ed-a16f-a96d6180cd25,Arepuela o Anisita,5,Aceite vegetal para freír,aceite vegetal para freir,aceite vegetal para freir,,1,1.0,unidad,aceite vegetal para freir,,,,aceite vegetal,,,sin_conversion
86af7248-e16a-11ed-a89e-a96d6180cd25,Crema de Champiñones,8,Sal y pimienta,sal y pimienta,sal y pimienta,,1,1.0,unidad,sal y pimienta,,,,sal y pimienta,,,sin_conversion
86af7248-e16a-11ed-a89e-a96d6180cd25,Crema de Champiñones,12,Cebolla larga picada para adornar,cebolla larga picada para adornar,cebolla larga picada para adornar,,1,1.0,unidad,cebolla larga para adornar,picada,,,cebolla larga,,,sin_conversion
86af7249-e16a-11ed-9004-a96d6180cd25,Crema de Brócoli,6,Sal y pimienta,sal y pimienta,sal y pimienta,,1,1.0,unidad,sal y pimienta,,,,sal y pimienta,,,sin_conversion
86af724b-e16a-11ed-a32a-a96d6180cd25,Tacos de Pescado,4,El jugo de 2 limones dividido,el jugo de 2 limones dividido,el jugo de 2 limones dividido,,1,1.0,unidad,el jugo de 2 limones dividido,,,,jugo de 2 limon dividido,,,sin_conversion
86af724b-e16a-11ed-a32a-a96d6180cd25,Tacos de Pescado,5,Sal y pimienta,sal y pimienta,sal y pimienta,,1,1.0,unidad,sal y pimienta,,,,sal y pimienta,,,sin_conversion
86af724b-e16a-11ed-a32a-a96d6180cd25,Tacos de Pescado,6,8 to rtillas de maíz,8 to rtillas de maiz,to rtillas de maiz,,8,8.0,unidad,to rtillas de maiz,,,,to rtilla de maiz,,,sin_conversion
86af724b-e16a-11ed-a32a-a96d6180cd25,Tacos de Pescado,9,1 aguacate pequeño cortado en cubitos,1 aguacate pequeno cortado en cubitos,aguacate pequeno cortado en cubitos,,1,1.0,unidad,aguacate,pequeno cortado en cubitos,,,aguacate,,,sin_conversion
86af724c-e16a-11ed-aa78-a96d6180cd25,Envueltos de Plátano Maduro,7,Hojas de plátano cortadas en trozos de aproximadamente de 12 pulgadas de largo o papel de aluminio,hojas de platano cortadas en trozos de aproximadamente de 12 pulgadas de largo o papel de aluminio,hojas de platano cortadas en trozos de aproximadamente de 12 pulgadas de largo o papel de aluminio,,1,1.0,hojas,platano de de 12 pulgadas de largo o papel de aluminio,cortadas en trozos,,,platano,,,sin_conversion
86af724e-e16a-11ed-af3b-a96d6180cd25,Aborrajados de Platáno Maduro,2,Aceite vegetal para freír,aceite vegetal para freir,aceite vegetal para freir,,1,1.0,unidad,aceite vegetal para freir,,,,aceite vegetal,,,sin_conversion
86af724e-e16a-11ed-af3b-a96d6180cd25,Aborrajados de Platáno Maduro,3,8 rebanadas de queso mozzarella 2 pulgadas de espesor,8 rebanadas de queso mozzarella 2 pulgadas de espesor,queso mozzarella 2 pulgadas de espesor,rebanadas,8,8.0,rebanadas,queso mozzarella 2 pulgadas de espesor,,,,queso mozzarella,,,sin_conversion
86af724e-e16a-11ed-af3b-a96d6180cd25,Aborrajados de Platáno Maduro,8,Una pizca de sal,una pizca de sal,una pizca de sal,,1,1.0,pizca,sal,,,,sal,,,sin_conversion
86af724f-e16a-11ed-87ec-a96d6180cd25,Arroz con Coca-Cola,4,1 pastilla de caldo de pollo,1 pastilla de caldo de pollo,pastilla de caldo de pollo,,1,1.0,pastilla,caldo de pollo,,,,caldo de pollo,,,sin_conversion
86af7251-e16a-11ed-81b2-a96d6180cd25,Plátanos Calados o Plátanos en Tentacíon,4,2 astillas de canela,2 astillas de canela,astillas de canela,,2,2.0,unidad,astillas de canela,,,,astilla de canela,,,sin_conversion
86af7252-e16a-11ed-82c9-a96d6180cd25,Torta de Plátano Maduro con Bocadillo y Queso,3,3 huevos batidos,3 huevos batidos,huevos batidos,,3,3.0,unidad,huevos batidos,,,,huevo batido,,,sin_conversion
86af7254-e16a-11ed-9454-a96d6180cd25,Arroz con Coco y Lentejas,6,1 hoja de laurel,1 hoja de laurel,laurel,hoja,1,1.0,hoja,laurel,,,,laurel,,,sin_conversion
86af7254-e16a-11ed-9454-a96d6180cd25,Arroz con Coco y Lentejas,9,Sal al gusto,sal al gusto,sal al gusto,,1,1.0,unidad,sal,,,,sal,,,sin_conversion
86af7254-e16a-11ed-9454-a96d6180cd25,Arroz con Coco y Lentejas,10,Cilantro fresco para servir,cilantro fresco para servir,cilantro fresco para servir,,1,1.0,unidad,cilantro para servir,fresco,,,cilantro,,,sin_conversion
86af7255-e16a-11ed-8134-a96d6180cd25,Ensalada de Remolacha y Zanahoria,2,3 remolachas,3 remolachas,remolachas,,3,3.0,unidad,remolachas,,,,remolacha,,,sin_conversion
86af7255-e16a-11ed-8134-a96d6180cd25,Ensalada de Remolacha y Zanahoria,7,El jugo de 1 limón,el jugo de 1 limon,el jugo de 1 limon,,1,1.0,unidad,el jugo de 1 limon,,,,jugo de 1 limon,,,sin_conversion
86af7255-e16a-11ed-8134-a96d6180cd25,Ensalada de Remolacha y Zanahoria,9,Sal y pimienta al gusto,sal y pimienta al gusto,sal y pimienta al gusto,,1,1.0,unidad,sal y pimienta,,,,sal y pimienta,,,sin_conversion
86af7257-e16a-11ed-b66b-a96d6180cd25,Plátanos Asados con Bocadillo y Queso,3,4 rebanadas de bocadillo de guayaba,4 rebanadas de bocadillo de guayaba,bocadillo de guayaba,rebanadas,4,4.0,rebanadas,bocadillo de guayaba,,,,bocadillo de guayaba,,,sin_conversion
86af7257-e16a-11ed-b66b-a96d6180cd25,Plátanos Asados con Bocadillo y Queso,4,4 rebanadas de queso mozzarella o queso blanco,4 rebanadas de queso mozzarella o queso blanco,queso mozzarella o queso blanco,rebanadas,4,4.0,rebanadas,queso mozzarella o queso blanco,,,,queso mozzarella,,,sin_conversion
86af7258-e16a-11ed-ad35-a96d6180cd25,Ensalada Simple,1,1 cabeza de lechuga romana picada,1 cabeza de lechuga romana picada,cabeza de lechuga romana picada,,1,1.0,unidad,cabeza de lechuga romana,picada,,,cabeza de lechuga romana,,,sin_conversion
86af7258-e16a-11ed-ad35-a96d6180cd25,Ensalada Simple,3,1 aguacate pelado y en rodajas,1 aguacate pelado y en rodajas,aguacate pelado y en rodajas,,1,1.0,unidad,aguacate y,pelado en rodajas,,,aguacate,,,sin_conversion
86af7258-e16a-11ed-ad35-a96d6180cd25,Ensalada Simple,6,1 pepino en rodajas,1 pepino en rodajas,pepino en rodajas,,1,1.0,unidad,pepino,en rodajas,,,pepino,,,sin_conversion
86af7258-e16a-11ed-ad35-a96d6180cd25,Ensalada Simple,8,El jugo de 4 limones,el jugo de 4 limones,el jugo de 4 limones,,1,1.0,unidad,el jugo de 4 limones,,,,jugo de 4 limon,,,sin_conversion
86af7258-e16a-11ed-ad35-a96d6180cd25,Ensalada Simple,9,Sal y pimienta al gusto,sal y pimienta al gusto,sal y pimienta al gusto,,1,1.0,unidad,sal y pimienta,,,,sal y pimienta,,,sin_conversion
86af7259-e16a-11ed-8379-a96d6180cd25,Ensalada de Aguacate y Tomate,3,"1 pepino, cortado en rodajas","1 pepino, cortado en rodajas","pepino, cortado en rodajas",,1,1.0,unidad,"pepino,",cortado en rodajas,,,pepino,,,sin_conversion
86af7259-e16a-11ed-8379-a96d6180cd25,Ensalada de Aguacate y Tomate,4,"2 aguacates pequeños, cortado en cubos","2 aguacates pequenos, cortado en cubos","aguacates pequenos, cortado en cubos",,2,2.0,unidad,"aguacates pequenos,",cortado en cubos,,,aguacat,,,sin_conversion
86af7259-e16a-11ed-8379-a96d6180cd25,Ensalada de Aguacate y Tomate,5,2 limones,2 limones,limones,,2,2.0,unidad,limones,,,,limon,,,sin_conversion
86af725a-e16a-11ed-859c-a96d6180cd25,Papas Chorreadas Colombianas,2,1 pastilla de caldo de pollo,1 pastilla de caldo de pollo,pastilla de caldo de pollo,,1,1.0,pastilla,caldo de pollo,,,,caldo de pollo,,,sin_conversion
86af725a-e16a-11ed-859c-a96d6180cd25,Papas Chorreadas Colombianas,3,agua,agua,agua,,1,1.0,unidad,agua,,,,agua,,,sin_conversion
86af725a-e16a-11ed-859c-a96d6180cd25,Papas Chorreadas Colombianas,11,Pimienta al gusto,pimienta al gusto,pimienta al gusto,,1,1.0,unidad,pimienta,,,,pimienta,,,sin_conversion
86af725b-e16a-11ed-acb6-a96d6180cd25,Ensalada Rusa,6,Sal y pimienta al gusto,sal y pimienta al gusto,sal y pimienta al gusto,,1,1.0,unidad,sal y pimienta,,,,sal y pimienta,,,sin_conversion
86af725b-e16a-11ed-acb6-a96d6180cd25,Ensalada Rusa,11,El jugo de ½ limón,el jugo de 1/2 limon,el jugo de 1/2 limon,,1,1.0,unidad,el jugo de 1/2 limon,,,,jugo de 1 2 limon,,,sin_conversion
86af725c-e16a-11ed-9b46-a96d6180cd25,Patacones o Tostones,2,Aceite vegetal para freír,aceite vegetal para freir,aceite vegetal para freir,,1,1.0,unidad,aceite vegetal para freir,,,,aceite vegetal,,,sin_conversion
86af725c-e16a-11ed-9b46-a96d6180cd25,Patacones o Tostones,3,Sal al gusto,sal al gusto,sal al gusto,,1,1.0,unidad,sal,,,,sal,,,sin_conversion
86af99fd-e16a-11ed-acb9-a96d6180cd25,Yuca Frita,2,Aceite para freir,aceite para freir,aceite para freir,,1,1.0,unidad,aceite para freir,,,,aceite para freir,,,sin_conversion
86af99fe-e16a-11ed-9fd3-a96d6180cd25,Buñuelos de Plátano Maduro,4,Aceite vegetal para freír,aceite vegetal para freir,aceite vegetal para freir,,1,1.0,unidad,aceite vegetal para freir,,,,aceite vegetal,,,sin_conversion
86af99fe-e16a-11ed-9fd3-a96d6180cd25,Buñuelos de Plátano Maduro,5,Azúcar para decorar opcional,azucar para decorar opcional,azucar para decorar opcional,,1,1.0,unidad,azucar,,,,azucar,,,sin_conversion
86af99ff-e16a-11ed-a79a-a96d6180cd25,Quesito Colombiano,1,1 galón de leche entera,1 galon de leche entera,galon de leche entera,,1,1.0,unidad,galon de leche entera,,,,galon de leche entera,,,sin_conversion
86af99ff-e16a-11ed-a79a-a96d6180cd25,Quesito Colombiano,3,Sal a su gusto,sal a su gusto,sal a su gusto,,1,1.0,unidad,sal a su gusto,,,,sal a su gusto,,,sin_conversion
86af99ff-e16a-11ed-a79a-a96d6180cd25,Quesito Colombiano,4,Pin,pin,pin,,1,1.0,unidad,pin,,,,pin,,,sin_conversion
86af9a01-e16a-11ed-a4ac-a96d6180cd25,Patacones con Camarón y Aguacate,2,1 aguacate pequeño maduro cortado en trozos de ½ pulgada,1 aguacate pequeno maduro cortado en trozos de 1/2 pulgada,aguacate pequeno maduro cortado en trozos de 1/2 pulgada,,1,1.0,unidad,aguacate de 1/2 pulgada,pequeno maduro cortado en trozos,,,aguacate de 1 2 pulgada,,,sin_conversion
86af9a01-e16a-11ed-a4ac-a96d6180cd25,Patacones con Camarón y Aguacate,10,Patacones para servir,patacones para servir,patacones para servir,,1,1.0,unidad,patacones para servir,,,,patacon para servir,,,sin_conversion
86af9a02-e16a-11ed-bcab-a96d6180cd25,Plátanitos,2,Aceite vegetal para freír,aceite vegetal para freir,aceite vegetal para freir,,1,1.0,unidad,aceite vegetal para freir,,,,aceite vegetal,,,sin_conversion
86af9a02-e16a-11ed-bcab-a96d6180cd25,Plátanitos,3,Sal,sal,sal,,1,1.0,unidad,sal,,,,sal,,,sin_conversion
86af9a03-e16a-11ed-9de1-a96d6180cd25,Carne en Polvo Colombiana,3,2 dientes de ajo machacados,2 dientes de ajo machacados,ajo machacados,diente,2,2.0,dientes,ajo machacados,,,,ajo machacado,,,sin_conversion
86af9a03-e16a-11ed-9de1-a96d6180cd25,Carne en Polvo Colombiana,4,2 cebollas largas picadas,2 cebollas largas picadas,cebollas largas picadas,,2,2.0,unidad,cebollas largas,picadas,,,cebolla larga,,,sin_conversion
86af9a03-e16a-11ed-9de1-a96d6180cd25,Carne en Polvo Colombiana,7,Sal y pimienta,sal y pimienta,sal y pimienta,,1,1.0,unidad,sal y pimienta,,,,sal y pimienta,,,sin_conversion
86af9a04-e16a-11ed-9010-a96d6180cd25,Arroz con Coca-Cola y Pasas,4,1 tableta de caldo de verduras o pollo,1 tableta de caldo de verduras o pollo,tableta de caldo de verduras o pollo,,1,1.0,unidad,tableta de caldo de verduras o pollo,,,,tableta de caldo de verdura o pollo,,,sin_conversion
86af9a05-e16a-11ed-a89a-a96d6180cd25,Arroz con Zanahoria,4,Sal al gusto,sal al gusto,sal al gusto,,1,1.0,unidad,sal,,,,sal,,,sin_conversion
86af9a06-e16a-11ed-8ab5-a96d6180cd25,Brócoli con Pimentón Rojo Asado y Cebolla,3,1 frasco de dip Roasted Red Pepper and Onion Dip Robert Rothschild Farms,1 frasco de dip roasted red pepper and onion dip robert rothschild farms,frasco de dip roasted red pepper and onion dip robert rothschild farms,,1,1.0,frasco,dip roasted red pepper and onion dip robert rothschild farms,,,,dip roasted red pepper and onion dip robert rothschild farm,,,sin_conversion
86af9a07-e16a-11ed-a692-a96d6180cd25,Boronía Colombiana,2,1 berenjena grande peladas y en cubitos,1 berenjena grande peladas y en cubitos,berenjena grande peladas y en cubitos,,1,1.0,unidad,berenjena peladas y,grande en cubitos,,,berenjena,,,sin_conversion
86af9a07-e16a-11ed-a692-a96d6180cd25,Boronía Colombiana,4,Saly pimienta recién molida,saly pimienta recien molida,saly pimienta recien molida,,1,1.0,unidad,saly pimienta recien,molida,,,saly pimienta recien,,,sin_conversion
86af9a07-e16a-11ed-a692-a96d6180cd25,Boronía Colombiana,8,3 tallos de cebolla verde picada,3 tallos de cebolla verde picada,tallos de cebolla verde picada,,3,3.0,tallos,cebolla verde,picada,,,cebolla,,,sin_conversion
86af9a08-e16a-11ed-bb91-a96d6180cd25,Poteca de Ahuyama,1,"2 ahuyamas o calabazas medianas peladas, sin semillas y cortadas en trozos","2 ahuyamas o calabazas medianas peladas, sin semillas y cortadas en trozos","ahuyamas o calabazas medianas peladas, sin semillas y cortadas en trozos",,2,2.0,unidad,"ahuyamas o calabazas medianas peladas, y",sin semillas cortadas en trozos,,,ahuyama o calabaza,,,sin_conversion
86af9a08-e16a-11ed-bb91-a96d6180cd25,Poteca de Ahuyama,2,Sal y pimienta,sal y pimienta,sal y pimienta,,1,1.0,unidad,sal y pimienta,,,,sal y pimienta,,,sin_conversion
86af9a08-e16a-11ed-bb91-a96d6180cd25,Poteca de Ahuyama,5,Un cuarto de taza de leche,un cuarto de taza de leche,un cuarto de taza de leche,,1,1.0,unidad,cuarto de taza de leche,,,,cuarto de taza de leche,,,sin_conversion
86af9a09-e16a-11ed-b016-a96d6180cd25,Arroz con Palmitos,8,1 pimentón rojo cortado,1 pimenton rojo cortado,pimenton rojo cortado,,1,1.0,unidad,pimenton rojo,cortado,,,pimenton,,,sin_conversion
86af9a09-e16a-11ed-b016-a96d6180cd25,Arroz con Palmitos,9,1 pimentón amarillo rodajas,1 pimenton amarillo rodajas,pimenton amarillo rodajas,,1,1.0,unidad,pimenton amarillo,rodajas,,,pimenton,,,sin_conversion
86af9a09-e16a-11ed-b016-a96d6180cd25,Arroz con Palmitos,10,1 pimentón verde en rodajas,1 pimenton verde en rodajas,pimenton verde en rodajas,,1,1.0,unidad,pimenton verde,en rodajas,,,pimenton,,,sin_conversion
86af9a09-e16a-11ed-b016-a96d6180cd25,Arroz con Palmitos,11,Sal y pimienta,sal y pimienta,sal y pimienta,,1,1.0,unidad,sal y pimienta,,,,sal y pimienta,,,sin_conversion
86af9a09-e16a-11ed-b016-a96d6180cd25,Arroz con Palmitos,12,"1 14 onzas lata de corazones de palmas, en rodajas","1 14 onzas lata de corazones de palmas, en rodajas","14 onzas lata de corazones de palmas, en rodajas",,1,1.0,unidad,"14 onzas lata de corazones de palmas,",en rodajas,,,14 onza lata de corazon de palma,,,sin_conversion
86af9a0a-e16a-11ed-8e4c-a96d6180cd25,Chuyaco,1,12 naranjas peladas,12 naranjas peladas,naranjas peladas,,12,12.0,unidad,naranjas peladas,,,,naranja,,,sin_conversion
86af9a0a-e16a-11ed-8e4c-a96d6180cd25,Chuyaco,7,Sal y pimienta al gusto,sal y pimienta al gusto,sal y pimienta al gusto,,1,1.0,unidad,sal y pimienta,,,,sal y pimienta,,,sin_conversion
86af9a0b-e16a-11ed-82b2-a96d6180cd25,Bollos de Mazorca,1,10 mazorcas frescas de maíz con hojas,10 mazorcas frescas de maiz con hojas,mazorcas frescas de maiz con hojas,,10,10.0,unidad,mazorcas frescas de maiz con hojas,,,,mazorca de maiz con hoja,,,sin_conversion
86af9a0b-e16a-11ed-82b2-a96d6180cd25,Bollos de Mazorca,5,Pita de cocina,pita de cocina,pita de cocina,,1,1.0,unidad,pita de cocina,,,,pita de cocina,,,sin_conversion
86af9a0b-e16a-11ed-82b2-a96d6180cd25,Bollos de Mazorca,6,Queso y mantequilla para servir,queso y mantequilla para servir,queso y mantequilla para servir,,1,1.0,unidad,queso y mantequilla para servir,,,,queso y mantequilla para servir,,,sin_conversion
86af9a0c-e16a-11ed-92c7-a96d6180cd25,Cayeye y Cabeza de Gato,5,2 cebollas largas cortadas en trozos pequeños,2 cebollas largas cortadas en trozos pequenos,cebollas largas cortadas en trozos pequenos,,2,2.0,unidad,cebollas largas pequenos,cortadas en trozos,,,cebolla larga,,,sin_conversion
86af9a0c-e16a-11ed-92c7-a96d6180cd25,Cayeye y Cabeza de Gato,9,Sal y pimienta para probar,sal y pimienta para probar,sal y pimienta para probar,,1,1.0,unidad,sal y pimienta para probar,,,,sal y pimienta para probar,,,sin_conversion
86af9a0c-e16a-11ed-92c7-a96d6180cd25,Cayeye y Cabeza de Gato,10,Aguacate para servir,aguacate para servir,aguacate para servir,,1,1.0,unidad,aguacate para servir,,,,aguacate para servir,,,sin_conversion
86af9a0c-e16a-11ed-92c7-a96d6180cd25,Cayeye y Cabeza de Gato,11,queso costeño rallado para servir,queso costeno rallado para servir,queso costeno rallado para servir,,1,1.0,unidad,queso costeno para servir,rallado,,,queso costeno para servir,,,sin_conversion
86af9a0c-e16a-11ed-92c7-a96d6180cd25,Cayeye y Cabeza de Gato,12,huevos fritos o revueltos para servir,huevos fritos o revueltos para servir,huevos fritos o revueltos para servir,,1,1.0,unidad,huevos fritos o revueltos para servir,,,,huevo frito o revuelto para servir,,,sin_conversion
86af9a0d-e16a-11ed-97e6-a96d6180cd25,Buñuelos de Fríjol de Cabecita Negra,4,Sal y pimienta al gusto,sal y pimienta al gusto,sal y pimienta al gusto,,1,1.0,unidad,sal y pimienta,,,,sal y pimienta,,,sin_conversion
86af9a0d-e16a-11ed-97e6-a96d6180cd25,Buñuelos de Fríjol de Cabecita Negra,7,Aceite de canola o vegetal para freír,aceite de canola o vegetal para freir,aceite de canola o vegetal para freir,,1,1.0,unidad,aceite de canola o vegetal para freir,,,,aceite de canola o vegetal para freir,,,sin_conversion
86af9a0e-e16a-11ed-be9c-a96d6180cd25,Bollo Limpio,4,Sal a su gusto,sal a su gusto,sal a su gusto,,1,1.0,unidad,sal a su gusto,,,,sal a su gusto,,,sin_conversion
86af9a0e-e16a-11ed-be9c-a96d6180cd25,Bollo Limpio,5,Hojas de maíz para envolver,hojas de maiz para envolver,hojas de maiz para envolver,,1,1.0,hojas,maiz para envolver,,,,maiz para envolver,,,sin_conversion
86af9a0f-e16a-11ed-8e77-a96d6180cd25,Regañonas o Torticas de Maiz,1,4 mazorcas,4 mazorcas,mazorcas,,4,4.0,unidad,mazorcas,,,,mazorca,,,sin_conversion
86af9a0f-e16a-11ed-8e77-a96d6180cd25,Regañonas o Torticas de Maiz,2,3 huevos batidos,3 huevos batidos,huevos batidos,,3,3.0,unidad,huevos batidos,,,,huevo batido,,,sin_conversion
86af9a0f-e16a-11ed-8e77-a96d6180cd25,Regañonas o Torticas de Maiz,5,Sal y pimienta,sal y pimienta,sal y pimienta,,1,1.0,unidad,sal y pimienta,,,,sal y pimienta,,,sin_conversion
86af9a0f-e16a-11ed-8e77-a96d6180cd25,Regañonas o Torticas de Maiz,6,Aceite vegetal para freír,aceite vegetal para freir,aceite vegetal para freir,,1,1.0,unidad,aceite vegetal para freir,,,,aceite vegetal,,,sin_conversion
86af9a10-e16a-11ed-abd2-a96d6180cd25,Arepas de Maiz Peto,2,Sal,sal,sal,,1,1.0,unidad,sal,,,,sal,,,sin_conversion
86af9a10-e16a-11ed-abd2-a96d6180cd25,Arepas de Maiz Peto,3,Agua,agua,agua,,1,1.0,unidad,agua,,,,agua,,,sin_conversion
86af9a11-e16a-11ed-b4ef-a96d6180cd25,Plátanos Maduros Rellenos de Carne,3,4 rebanadas de queso mozzarella opcional,4 rebanadas de queso mozzarella opcional,queso mozzarella opcional,rebanadas,4,4.0,rebanadas,queso mozzarella,,,,queso mozzarella,,,sin_conversion
86af9a11-e16a-11ed-b4ef-a96d6180cd25,Plátanos Maduros Rellenos de Carne,4,Cilantro fresco,cilantro fresco,cilantro fresco,,1,1.0,unidad,cilantro,fresco,,,cilantro,,,sin_conversion
86af9a11-e16a-11ed-b4ef-a96d6180cd25,Plátanos Maduros Rellenos de Carne,12,Sal y pimienta al gusto,sal y pimienta al gusto,sal y pimienta al gusto,,1,1.0,unidad,sal y pimienta,,,,sal y pimienta,,,sin_conversion
86af9a12-e16a-11ed-b0eb-a96d6180cd25,Bollo de Yuca,2,Sal al gusto,sal al gusto,sal al gusto,,1,1.0,unidad,sal,,,,sal,,,sin_conversion
86af9a12-e16a-11ed-b0eb-a96d6180cd25,Bollo de Yuca,3,Hojas de maíz o papel de aluminio para envolver,hojas de maiz o papel de aluminio para envolver,hojas de maiz o papel de aluminio para envolver,,1,1.0,hojas,maiz o papel de aluminio para envolver,,,,maiz o papel de aluminio para envolver,,,sin_conversion
86af9a13-e16a-11ed-a0f6-a96d6180cd25,Marranitas o Puerquitas,1,Aceite vegetal para freír,aceite vegetal para freir,aceite vegetal para freir,,1,1.0,unidad,aceite vegetal para freir,,,,aceite vegetal,,,sin_conversion
86af9a13-e16a-11ed-a0f6-a96d6180cd25,Marranitas o Puerquitas,3,2 dientes de ajo machacados,2 dientes de ajo machacados,ajo machacados,diente,2,2.0,dientes,ajo machacados,,,,ajo machacado,,,sin_conversion
86af9a13-e16a-11ed-a0f6-a96d6180cd25,Marranitas o Puerquitas,6,Sal,sal,sal,,1,1.0,unidad,sal,,,,sal,,,sin_conversion
86af9a14-e16a-11ed-862a-a96d6180cd25,Enyucado Colombiano,2,1 y ½ tazas de queso rallado,1 y 1/2 tazas de queso rallado,y 1/2 tazas de queso rallado,,1,1.0,unidad,y 1/2 tazas de queso,rallado,,,1 2 taza de queso,,,sin_conversion
86af9a15-e16a-11ed-820d-a96d6180cd25,Tostadas de Plátano Verde o Patacón Grande,2,Aceite vegetal para freír,aceite vegetal para freir,aceite vegetal para freir,,1,1.0,unidad,aceite vegetal para freir,,,,aceite vegetal,,,sin_conversion
86af9a15-e16a-11ed-820d-a96d6180cd25,Tostadas de Plátano Verde o Patacón Grande,3,Sal,sal,sal,,1,1.0,unidad,sal,,,,sal,,,sin_conversion
86af9a15-e16a-11ed-820d-a96d6180cd25,Tostadas de Plátano Verde o Patacón Grande,4,Hogao Guacamole o Ají para servir,hogao guacamole o aji para servir,hogao guacamole o aji para servir,,1,1.0,unidad,hogao guacamole o aji para servir,,,,hogao guacamole o aji para servir,,,sin_conversion
86af9a18-e16a-11ed-a7ed-a96d6180cd25,Salchipapas,1,8 salchichas,8 salchichas,salchichas,,8,8.0,unidad,salchichas,,,,salchicha,,,sin_conversion
86af9a18-e16a-11ed-a7ed-a96d6180cd25,Salchipapas,3,Aceite vegetal para freír,aceite vegetal para freir,aceite vegetal para freir,,1,1.0,unidad,aceite vegetal para freir,,,,aceite vegetal,,,sin_conversion
86af9a18-e16a-11ed-a7ed-a96d6180cd25,Salchipapas,4,Sal al gusto,sal al gusto,sal al gusto,,1,1.0,unidad,sal,,,,sal,,,sin_conversion
86af9a1b-e16a-11ed-8b17-a96d6180cd25,Arroz Blanco Colombiano,2,3 y ½ tazas de agua,3 y 1/2 tazas de agua,y 1/2 tazas de agua,,3,3.0,unidad,y 1/2 tazas de agua,,,,1 2 taza de agua,,,sin_conversion
86af9a1c-e16a-11ed-ae0d-a96d6180cd25,Envueltos de Plátano Maduro,7,Hojas de plátano cortadas en trozos de aproximadamente de 12 pulgadas de largo o papel de aluminio,hojas de platano cortadas en trozos de aproximadamente de 12 pulgadas de largo o papel de aluminio,hojas de platano cortadas en trozos de aproximadamente de 12 pulgadas de largo o papel de aluminio,,1,1.0,hojas,platano de de 12 pulgadas de largo o papel de aluminio,cortadas en trozos,,,platano,,,sin_conversion
86af9a1d-e16a-11ed-8ca2-a96d6180cd25,Ceviche de Camarones,10,Sal y pimienta al gusto,sal y pimienta al gusto,sal y pimienta al gusto,,1,1.0,unidad,sal y pimienta,,,,sal y pimienta,,,sin_conversion
86af9a1d-e16a-11ed-8ca2-a96d6180cd25,Ceviche de Camarones,11,Hojas de lechuga y galletas saladas para servir,hojas de lechuga y galletas saladas para servir,hojas de lechuga y galletas saladas para servir,,1,1.0,hojas,lechuga y galletas saladas para servir,,,,lechuga y galleta salada para servir,,,sin_conversion
86af9a1e-e16a-11ed-8b8c-a96d6180cd25,Arepas de Yuca,5,Un cuarto de taza de queso mozzarella rallado o queso blanco,un cuarto de taza de queso mozzarella rallado o queso blanco,un cuarto de taza de queso mozzarella rallado o queso blanco,,1,1.0,unidad,cuarto de taza de queso mozzarella o queso blanco,rallado,,,queso mozzarella,,,sin_conversion
86af9a1e-e16a-11ed-8b8c-a96d6180cd25,Arepas de Yuca,6,Sal al gusto,sal al gusto,sal al gusto,,1,1.0,unidad,sal,,,,sal,,,sin_conversion
86af9a1e-e16a-11ed-8b8c-a96d6180cd25,Arepas de Yuca,7,Mantequilla para cocinar las arepas,mantequilla para cocinar las arepas,mantequilla para cocinar las arepas,,1,1.0,unidad,mantequilla para cocinar las arepas,,,,mantequilla para cocinar las arepa,,,sin_conversion
86af9a1f-e16a-11ed-9fe6-a96d6180cd25,Arepa de Huevo,5,Aceite vegetal para freír,aceite vegetal para freir,aceite vegetal para freir,,1,1.0,unidad,aceite vegetal para freir,,,,aceite vegetal,,,sin_conversion
86af9a20-e16a-11ed-b661-a96d6180cd25,Aborrajados de Platáno Maduro,2,Aceite vegetal para freír,aceite vegetal para freir,aceite vegetal para freir,,1,1.0,unidad,aceite vegetal para freir,,,,aceite vegetal,,,sin_conversion
86af9a20-e16a-11ed-b661-a96d6180cd25,Aborrajados de Platáno Maduro,3,8 rebanadas de queso mozzarella 2 pulgadas de espesor,8 rebanadas de queso mozzarella 2 pulgadas de espesor,queso mozzarella 2 pulgadas de espesor,rebanadas,8,8.0,rebanadas,queso mozzarella 2 pulgadas de espesor,,,,queso mozzarella,,,sin_conversion
86af9a20-e16a-11ed-b661-a96d6180cd25,Aborrajados de Platáno Maduro,8,Una pizca de sal,una pizca de sal,una pizca de sal,,1,1.0,pizca,sal,,,,sal,,,sin_conversion
86af9a21-e16a-11ed-8ac8-a96d6180cd25,Colada de Maizena,4,1 ramita de canela,1 ramita de canela,canela,ramita,1,1.0,ramita,canela,,,,canela,,,sin_conversion
86af9a21-e16a-11ed-8ac8-a96d6180cd25,Colada de Maizena,5,Semillas de vainilla o esencia,semillas de vainilla o esencia,semillas de vainilla o esencia,,1,1.0,unidad,semillas de vainilla o esencia,,,,semilla de vainilla o esencia,,,sin_conversion
86af9a22-e16a-11ed-ab6f-a96d6180cd25,Tomates Rellenos de Atún,1,3 latas 6 oz de atún,3 latas 6 oz de atun,6 oz de atun,lata,3,3.0,latas,6 oz de atun,,,,6 oz de atun,,,sin_conversion
86af9a22-e16a-11ed-ab6f-a96d6180cd25,Tomates Rellenos de Atún,11,Hojas de lechuga,hojas de lechuga,hojas de lechuga,,1,1.0,hojas,lechuga,,,,lechuga,,,sin_conversion
86af9a23-e16a-11ed-bf6d-a96d6180cd25,Papas Rellenas Colombianas,1,Aceite vegetal para freír,aceite vegetal para freir,aceite vegetal para freir,,1,1.0,unidad,aceite vegetal para freir,,,,aceite vegetal,,,sin_conversion
86af9a23-e16a-11ed-bf6d-a96d6180cd25,Papas Rellenas Colombianas,16,Una pizca de sal,una pizca de sal,una pizca de sal,,1,1.0,pizca,sal,,,,sal,,,sin_conversion
86af9a24-e16a-11ed-a745-a96d6180cd25,Hojuelas o Hojaldras Colombianas,6,Aceite vegetal para freír,aceite vegetal para freir,aceite vegetal para freir,,1,1.0,unidad,aceite vegetal para freir,,,,aceite vegetal,,,sin_conversion
86af9a25-e16a-11ed-a8cc-a96d6180cd25,Buñuelos Colombianos,1,Aceite vegetal para freír,aceite vegetal para freir,aceite vegetal para freir,,1,1.0,unidad,aceite vegetal para freir,,,,aceite vegetal,,,sin_conversion
86af9a25-e16a-11ed-a8cc-a96d6180cd25,Buñuelos Colombianos,9,Una pizca de sal,una pizca de sal,una pizca de sal,,1,1.0,pizca,sal,,,,sal,,,sin_conversion
86af9a26-e16a-11ed-9b17-a96d6180cd25,Carimañolas,2,Sal,sal,sal,,1,1.0,unidad,sal,,,,sal,,,sin_conversion
86af9a26-e16a-11ed-9b17-a96d6180cd25,Carimañolas,3,Aceite vegetal para freír,aceite vegetal para freir,aceite vegetal para freir,,1,1.0,unidad,aceite vegetal para freir,,,,aceite vegetal,,,sin_conversion
86af9a26-e16a-11ed-9b17-a96d6180cd25,Carimañolas,10,Sal y pimienta al gusto,sal y pimienta al gusto,sal y pimienta al gusto,,1,1.0,unidad,sal y pimienta,,,,sal y pimienta,,,sin_conversion
86af9a27-e16a-11ed-8c05-a96d6180cd25,Bolitas de Yuca y Queso,2,2 huevos batidos,2 huevos batidos,huevos batidos,,2,2.0,unidad,huevos batidos,,,,huevo batido,,,sin_conversion
86af9a27-e16a-11ed-8c05-a96d6180cd25,Bolitas de Yuca y Queso,5,Aceite vegetal para freír,aceite vegetal para freir,aceite vegetal para freir,,1,1.0,unidad,aceite vegetal para freir,,,,aceite vegetal,,,sin_conversion
86af9a27-e16a-11ed-8c05-a96d6180cd25,Bolitas de Yuca y Queso,6,Guacamole para servir,guacamole para servir,guacamole para servir,,1,1.0,unidad,guacamole para servir,,,,guacamole para servir,,,sin_conversion
86af9a28-e16a-11ed-b78f-a96d6180cd25,Plátanos Calados o Plátanos en Tentacíon,4,2 astillas de canela,2 astillas de canela,astillas de canela,,2,2.0,unidad,astillas de canela,,,,astilla de canela,,,sin_conversion
86af9a29-e16a-11ed-b610-a96d6180cd25,Pastel Gloria,1,1 paquete de masa de hojaldre descongelada,1 paquete de masa de hojaldre descongelada,masa de hojaldre descongelada,paquete,1,1.0,paquete,masa de hojaldre descongelada,,,,masa de hojaldre descongelada,,,sin_conversion
86af9a29-e16a-11ed-b610-a96d6180cd25,Pastel Gloria,2,1 huevo ligeramente batido,1 huevo ligeramente batido,huevo ligeramente batido,,1,1.0,unidad,huevo ligeramente,batido,,,huevo ligeramente,,,sin_conversion
86af9a2a-e16a-11ed-993f-a96d6180cd25,Salpicón de Frutas Colombiano,3,Helado de vainilla para servir opcional,helado de vainilla para servir opcional,helado de vainilla para servir opcional,,1,1.0,unidad,helado de vainilla para servir,,,,helado de vainilla para servir,,,sin_conversion
86af9a2b-e16a-11ed-931a-a96d6180cd25,Bananos Calados,1,4 bananos firmes y pelados,4 bananos firmes y pelados,bananos firmes y pelados,,4,4.0,unidad,bananos firmes y pelados,,,,banano firm,,,sin_conversion
86af9a2b-e16a-11ed-931a-a96d6180cd25,Bananos Calados,7,1 astilla de canela,1 astilla de canela,astilla de canela,,1,1.0,unidad,astilla de canela,,,,astilla de canela,,,sin_conversion
86af9a2b-e16a-11ed-931a-a96d6180cd25,Bananos Calados,8,Helado de vainilla para servir,helado de vainilla para servir,helado de vainilla para servir,,1,1.0,unidad,helado de vainilla para servir,,,,helado de vainilla para servir,,,sin_conversion
86af9a2d-e16a-11ed-8eb0-a96d6180cd25,Plátanos Asados con Bocadillo y Queso,3,4 rebanadas de bocadillo de guayaba,4 rebanadas de bocadillo de guayaba,bocadillo de guayaba,rebanadas,4,4.0,rebanadas,bocadillo de guayaba,,,,bocadillo de guayaba,,,sin_conversion
86af9a2d-e16a-11ed-8eb0-a96d6180cd25,Plátanos Asados con Bocadillo y Queso,4,4 rebanadas de queso mozzarella o queso blanco,4 rebanadas de queso mozzarella o queso blanco,queso mozzarella o queso blanco,rebanadas,4,4.0,rebanadas,queso mozzarella o queso blanco,,,,queso mozzarella,,,sin_conversion
86af9a2e-e16a-11ed-af70-a96d6180cd25,Patacones o Tostones,2,Aceite vegetal para freír,aceite vegetal para freir,aceite vegetal para freir,,1,1.0,unidad,aceite vegetal para freir,,,,aceite vegetal,,,sin_conversion
86af9a2e-e16a-11ed-af70-a96d6180cd25,Patacones o Tostones,3,Sal al gusto,sal al gusto,sal al gusto,,1,1.0,unidad,sal,,,,sal,,,sin_conversion
86af9a2f-e16a-11ed-988a-a96d6180cd25,Yuca Frita,2,Aceite para freir,aceite para freir,aceite para freir,,1,1.0,unidad,aceite para freir,,,,aceite para freir,,,sin_conversion
86af9a30-e16a-11ed-8a3a-a96d6180cd25,Buñuelos de Plátano Maduro,4,Aceite vegetal para freír,aceite vegetal para freir,aceite vegetal para freir,,1,1.0,unidad,aceite vegetal para freir,,,,aceite vegetal,,,sin_conversion
86af9a30-e16a-11ed-8a3a-a96d6180cd25,Buñuelos de Plátano Maduro,5,Azúcar para decorar opcional,azucar para decorar opcional,azucar para decorar opcional,,1,1.0,unidad,azucar,,,,azucar,,,sin_conversion
86af9a31-e16a-11ed-aca6-a96d6180cd25,Patacones con Camarón y Aguacate,2,1 aguacate pequeño maduro cortado en trozos de ½ pulgada,1 aguacate pequeno maduro cortado en trozos de 1/2 pulgada,aguacate pequeno maduro cortado en trozos de 1/2 pulgada,,1,1.0,unidad,aguacate de 1/2 pulgada,pequeno maduro cortado en trozos,,,aguacate de 1 2 pulgada,,,sin_conversion
86af9a31-e16a-11ed-aca6-a96d6180cd25,Patacones con Camarón y Aguacate,10,Patacones para servir,patacones para servir,patacones para servir,,1,1.0,unidad,patacones para servir,,,,patacon para servir,,,sin_conversion
86af9a32-e16a-11ed-b406-a96d6180cd25,Plátanitos,2,Aceite vegetal para freír,aceite vegetal para freir,aceite vegetal para freir,,1,1.0,unidad,aceite vegetal para freir,,,,aceite vegetal,,,sin_conversion
86af9a32-e16a-11ed-b406-a96d6180cd25,Plátanitos,3,Sal,sal,sal,,1,1.0,unidad,sal,,,,sal,,,sin_conversion
86af9a33-e16a-11ed-8b48-a96d6180cd25,Arequipe Colombiano,5,1 astilla de canela,1 astilla de canela,astilla de canela,,1,1.0,unidad,astilla de canela,,,,astilla de canela,,,sin_conversion
86af9a34-e16a-11ed-a654-a96d6180cd25,Salsa de Ajo,4,Sal al gusto,sal al gusto,sal al gusto,,1,1.0,unidad,sal,,,,sal,,,sin_conversion
86af9a35-e16a-11ed-b288-a96d6180cd25,Empanadas Colombianas,7,1 tableta de caldo pollo o vegetales,1 tableta de caldo pollo o vegetales,tableta de caldo pollo o vegetales,,1,1.0,unidad,tableta de caldo pollo o vegetales,,,,tableta de caldo pollo o vegetal,,,sin_conversion
86af9a35-e16a-11ed-b288-a96d6180cd25,Empanadas Colombianas,18,Aceite vegetal para freír,aceite vegetal para freir,aceite vegetal para freir,,1,1.0,unidad,aceite vegetal para freir,,,,aceite vegetal,,,sin_conversion
86af9a35-e16a-11ed-b288-a96d6180cd25,Empanadas Colombianas,19,Limón y ají para servir,limon y aji para servir,limon y aji para servir,,1,1.0,unidad,limon y aji para servir,,,,limon y aji para servir,,,sin_conversion
86af9a36-e16a-11ed-9d6f-a96d6180cd25,Coctel de Camarones,6,Pimienta recién molida al gusto,pimienta recien molida al gusto,pimienta recien molida al gusto,,1,1.0,unidad,pimienta recien,molida,,,pimienta recien,,,sin_conversion
86af9a36-e16a-11ed-9d6f-a96d6180cd25,Coctel de Camarones,10,Aceite de oliva para decorar,aceite de oliva para decorar,aceite de oliva para decorar,,1,1.0,unidad,aceite de oliva,,,,aceite de oliva,,,sin_conversion
86af9a37-e16a-11ed-b454-a96d6180cd25,Aguacate Relleno de Atún,1,2 latas de atún de buena calidad,2 latas de atun de buena calidad,atun de buena calidad,lata,2,2.0,latas,atun de buena calidad,,,,atun de buena calidad,,,sin_conversion
86af9a37-e16a-11ed-b454-a96d6180cd25,Aguacate Relleno de Atún,12,6 aguacates maduros pero firmes,6 aguacates maduros pero firmes,aguacates maduros pero firmes,,6,6.0,unidad,aguacates maduros pero firmes,,,,aguacat maduro pero firm,,,sin_conversion
86af9a37-e16a-11ed-b454-a96d6180cd25,Aguacate Relleno de Atún,13,El jugo de 2 limones,el jugo de 2 limones,el jugo de 2 limones,,1,1.0,unidad,el jugo de 2 limones,,,,jugo de 2 limon,,,sin_conversion
86af9a37-e16a-11ed-b454-a96d6180cd25,Aguacate Relleno de Atún,14,Sal y pimienta al gusto,sal y pimienta al gusto,sal y pimienta al gusto,,1,1.0,unidad,sal y pimienta,,,,sal y pimienta,,,sin_conversion
86af9a38-e16a-11ed-808c-a96d6180cd25,Pasteles de Pollo con Verduras,1,1 paquete de hojas de hojaldre congelado descongeladas,1 paquete de hojas de hojaldre congelado descongeladas,hojas de hojaldre congelado descongeladas,paquete,1,1.0,paquete,hojas de hojaldre congelado descongeladas,,,,hoja de hojaldre congelado descongelada,,,sin_conversion
86af9a38-e16a-11ed-808c-a96d6180cd25,Pasteles de Pollo con Verduras,5,3 dientes de ajo machacados,3 dientes de ajo machacados,ajo machacados,diente,3,3.0,dientes,ajo machacados,,,,ajo machacado,,,sin_conversion
86af9a38-e16a-11ed-808c-a96d6180cd25,Pasteles de Pollo con Verduras,8,2 pechugas de pollo cocinado y desmenuzado,2 pechugas de pollo cocinado y desmenuzado,pechugas de pollo cocinado y desmenuzado,,2,2.0,unidad,pechugas de pollo cocinado y,desmenuzado,,,pechuga de pollo cocinado,,,sin_conversion
86af9a38-e16a-11ed-808c-a96d6180cd25,Pasteles de Pollo con Verduras,11,Sal y pimienta al gusto,sal y pimienta al gusto,sal y pimienta al gusto,,1,1.0,unidad,sal y pimienta,,,,sal y pimienta,,,sin_conversion
86af9a38-e16a-11ed-808c-a96d6180cd25,Pasteles de Pollo con Verduras,12,1 huevo batido con 1 cucharada de agua,1 huevo batido con 1 cucharada de agua,huevo batido con 1 cucharada de agua,,1,1.0,unidad,huevo con 1 cucharada de agua,batido,,,huevo con 1 cucharada de agua,,,sin_conversion
86af9a39-e16a-11ed-958e-a96d6180cd25,Empanadas de Plátano Maduro,8,Aceite en spray para cocinar,aceite en spray para cocinar,aceite en spray para cocinar,,1,1.0,unidad,aceite en spray para cocinar,,,,aceite en spray para cocinar,,,sin_conversion
86af9a3a-e16a-11ed-98c1-a96d6180cd25,Aguacates Rellenos de Camarones,1,3 aguacates maduros,3 aguacates maduros,aguacates maduros,,3,3.0,unidad,aguacates maduros,,,,aguacat maduro,,,sin_conversion
86af9a3a-e16a-11ed-98c1-a96d6180cd25,Aguacates Rellenos de Camarones,2,24 camarones pelados y desvenados,24 camarones pelados y desvenados,camarones pelados y desvenados,,24,24.0,unidad,camarones pelados y desvenados,,,,camaron,,,sin_conversion
86af9a3a-e16a-11ed-98c1-a96d6180cd25,Aguacates Rellenos de Camarones,4,Jugo de 2 limones,jugo de 2 limones,jugo de 2 limones,,1,1.0,unidad,jugo de 2 limones,,,,jugo de 2 limon,,,sin_conversion
86af9a3a-e16a-11ed-98c1-a96d6180cd25,Aguacates Rellenos de Camarones,8,Sal y pimienta,sal y pimienta,sal y pimienta,,1,1.0,unidad,sal y pimienta,,,,sal y pimienta,,,sin_conversion
86af9a3a-e16a-11ed-98c1-a96d6180cd25,Aguacates Rellenos de Camarones,9,Lechuga para servir,lechuga para servir,lechuga para servir,,1,1.0,unidad,lechuga para servir,,,,lechuga para servir,,,sin_conversion
86af9a3b-e16a-11ed-a106-a96d6180cd25,Plátano Relleno de Carne Desmechada,3,1 receta de carne desmechada o ropa vieja ver la receta aquí,1 receta de carne desmechada o ropa vieja ver la receta aqui,receta de carne desmechada o ropa vieja ver la receta aqui,,1,1.0,unidad,receta de carne o ropa vieja ver la receta aqui,desmechada,,,receta de carne o ropa vieja ver la receta aqui,,,sin_conversion
86af9a3b-e16a-11ed-a106-a96d6180cd25,Plátano Relleno de Carne Desmechada,5,Cilantro fresco picado,cilantro fresco picado,cilantro fresco picado,,1,1.0,unidad,cilantro,fresco picado,,,cilantro,,,sin_conversion
86af9a3c-e16a-11ed-ae9d-a96d6180cd25,Arepas de Plátano Verde,6,Sal al gusto,sal al gusto,sal al gusto,,1,1.0,unidad,sal,,,,sal,,,sin_conversion
86af9a3c-e16a-11ed-ae9d-a96d6180cd25,Arepas de Plátano Verde,7,Mantequilla o aceite en aerosol para cocinar las arepas,mantequilla o aceite en aerosol para cocinar las arepas,mantequilla o aceite en aerosol para cocinar las arepas,,1,1.0,unidad,mantequilla o aceite en aerosol para cocinar las arepas,,,,mantequilla o aceite en aerosol para cocinar las arepa,,,sin_conversion
86af9a3d-e16a-11ed-8dd4-a96d6180cd25,Boronía Colombiana,2,1 berenjena grande peladas y en cubitos,1 berenjena grande peladas y en cubitos,berenjena grande peladas y en cubitos,,1,1.0,unidad,berenjena peladas y,grande en cubitos,,,berenjena,,,sin_conversion
86af9a3d-e16a-11ed-8dd4-a96d6180cd25,Boronía Colombiana,4,Saly pimienta recién molida,saly pimienta recien molida,saly pimienta recien molida,,1,1.0,unidad,saly pimienta recien,molida,,,saly pimienta recien,,,sin_conversion
86af9a3d-e16a-11ed-8dd4-a96d6180cd25,Boronía Colombiana,8,3 tallos de cebolla verde picada,3 tallos de cebolla verde picada,tallos de cebolla verde picada,,3,3.0,tallos,cebolla verde,picada,,,cebolla,,,sin_conversion
86af9a3e-e16a-11ed-9863-a96d6180cd25,Camarones al Ajillo,3,8 dientes de ajo finamente rebanados,8 dientes de ajo finamente rebanados,ajo finamente rebanados,diente,8,8.0,dientes,ajo rebanados,finamente,,,ajo rebanado,,,sin_conversion
86af9a3e-e16a-11ed-9863-a96d6180cd25,Camarones al Ajillo,5,Sal y pimienta negra al gusto,sal y pimienta negra al gusto,sal y pimienta negra al gusto,,1,1.0,unidad,sal y pimienta negra,,,,sal y pimienta negra,,,sin_conversion
86af9a3f-e16a-11ed-a6f3-a96d6180cd25,Mogolla Chicharrona,1,1 sobre de levadura,1 sobre de levadura,levadura,sobre,1,1.0,sobre,levadura,,,,levadura,,,sin_conversion
86af9a3f-e16a-11ed-a6f3-a96d6180cd25,Mogolla Chicharrona,7,2 huevos grandes a temperatura ambiente,2 huevos grandes a temperatura ambiente,huevos grandes a temperatura ambiente,,2,2.0,unidad,huevos grandes a temperatura ambiente,,,,huevo a temperatura ambiente,,,sin_conversion
86af9a3f-e16a-11ed-a6f3-a96d6180cd25,Mogolla Chicharrona,8,1 huevo batido para el glaseado,1 huevo batido para el glaseado,huevo batido para el glaseado,,1,1.0,unidad,huevo para el glaseado,batido,,,huevo para el glaseado,,,sin_conversion
86af9a41-e16a-11ed-b455-a96d6180cd25,Jujú Colombiano,4,Sal al gusto,sal al gusto,sal al gusto,,1,1.0,unidad,sal,,,,sal,,,sin_conversion
86af9a41-e16a-11ed-b455-a96d6180cd25,Jujú Colombiano,5,Aceite vegetal para freír,aceite vegetal para freir,aceite vegetal para freir,,1,1.0,unidad,aceite vegetal para freir,,,,aceite vegetal,,,sin_conversion
86af9a42-e16a-11ed-9cb2-a96d6180cd25,Chicharrones de Guayaba,1,12 chicharrones,12 chicharrones,chicharrones,,12,12.0,unidad,chicharrones,,,,chicharron,,,sin_conversion
86af9a42-e16a-11ed-9cb2-a96d6180cd25,Chicharrones de Guayaba,2,"2 hojas 1 libra de hojaldre, descongelado","2 hojas 1 libra de hojaldre, descongelado","1 libra de hojaldre, descongelado",hoja,2,2.0,hojas,"1 libra de hojaldre, descongelado",,,,1 libra de hojaldre descongelado,,,sin_conversion
86af9a42-e16a-11ed-9cb2-a96d6180cd25,Chicharrones de Guayaba,3,12 rebanadas de pasta de guayaba bocadillo,12 rebanadas de pasta de guayaba bocadillo,pasta de guayaba bocadillo,rebanadas,12,12.0,rebanadas,pasta de guayaba bocadillo,,,,pasta de guayaba bocadillo,,,sin_conversion
86af9a42-e16a-11ed-9cb2-a96d6180cd25,Chicharrones de Guayaba,5,Azúcar para adornar,azucar para adornar,azucar para adornar,,1,1.0,unidad,azucar para adornar,,,,azucar para adornar,,,sin_conversion
86af9a43-e16a-11ed-918d-a96d6180cd25,Chicharrón de Pescado con Ají de Mango,2,Sal y pimienta al gusto,sal y pimienta al gusto,sal y pimienta al gusto,,1,1.0,unidad,sal y pimienta,,,,sal y pimienta,,,sin_conversion
86af9a43-e16a-11ed-918d-a96d6180cd25,Chicharrón de Pescado con Ají de Mango,3,El jugo de 2 limones,el jugo de 2 limones,el jugo de 2 limones,,1,1.0,unidad,el jugo de 2 limones,,,,jugo de 2 limon,,,sin_conversion
86af9a43-e16a-11ed-918d-a96d6180cd25,Chicharrón de Pescado con Ají de Mango,5,Vegetal o aceite de canola para freír,vegetal o aceite de canola para freir,vegetal o aceite de canola para freir,,1,1.0,unidad,vegetal o aceite de canola para freir,,,,vegetal o aceite de canola para freir,,,sin_conversion
86af9a43-e16a-11ed-918d-a96d6180cd25,Chicharrón de Pescado con Ají de Mango,6,1 ají amarillo peruano o medio habanero sin semillas,1 aji amarillo peruano o medio habanero sin semillas,aji amarillo peruano o medio habanero sin semillas,,1,1.0,unidad,aji amarillo peruano o 1/2 habanero,sin semillas,,,aji peruano o 1 2 habanero,,,sin_conversion
86af9a43-e16a-11ed-918d-a96d6180cd25,Chicharrón de Pescado con Ají de Mango,10,Sal y pimienta al gusto,sal y pimienta al gusto,sal y pimienta al gusto,,1,1.0,unidad,sal y pimienta,,,,sal y pimienta,,,sin_conversion
86af9a44-e16a-11ed-8d20-a96d6180cd25,Masa Casera para Empanadas al Horno,3,"1 barra de mantequilla ¼, fría y cortada en trozos pequeños","1 barra de mantequilla 1/4, fria y cortada en trozos pequenos","barra de mantequilla 1/4, fria y cortada en trozos pequenos",,1,1.0,unidad,"barra de mantequilla 1/4, y pequenos",fria cortada en trozos,,,barra de mantequilla 1 4,,,sin_conversion
86af9a45-e16a-11ed-b020-a96d6180cd25,Huevitos de Codorniz con Salsa Rosada,1,3 docenas de huevos de codorniz,3 docenas de huevos de codorniz,docenas de huevos de codorniz,,3,3.0,unidad,docenas de huevos de codorniz,,,,docena de huevo de codorniz,,,sin_conversion
86af9a46-e16a-11ed-8151-a96d6180cd25,Pastel Hawaiano,1,1 paquete de hojas de hojaldre descongelado,1 paquete de hojas de hojaldre descongelado,hojas de hojaldre descongelado,paquete,1,1.0,paquete,hojas de hojaldre descongelado,,,,hoja de hojaldre descongelado,,,sin_conversion
86af9a46-e16a-11ed-8151-a96d6180cd25,Pastel Hawaiano,5,2 huevos batidos con 1 cucharada de agua,2 huevos batidos con 1 cucharada de agua,huevos batidos con 1 cucharada de agua,,2,2.0,unidad,huevos batidos con 1 cucharada de agua,,,,huevo batido con 1 cucharada de agua,,,sin_conversion
86af9a47-e16a-11ed-b8f6-a96d6180cd25,Ceviche de Camarón con Coco,7,½ de cilantro fresco finamente picado,1/2 de cilantro fresco finamente picado,de cilantro fresco finamente picado,,1/2,0.5,unidad,cilantro,fresco finamente picado,,,cilantro,,,sin_conversion
86af9a47-e16a-11ed-b8f6-a96d6180cd25,Ceviche de Camarón con Coco,8,Sal y pimienta,sal y pimienta,sal y pimienta,,1,1.0,unidad,sal y pimienta,,,,sal y pimienta,,,sin_conversion
86af9a48-e16a-11ed-94b9-a96d6180cd25,Torta de Plátano Maduro,3,3 huevos batidos,3 huevos batidos,huevos batidos,,3,3.0,unidad,huevos batidos,,,,huevo batido,,,sin_conversion
86af9a49-e16a-11ed-970b-a96d6180cd25,Patacones con Carne Desmechada,1,8 patacones receta aquí,8 patacones receta aqui,patacones receta aqui,,8,8.0,unidad,patacones receta aqui,,,,patacon receta aqui,,,sin_conversion
86af9a49-e16a-11ed-970b-a96d6180cd25,Patacones con Carne Desmechada,2,Carne desmechada o ropa vieja receta aquí,carne desmechada o ropa vieja receta aqui,carne desmechada o ropa vieja receta aqui,,1,1.0,unidad,carne o ropa vieja receta aqui,desmechada,,,carne o ropa vieja receta aqui,,,sin_conversion
86af9a4a-e16a-11ed-a928-a96d6180cd25,Picada o Fritanga Colombiana,5,Patacones receta aquí,patacones receta aqui,patacones receta aqui,,1,1.0,unidad,patacones receta aqui,,,,patacon receta aqui,,,sin_conversion
86af9a4a-e16a-11ed-a928-a96d6180cd25,Picada o Fritanga Colombiana,6,Yuca frita Ver receta,yuca frita ver receta,yuca frita ver receta,,1,1.0,unidad,yuca ver receta,frita,,,yuca,,,sin_conversion
86af9a4a-e16a-11ed-a928-a96d6180cd25,Picada o Fritanga Colombiana,8,1 to mate grande cortado en trozos,1 to mate grande cortado en trozos,to mate grande cortado en trozos,,1,1.0,unidad,to mate,grande cortado en trozos,,,to mate,,,sin_conversion
86af9a4a-e16a-11ed-a928-a96d6180cd25,Picada o Fritanga Colombiana,9,Rodajas de limuón para servir,rodajas de limuon para servir,rodajas de limuon para servir,,1,1.0,unidad,limuon para servir,rodajas,,,limuon para servir,,,sin_conversion
86af9a4a-e16a-11ed-a928-a96d6180cd25,Picada o Fritanga Colombiana,10,Guacamole para servir receta aquí,guacamole para servir receta aqui,guacamole para servir receta aqui,,1,1.0,unidad,guacamole para servir receta aqui,,,,guacamole para servir receta aqui,,,sin_conversion
86af9a4a-e16a-11ed-a928-a96d6180cd25,Picada o Fritanga Colombiana,11,Hogao para servir receta aquí,hogao para servir receta aqui,hogao para servir receta aqui,,1,1.0,unidad,hogao para servir receta aqui,,,,hogao para servir receta aqui,,,sin_conversion
86af9a4a-e16a-11ed-a928-a96d6180cd25,Picada o Fritanga Colombiana,12,Ají para servir receta aquí,aji para servir receta aqui,aji para servir receta aqui,,1,1.0,unidad,aji para servir receta aqui,,,,aji para servir receta aqui,,,sin_conversion
86af9a4b-e16a-11ed-94ad-a96d6180cd25,Bollos de Mazorca,1,10 mazorcas frescas de maíz con hojas,10 mazorcas frescas de maiz con hojas,mazorcas frescas de maiz con hojas,,10,10.0,unidad,mazorcas frescas de maiz con hojas,,,,mazorca de maiz con hoja,,,sin_conversion
86af9a4b-e16a-11ed-94ad-a96d6180cd25,Bollos de Mazorca,5,Pita de cocina,pita de cocina,pita de cocina,,1,1.0,unidad,pita de cocina,,,,pita de cocina,,,sin_conversion
86af9a4b-e16a-11ed-94ad-a96d6180cd25,Bollos de Mazorca,6,Queso y mantequilla para servir,queso y mantequilla para servir,queso y mantequilla para servir,,1,1.0,unidad,queso y mantequilla para servir,,,,queso y mantequilla para servir,,,sin_conversion
86af9a4c-e16a-11ed-9349-a96d6180cd25,Dulce de Papaya,2,El jugo de 1 limón,el jugo de 1 limon,el jugo de 1 limon,,1,1.0,unidad,el jugo de 1 limon,,,,jugo de 1 limon,,,sin_conversion
86af9a4d-e16a-11ed-9deb-a96d6180cd25,Panderos Colombianos,1,1 + ½ tazas almidón de yuca,1 1/2 tazas almidon de yuca,1/2 tazas almidon de yuca,,1,1.0,unidad,1/2 tazas almidon de yuca,,,,yuca,,,sin_conversion
86af9a4d-e16a-11ed-9deb-a96d6180cd25,Panderos Colombianos,5,Una pizca de sal,una pizca de sal,una pizca de sal,,1,1.0,pizca,sal,,,,sal,,,sin_conversion
86af9a4d-e16a-11ed-9deb-a96d6180cd25,Panderos Colombianos,7,1 huevo grande a temperatura ambiente,1 huevo grande a temperatura ambiente,huevo grande a temperatura ambiente,,1,1.0,unidad,huevo a temperatura ambiente,grande,,,huevo a temperatura ambiente,,,sin_conversion
86af9a4e-e16a-11ed-a7ab-a96d6180cd25,Buñuelos de Fríjol de Cabecita Negra,4,Sal y pimienta al gusto,sal y pimienta al gusto,sal y pimienta al gusto,,1,1.0,unidad,sal y pimienta,,,,sal y pimienta,,,sin_conversion
86af9a4e-e16a-11ed-a7ab-a96d6180cd25,Buñuelos de Fríjol de Cabecita Negra,7,Aceite de canola o vegetal para freír,aceite de canola o vegetal para freir,aceite de canola o vegetal para freir,,1,1.0,unidad,aceite de canola o vegetal para freir,,,,aceite de canola o vegetal para freir,,,sin_conversion
86af9a4f-e16a-11ed-8fdc-a96d6180cd25,Bollo Limpio,4,Sal a su gusto,sal a su gusto,sal a su gusto,,1,1.0,unidad,sal a su gusto,,,,sal a su gusto,,,sin_conversion
86af9a4f-e16a-11ed-8fdc-a96d6180cd25,Bollo Limpio,5,Hojas de maíz para envolver,hojas de maiz para envolver,hojas de maiz para envolver,,1,1.0,hojas,maiz para envolver,,,,maiz para envolver,,,sin_conversion
86af9a50-e16a-11ed-85c9-a96d6180cd25,Mojicones o Pan Mojicón,8,2 huevos grandes a temperatura ambiente,2 huevos grandes a temperatura ambiente,huevos grandes a temperatura ambiente,,2,2.0,unidad,huevos grandes a temperatura ambiente,,,,huevo a temperatura ambiente,,,sin_conversion
86af9a50-e16a-11ed-85c9-a96d6180cd25,Mojicones o Pan Mojicón,9,1 huevo batido para el glaseado,1 huevo batido para el glaseado,huevo batido para el glaseado,,1,1.0,unidad,huevo para el glaseado,batido,,,huevo para el glaseado,,,sin_conversion
86afb03c-e16a-11ed-bc7f-a96d6180cd25,Regañonas o Torticas de Maiz,1,4 mazorcas,4 mazorcas,mazorcas,,4,4.0,unidad,mazorcas,,,,mazorca,,,sin_conversion
86afb03c-e16a-11ed-bc7f-a96d6180cd25,Regañonas o Torticas de Maiz,2,3 huevos batidos,3 huevos batidos,huevos batidos,,3,3.0,unidad,huevos batidos,,,,huevo batido,,,sin_conversion
86afb03c-e16a-11ed-bc7f-a96d6180cd25,Regañonas o Torticas de Maiz,5,Sal y pimienta,sal y pimienta,sal y pimienta,,1,1.0,unidad,sal y pimienta,,,,sal y pimienta,,,sin_conversion
86afb03c-e16a-11ed-bc7f-a96d6180cd25,Regañonas o Torticas de Maiz,6,Aceite vegetal para freír,aceite vegetal para freir,aceite vegetal para freir,,1,1.0,unidad,aceite vegetal para freir,,,,aceite vegetal,,,sin_conversion
86afb03d-e16a-11ed-9c6e-a96d6180cd25,Palitos o Deditos de Queso,1,Aceite para freír,aceite para freir,aceite para freir,,1,1.0,unidad,aceite para freir,,,,aceite para freir,,,sin_conversion
86afb03e-e16a-11ed-a2cc-a96d6180cd25,Empanaditas de Carne,3,½ pimientón cortado en cubitos,1/2 pimienton cortado en cubitos,pimienton cortado en cubitos,,1/2,0.5,unidad,pimienton,cortado en cubitos,,,pimienton,,,sin_conversion
86afb03e-e16a-11ed-a2cc-a96d6180cd25,Empanaditas de Carne,10,Sal al gusto,sal al gusto,sal al gusto,,1,1.0,unidad,sal,,,,sal,,,sin_conversion
86afb03e-e16a-11ed-a2cc-a96d6180cd25,Empanaditas de Carne,11,1 yema de huevo,1 yema de huevo,yema de huevo,,1,1.0,unidad,yema de huevo,,,,yema de huevo,,,sin_conversion
86afb03f-e16a-11ed-9261-a96d6180cd25,Cholado Colombiano,1,Hielo,hielo,hielo,,1,1.0,unidad,hielo,,,,hielo,,,sin_conversion
86afb03f-e16a-11ed-9261-a96d6180cd25,Cholado Colombiano,6,Leche condensada a tu gusto,leche condensada a tu gusto,leche condensada a tu gusto,,1,1.0,unidad,leche condensada a tu gusto,,,,leche condensada a tu gusto,,,sin_conversion
86afb03f-e16a-11ed-9261-a96d6180cd25,Cholado Colombiano,8,Cerezas para decorar,cerezas para decorar,cerezas para decorar,,1,1.0,unidad,cerezas,,,,cereza,,,sin_conversion
86afb03f-e16a-11ed-9261-a96d6180cd25,Cholado Colombiano,9,Pitillo y cuchara para servir,pitillo y cuchara para servir,pitillo y cuchara para servir,,1,1.0,unidad,pitillo y cuchara para servir,,,,pitillo y cuchara para servir,,,sin_conversion
86afb040-e16a-11ed-adac-a96d6180cd25,Cocadas de Arequipe o Dulce de Leche,1,Aceite en aerosol,aceite en aerosol,aceite en aerosol,,1,1.0,unidad,aceite en aerosol,,,,aceite en aerosol,,,sin_conversion
86afb041-e16a-11ed-bbee-a96d6180cd25,Dulce de Brevas o Brevas Caladas,1,24 brevas o higos frescos y firmes,24 brevas o higos frescos y firmes,brevas o higos frescos y firmes,,24,24.0,unidad,brevas o higos frescos y firmes,,,,breva o higo y firm,,,sin_conversion
86afb041-e16a-11ed-bbee-a96d6180cd25,Dulce de Brevas o Brevas Caladas,2,El jugo de 1 limón,el jugo de 1 limon,el jugo de 1 limon,,1,1.0,unidad,el jugo de 1 limon,,,,jugo de 1 limon,,,sin_conversion
86afb041-e16a-11ed-bbee-a96d6180cd25,Dulce de Brevas o Brevas Caladas,4,2 ramas de canela,2 ramas de canela,ramas de canela,,2,2.0,ramas,canela,,,,canela,,,sin_conversion
86afb041-e16a-11ed-bbee-a96d6180cd25,Dulce de Brevas o Brevas Caladas,5,Agua,agua,agua,,1,1.0,unidad,agua,,,,agua,,,sin_conversion
86afb042-e16a-11ed-8985-a96d6180cd25,Fresas con Crema,5,Leche condensada opcional,leche condensada opcional,leche condensada opcional,,1,1.0,unidad,leche condensada,,,,leche condensada,,,sin_conversion
86afb044-e16a-11ed-9f91-a96d6180cd25,Gazpacho de Aguacate,1,2 aguacates pequeños pelados y cortados en cubitos,2 aguacates pequenos pelados y cortados en cubitos,aguacates pequenos pelados y cortados en cubitos,,2,2.0,unidad,aguacates pequenos pelados y,cortados en cubitos,,,aguacat,,,sin_conversion
86afb044-e16a-11ed-9f91-a96d6180cd25,Gazpacho de Aguacate,4,Sal y pimienta al gusto,sal y pimienta al gusto,sal y pimienta al gusto,,1,1.0,unidad,sal y pimienta,,,,sal y pimienta,,,sin_conversion
86afb045-e16a-11ed-8e88-a96d6180cd25,Arepas de Chócolo Colombianas,3,Sal al gusto,sal al gusto,sal al gusto,,1,1.0,unidad,sal,,,,sal,,,sin_conversion
86afb045-e16a-11ed-8e88-a96d6180cd25,Arepas de Chócolo Colombianas,5,Queso fresco o queso blanco para servir,queso fresco o queso blanco para servir,queso fresco o queso blanco para servir,,1,1.0,unidad,queso o queso blanco para servir,fresco,,,queso o queso para servir,,,sin_conversion
86afb046-e16a-11ed-988f-a96d6180cd25,Pan de Queso Colombiano,9,Sal al gusto,sal al gusto,sal al gusto,,1,1.0,unidad,sal,,,,sal,,,sin_conversion
86afb048-e16a-11ed-a724-a96d6180cd25,Ají de Maní,1,2 cebollas largas cortadas en trozos pequeños,2 cebollas largas cortadas en trozos pequenos,cebollas largas cortadas en trozos pequenos,,2,2.0,unidad,cebollas largas pequenos,cortadas en trozos,,,cebolla larga,,,sin_conversion
86afb049-e16a-11ed-897e-a96d6180cd25,Marranitas o Puerquitas,1,Aceite vegetal para freír,aceite vegetal para freir,aceite vegetal para freir,,1,1.0,unidad,aceite vegetal para freir,,,,aceite vegetal,,,sin_conversion
86afb049-e16a-11ed-897e-a96d6180cd25,Marranitas o Puerquitas,3,2 dientes de ajo machacados,2 dientes de ajo machacados,ajo machacados,diente,2,2.0,dientes,ajo machacados,,,,ajo machacado,,,sin_conversion
86afb049-e16a-11ed-897e-a96d6180cd25,Marranitas o Puerquitas,6,Sal,sal,sal,,1,1.0,unidad,sal,,,,sal,,,sin_conversion
86afb04a-e16a-11ed-abf6-a96d6180cd25,Arepuela o Anisita,5,Aceite vegetal para freír,aceite vegetal para freir,aceite vegetal para freir,,1,1.0,unidad,aceite vegetal para freir,,,,aceite vegetal,,,sin_conversion
86afb04b-e16a-11ed-86e5-a96d6180cd25,Tostadas de Plátano Verde o Patacón Grande,2,Aceite vegetal para freír,aceite vegetal para freir,aceite vegetal para freir,,1,1.0,unidad,aceite vegetal para freir,,,,aceite vegetal,,,sin_conversion
86afb04b-e16a-11ed-86e5-a96d6180cd25,Tostadas de Plátano Verde o Patacón Grande,3,Sal,sal,sal,,1,1.0,unidad,sal,,,,sal,,,sin_conversion
86afb04b-e16a-11ed-86e5-a96d6180cd25,Tostadas de Plátano Verde o Patacón Grande,4,Hogao Guacamole o Ají para servir,hogao guacamole o aji para servir,hogao guacamole o aji para servir,,1,1.0,unidad,hogao guacamole o aji para servir,,,,hogao guacamole o aji para servir,,,sin_conversion
86afb04f-e16a-11ed-a6a9-a96d6180cd25,Salchipapas,1,8 salchichas,8 salchichas,salchichas,,8,8.0,unidad,salchichas,,,,salchicha,,,sin_conversion
86afb04f-e16a-11ed-a6a9-a96d6180cd25,Salchipapas,3,Aceite vegetal para freír,aceite vegetal para freir,aceite vegetal para freir,,1,1.0,unidad,aceite vegetal para freir,,,,aceite vegetal,,,sin_conversion
86afb04f-e16a-11ed-a6a9-a96d6180cd25,Salchipapas,4,Sal al gusto,sal al gusto,sal al gusto,,1,1.0,unidad,sal,,,,sal,,,sin_conversion
86afb051-e16a-11ed-9c37-a96d6180cd25,Guacamole,1,2 aguacates maduros pequeuños,2 aguacates maduros pequeunos,aguacates maduros pequeunos,,2,2.0,unidad,aguacates maduros pequeunos,,,,aguacat maduro pequeuno,,,sin_conversion
86afb051-e16a-11ed-9c37-a96d6180cd25,Guacamole,2,1 limón,1 limon,limon,,1,1.0,unidad,limon,,,,limon,,,sin_conversion
86afb052-e16a-11ed-a9b9-a96d6180cd25,Tomates Rellenos de Atún,1,3 latas 6 oz de atún,3 latas 6 oz de atun,6 oz de atun,lata,3,3.0,latas,6 oz de atun,,,,6 oz de atun,,,sin_conversion
86afb052-e16a-11ed-a9b9-a96d6180cd25,Tomates Rellenos de Atún,11,Hojas de lechuga,hojas de lechuga,hojas de lechuga,,1,1.0,hojas,lechuga,,,,lechuga,,,sin_conversion
86afb053-e16a-11ed-b975-a96d6180cd25,Ensalada de Remolacha y Zanahoria,2,3 remolachas,3 remolachas,remolachas,,3,3.0,unidad,remolachas,,,,remolacha,,,sin_conversion
86afb053-e16a-11ed-b975-a96d6180cd25,Ensalada de Remolacha y Zanahoria,7,El jugo de 1 limón,el jugo de 1 limon,el jugo de 1 limon,,1,1.0,unidad,el jugo de 1 limon,,,,jugo de 1 limon,,,sin_conversion
86afb053-e16a-11ed-b975-a96d6180cd25,Ensalada de Remolacha y Zanahoria,9,Sal y pimienta al gusto,sal y pimienta al gusto,sal y pimienta al gusto,,1,1.0,unidad,sal y pimienta,,,,sal y pimienta,,,sin_conversion
86afb054-e16a-11ed-893c-a96d6180cd25,Ensalada Simple,1,1 cabeza de lechuga romana picada,1 cabeza de lechuga romana picada,cabeza de lechuga romana picada,,1,1.0,unidad,cabeza de lechuga romana,picada,,,cabeza de lechuga romana,,,sin_conversion
86afb054-e16a-11ed-893c-a96d6180cd25,Ensalada Simple,3,1 aguacate pelado y en rodajas,1 aguacate pelado y en rodajas,aguacate pelado y en rodajas,,1,1.0,unidad,aguacate y,pelado en rodajas,,,aguacate,,,sin_conversion
86afb054-e16a-11ed-893c-a96d6180cd25,Ensalada Simple,6,1 pepino en rodajas,1 pepino en rodajas,pepino en rodajas,,1,1.0,unidad,pepino,en rodajas,,,pepino,,,sin_conversion
86afb054-e16a-11ed-893c-a96d6180cd25,Ensalada Simple,8,El jugo de 4 limones,el jugo de 4 limones,el jugo de 4 limones,,1,1.0,unidad,el jugo de 4 limones,,,,jugo de 4 limon,,,sin_conversion
86afb054-e16a-11ed-893c-a96d6180cd25,Ensalada Simple,9,Sal y pimienta al gusto,sal y pimienta al gusto,sal y pimienta al gusto,,1,1.0,unidad,sal y pimienta,,,,sal y pimienta,,,sin_conversion
86afb055-e16a-11ed-918d-a96d6180cd25,Ensalada de Aguacate y Tomate,3,"1 pepino, cortado en rodajas","1 pepino, cortado en rodajas","pepino, cortado en rodajas",,1,1.0,unidad,"pepino,",cortado en rodajas,,,pepino,,,sin_conversion
86afb055-e16a-11ed-918d-a96d6180cd25,Ensalada de Aguacate y Tomate,4,"2 aguacates pequeños, cortado en cubos","2 aguacates pequenos, cortado en cubos","aguacates pequenos, cortado en cubos",,2,2.0,unidad,"aguacates pequenos,",cortado en cubos,,,aguacat,,,sin_conversion
86afb055-e16a-11ed-918d-a96d6180cd25,Ensalada de Aguacate y Tomate,5,2 limones,2 limones,limones,,2,2.0,unidad,limones,,,,limon,,,sin_conversion
86afb056-e16a-11ed-990c-a96d6180cd25,Ensalada Rusa,6,Sal y pimienta al gusto,sal y pimienta al gusto,sal y pimienta al gusto,,1,1.0,unidad,sal y pimienta,,,,sal y pimienta,,,sin_conversion
86afb056-e16a-11ed-990c-a96d6180cd25,Ensalada Rusa,11,El jugo de ½ limón,el jugo de 1/2 limon,el jugo de 1/2 limon,,1,1.0,unidad,el jugo de 1/2 limon,,,,jugo de 1 2 limon,,,sin_conversion
86afb057-e16a-11ed-8df6-a96d6180cd25,Aguacate Relleno de Atún,1,2 latas de atún de buena calidad,2 latas de atun de buena calidad,atun de buena calidad,lata,2,2.0,latas,atun de buena calidad,,,,atun de buena calidad,,,sin_conversion
86afb057-e16a-11ed-8df6-a96d6180cd25,Aguacate Relleno de Atún,12,6 aguacates maduros pero firmes,6 aguacates maduros pero firmes,aguacates maduros pero firmes,,6,6.0,unidad,aguacates maduros pero firmes,,,,aguacat maduro pero firm,,,sin_conversion
86afb057-e16a-11ed-8df6-a96d6180cd25,Aguacate Relleno de Atún,13,El jugo de 2 limones,el jugo de 2 limones,el jugo de 2 limones,,1,1.0,unidad,el jugo de 2 limones,,,,jugo de 2 limon,,,sin_conversion
86afb057-e16a-11ed-8df6-a96d6180cd25,Aguacate Relleno de Atún,14,Sal y pimienta al gusto,sal y pimienta al gusto,sal y pimienta al gusto,,1,1.0,unidad,sal y pimienta,,,,sal y pimienta,,,sin_conversion
86afb058-e16a-11ed-9d2d-a96d6180cd25,Aguacates Rellenos de Camarones,1,3 aguacates maduros,3 aguacates maduros,aguacates maduros,,3,3.0,unidad,aguacates maduros,,,,aguacat maduro,,,sin_conversion
86afb058-e16a-11ed-9d2d-a96d6180cd25,Aguacates Rellenos de Camarones,2,24 camarones pelados y desvenados,24 camarones pelados y desvenados,camarones pelados y desvenados,,24,24.0,unidad,camarones pelados y desvenados,,,,camaron,,,sin_conversion
86afb058-e16a-11ed-9d2d-a96d6180cd25,Aguacates Rellenos de Camarones,4,Jugo de 2 limones,jugo de 2 limones,jugo de 2 limones,,1,1.0,unidad,jugo de 2 limones,,,,jugo de 2 limon,,,sin_conversion
86afb058-e16a-11ed-9d2d-a96d6180cd25,Aguacates Rellenos de Camarones,8,Sal y pimienta,sal y pimienta,sal y pimienta,,1,1.0,unidad,sal y pimienta,,,,sal y pimienta,,,sin_conversion
86afb058-e16a-11ed-9d2d-a96d6180cd25,Aguacates Rellenos de Camarones,9,Lechuga para servir,lechuga para servir,lechuga para servir,,1,1.0,unidad,lechuga para servir,,,,lechuga para servir,,,sin_conversion
86afb059-e16a-11ed-a198-a96d6180cd25,Ensalada de Pollo a la Plancha con Aderezo de Mango y Chipotle,6,Sal y pimienta al gusto,sal y pimienta al gusto,sal y pimienta al gusto,,1,1.0,unidad,sal y pimienta,,,,sal y pimienta,,,sin_conversion
86afb059-e16a-11ed-a198-a96d6180cd25,Ensalada de Pollo a la Plancha con Aderezo de Mango y Chipotle,7,2 cabezas de lechuga romana picada,2 cabezas de lechuga romana picada,cabezas de lechuga romana picada,,2,2.0,unidad,cabezas de lechuga romana,picada,,,cabeza de lechuga romana,,,sin_conversion
86afb059-e16a-11ed-a198-a96d6180cd25,Ensalada de Pollo a la Plancha con Aderezo de Mango y Chipotle,9,1 aguacate pelado y cortado en rodajas,1 aguacate pelado y cortado en rodajas,aguacate pelado y cortado en rodajas,,1,1.0,unidad,aguacate y,pelado cortado en rodajas,,,aguacate,,,sin_conversion
86afb059-e16a-11ed-a198-a96d6180cd25,Ensalada de Pollo a la Plancha con Aderezo de Mango y Chipotle,10,½ pepino Inglés cortado en rodajas,1/2 pepino ingles cortado en rodajas,pepino ingles cortado en rodajas,,1/2,0.5,unidad,pepino ingles,cortado en rodajas,,,pepino ingl,,,sin_conversion
86afb05a-e16a-11ed-be9b-a96d6180cd25,Chuyaco,1,12 naranjas peladas,12 naranjas peladas,naranjas peladas,,12,12.0,unidad,naranjas peladas,,,,naranja,,,sin_conversion
86afb05a-e16a-11ed-be9b-a96d6180cd25,Chuyaco,7,Sal y pimienta al gusto,sal y pimienta al gusto,sal y pimienta al gusto,,1,1.0,unidad,sal y pimienta,,,,sal y pimienta,,,sin_conversion
86afb05c-e16a-11ed-b515-a96d6180cd25,Torta Tres Leches de Mandarina,6,4 huevos grandes a temperatura ambiente,4 huevos grandes a temperatura ambiente,huevos grandes a temperatura ambiente,,4,4.0,unidad,huevos grandes a temperatura ambiente,,,,huevo a temperatura ambiente,,,sin_conversion
86afb05c-e16a-11ed-b515-a96d6180cd25,Torta Tres Leches de Mandarina,10,1 lata de leche evaporada,1 lata de leche evaporada,leche evaporada,lata,1,1.0,lata,leche evaporada,,,,leche evaporada,,,sin_conversion
86afb05c-e16a-11ed-b515-a96d6180cd25,Torta Tres Leches de Mandarina,11,1 lata de leche condensada dulce,1 lata de leche condensada dulce,leche condensada dulce,lata,1,1.0,lata,leche condensada dulce,,,,leche condensada dulce,,,sin_conversion
86afb05c-e16a-11ed-b515-a96d6180cd25,Torta Tres Leches de Mandarina,14,Cubierta,cubierta,cubierta,,1,1.0,unidad,cubierta,,,,cubierta,,,sin_conversion
86afb05c-e16a-11ed-b515-a96d6180cd25,Torta Tres Leches de Mandarina,15,2 claras de huevo,2 claras de huevo,claras de huevo,,2,2.0,unidad,claras de huevo,,,,clara de huevo,,,sin_conversion
86afb05d-e16a-11ed-b7ff-a96d6180cd25,Pionono de Arequipe Y Coco,1,5 huevos separados,5 huevos separados,huevos separados,,5,5.0,unidad,huevos separados,,,,huevo separado,,,sin_conversion
86afb05d-e16a-11ed-b7ff-a96d6180cd25,Pionono de Arequipe Y Coco,5,Azúcar en polvo,azucar en polvo,azucar en polvo,,1,1.0,unidad,azucar en polvo,,,,azucar en polvo,,,sin_conversion
86afb05e-e16a-11ed-b724-a96d6180cd25,Torta María Luisa,10,Azúcar en polvo para decorar,azucar en polvo para decorar,azucar en polvo para decorar,,1,1.0,unidad,azucar en polvo,,,,azucar en polvo,,,sin_conversion
86afb05f-e16a-11ed-8560-a96d6180cd25,Torta de Tres Leches de Chocolate,10,1 lata de leche condensada,1 lata de leche condensada,leche condensada,lata,1,1.0,lata,leche condensada,,,,leche condensada,,,sin_conversion
86afb05f-e16a-11ed-8560-a96d6180cd25,Torta de Tres Leches de Chocolate,11,1 lata de leche evaporada,1 lata de leche evaporada,leche evaporada,lata,1,1.0,lata,leche evaporada,,,,leche evaporada,,,sin_conversion
86afb05f-e16a-11ed-8560-a96d6180cd25,Torta de Tres Leches de Chocolate,14,3 claras de huevo,3 claras de huevo,claras de huevo,,3,3.0,unidad,claras de huevo,,,,clara de huevo,,,sin_conversion
86afb060-e16a-11ed-9bb1-a96d6180cd25,Milhojas con Arequipe,1,1 hoja de hojaldre congelado descongelado,1 hoja de hojaldre congelado descongelado,hojaldre congelado descongelado,hoja,1,1.0,hoja,hojaldre congelado descongelado,,,,hojaldre congelado descongelado,,,sin_conversion
86afb060-e16a-11ed-9bb1-a96d6180cd25,Milhojas con Arequipe,4,Una pizca de sal,una pizca de sal,una pizca de sal,,1,1.0,pizca,sal,,,,sal,,,sin_conversion
86afb060-e16a-11ed-9bb1-a96d6180cd25,Milhojas con Arequipe,7,3 yemas de huevo batidas,3 yemas de huevo batidas,yemas de huevo batidas,,3,3.0,unidad,yemas de huevo batidas,,,,yema de huevo batida,,,sin_conversion
86afb061-e16a-11ed-a7da-a96d6180cd25,Torta de Café,1,2 y ½ tazas de harina para todo uso,2 y 1/2 tazas de harina para todo uso,y 1/2 tazas de harina para todo uso,,2,2.0,unidad,y 1/2 tazas de harina para todo uso,,,,1 2 taza de harina para todo uso,,,sin_conversion
86afb061-e16a-11ed-a7da-a96d6180cd25,Torta de Café,5,3 huevos a temperatura ambiente,3 huevos a temperatura ambiente,huevos a temperatura ambiente,,3,3.0,unidad,huevos a temperatura ambiente,,,,huevo a temperatura ambiente,,,sin_conversion
86afb062-e16a-11ed-9cd3-a96d6180cd25,Flan de Coco,3,5 huevos enteros,5 huevos enteros,huevos enteros,,5,5.0,unidad,huevos enteros,,,,huevo entero,,,sin_conversion
86afb062-e16a-11ed-9cd3-a96d6180cd25,Flan de Coco,4,2 yemas de huevo,2 yemas de huevo,yemas de huevo,,2,2.0,unidad,yemas de huevo,,,,yema de huevo,,,sin_conversion
86afb062-e16a-11ed-9cd3-a96d6180cd25,Flan de Coco,5,1 lata de leche condensada,1 lata de leche condensada,leche condensada,lata,1,1.0,lata,leche condensada,,,,leche condensada,,,sin_conversion
86afb062-e16a-11ed-9cd3-a96d6180cd25,Flan de Coco,6,1 lata de leche de coco,1 lata de leche de coco,leche de coco,lata,1,1.0,lata,leche de coco,,,,leche de coco,,,sin_conversion
86afb063-e16a-11ed-bd44-a96d6180cd25,Esponjado de Café,2,1 lata 14 onzas de leche condensada,1 lata 14 onzas de leche condensada,14 onzas de leche condensada,lata,1,1.0,lata,14 onzas de leche condensada,,,,14 onza de leche condensada,,,sin_conversion
86afb063-e16a-11ed-bd44-a96d6180cd25,Esponjado de Café,7,3 claras de huevo,3 claras de huevo,claras de huevo,,3,3.0,unidad,claras de huevo,,,,clara de huevo,,,sin_conversion
86afb064-e16a-11ed-aab2-a96d6180cd25,Natilla Colombiana,5,2 astillas de canela,2 astillas de canela,astillas de canela,,2,2.0,unidad,astillas de canela,,,,astilla de canela,,,sin_conversion
86afb064-e16a-11ed-aab2-a96d6180cd25,Natilla Colombiana,6,1 lata 14 onzas de leche condensada,1 lata 14 onzas de leche condensada,14 onzas de leche condensada,lata,1,1.0,lata,14 onzas de leche condensada,,,,14 onza de leche condensada,,,sin_conversion
86afb064-e16a-11ed-aab2-a96d6180cd25,Natilla Colombiana,9,Una pizca de sal,una pizca de sal,una pizca de sal,,1,1.0,pizca,sal,,,,sal,,,sin_conversion
86afb064-e16a-11ed-aab2-a96d6180cd25,Natilla Colombiana,11,Canela en polvo al gusto,canela en polvo al gusto,canela en polvo al gusto,,1,1.0,unidad,canela en polvo,,,,canela en polvo,,,sin_conversion
86afb065-e16a-11ed-8cbf-a96d6180cd25,Hojuelas o Hojaldras Colombianas,6,Aceite vegetal para freír,aceite vegetal para freir,aceite vegetal para freir,,1,1.0,unidad,aceite vegetal para freir,,,,aceite vegetal,,,sin_conversion
86afb066-e16a-11ed-9953-a96d6180cd25,Natilla con Panela,4,3 palitos de canela,3 palitos de canela,palitos de canela,,3,3.0,unidad,palitos de canela,,,,palito de canela,,,sin_conversion
86afb066-e16a-11ed-9953-a96d6180cd25,Natilla con Panela,5,1 y ¼ tazas de maicena,1 y 1/4 tazas de maicena,y 1/4 tazas de maicena,,1,1.0,unidad,y 1/4 tazas de maicena,,,,1 4 taza de maicena,,,sin_conversion
86afb066-e16a-11ed-9953-a96d6180cd25,Natilla con Panela,7,Canela molida para servir,canela molida para servir,canela molida para servir,,1,1.0,unidad,canela para servir,molida,,,canela para servir,,,sin_conversion
86afb067-e16a-11ed-bce5-a96d6180cd25,Plátanos Calados o Plátanos en Tentacíon,4,2 astillas de canela,2 astillas de canela,astillas de canela,,2,2.0,unidad,astillas de canela,,,,astilla de canela,,,sin_conversion
86afb068-e16a-11ed-b477-a96d6180cd25,Torta de Plátano Maduro con Bocadillo y Queso,3,3 huevos batidos,3 huevos batidos,huevos batidos,,3,3.0,unidad,huevos batidos,,,,huevo batido,,,sin_conversion
86afb069-e16a-11ed-ac08-a96d6180cd25,Flan de Piña,3,5 huevos enteros,5 huevos enteros,huevos enteros,,5,5.0,unidad,huevos enteros,,,,huevo entero,,,sin_conversion
86afb069-e16a-11ed-ac08-a96d6180cd25,Flan de Piña,4,2 yemas de huevo,2 yemas de huevo,yemas de huevo,,2,2.0,unidad,yemas de huevo,,,,yema de huevo,,,sin_conversion
86afb069-e16a-11ed-ac08-a96d6180cd25,Flan de Piña,5,1 lata de leche condensada,1 lata de leche condensada,leche condensada,lata,1,1.0,lata,leche condensada,,,,leche condensada,,,sin_conversion
86afb069-e16a-11ed-ac08-a96d6180cd25,Flan de Piña,6,1 lata de 20 oz trozos de piña sin el jarabe,1 lata de 20 oz trozos de pina sin el jarabe,20 oz trozos de pina sin el jarabe,lata,1,1.0,lata,20 oz de pina sin el jarabe,trozos,,,20 oz de pina sin el jarabe,,,sin_conversion
86afb069-e16a-11ed-ac08-a96d6180cd25,Flan de Piña,9,Piña fresca para adornar,pina fresca para adornar,pina fresca para adornar,,1,1.0,unidad,pina para adornar,fresca,,,pina para adornar,,,sin_conversion
86afb06a-e16a-11ed-b8c6-a96d6180cd25,Pastel Gloria,1,1 paquete de masa de hojaldre descongelada,1 paquete de masa de hojaldre descongelada,masa de hojaldre descongelada,paquete,1,1.0,paquete,masa de hojaldre descongelada,,,,masa de hojaldre descongelada,,,sin_conversion
86afb06a-e16a-11ed-b8c6-a96d6180cd25,Pastel Gloria,2,1 huevo ligeramente batido,1 huevo ligeramente batido,huevo ligeramente batido,,1,1.0,unidad,huevo ligeramente,batido,,,huevo ligeramente,,,sin_conversion
86afb06b-e16a-11ed-81b1-a96d6180cd25,Flan de Chocolate,3,5 huevos enteros,5 huevos enteros,huevos enteros,,5,5.0,unidad,huevos enteros,,,,huevo entero,,,sin_conversion
86afb06b-e16a-11ed-81b1-a96d6180cd25,Flan de Chocolate,4,2 yemas de huevo,2 yemas de huevo,yemas de huevo,,2,2.0,unidad,yemas de huevo,,,,yema de huevo,,,sin_conversion
86afb06b-e16a-11ed-81b1-a96d6180cd25,Flan de Chocolate,5,1 lata de leche condensada,1 lata de leche condensada,leche condensada,lata,1,1.0,lata,leche condensada,,,,leche condensada,,,sin_conversion
86afb06b-e16a-11ed-81b1-a96d6180cd25,Flan de Chocolate,6,1 lata de leche evaporada,1 lata de leche evaporada,leche evaporada,lata,1,1.0,lata,leche evaporada,,,,leche evaporada,,,sin_conversion
86afb06c-e16a-11ed-b67d-a96d6180cd25,Salpicón de Frutas Colombiano,3,Helado de vainilla para servir opcional,helado de vainilla para servir opcional,helado de vainilla para servir opcional,,1,1.0,unidad,helado de vainilla para servir,,,,helado de vainilla para servir,,,sin_conversion
86afb06d-e16a-11ed-8b3b-a96d6180cd25,Bananos Calados,1,4 bananos firmes y pelados,4 bananos firmes y pelados,bananos firmes y pelados,,4,4.0,unidad,bananos firmes y pelados,,,,banano firm,,,sin_conversion
86afb06d-e16a-11ed-8b3b-a96d6180cd25,Bananos Calados,7,1 astilla de canela,1 astilla de canela,astilla de canela,,1,1.0,unidad,astilla de canela,,,,astilla de canela,,,sin_conversion
86afb06d-e16a-11ed-8b3b-a96d6180cd25,Bananos Calados,8,Helado de vainilla para servir,helado de vainilla para servir,helado de vainilla para servir,,1,1.0,unidad,helado de vainilla para servir,,,,helado de vainilla para servir,,,sin_conversion
86afb06e-e16a-11ed-ae5d-a96d6180cd25,Plátanos Asados con Bocadillo y Queso,3,4 rebanadas de bocadillo de guayaba,4 rebanadas de bocadillo de guayaba,bocadillo de guayaba,rebanadas,4,4.0,rebanadas,bocadillo de guayaba,,,,bocadillo de guayaba,,,sin_conversion
86afb06e-e16a-11ed-ae5d-a96d6180cd25,Plátanos Asados con Bocadillo y Queso,4,4 rebanadas de queso mozzarella o queso blanco,4 rebanadas de queso mozzarella o queso blanco,queso mozzarella o queso blanco,rebanadas,4,4.0,rebanadas,queso mozzarella o queso blanco,,,,queso mozzarella,,,sin_conversion
86afb06f-e16a-11ed-a4bb-a96d6180cd25,Buñuelos de Plátano Maduro,4,Aceite vegetal para freír,aceite vegetal para freir,aceite vegetal para freir,,1,1.0,unidad,aceite vegetal para freir,,,,aceite vegetal,,,sin_conversion
86afb06f-e16a-11ed-a4bb-a96d6180cd25,Buñuelos de Plátano Maduro,5,Azúcar para decorar opcional,azucar para decorar opcional,azucar para decorar opcional,,1,1.0,unidad,azucar,,,,azucar,,,sin_conversion
86afb070-e16a-11ed-9eef-a96d6180cd25,Arequipe Colombiano,5,1 astilla de canela,1 astilla de canela,astilla de canela,,1,1.0,unidad,astilla de canela,,,,astilla de canela,,,sin_conversion
86afb071-e16a-11ed-957d-a96d6180cd25,Torta Negra Colombiana,8,12 huevos grandes a temperatura ambiente,12 huevos grandes a temperatura ambiente,huevos grandes a temperatura ambiente,,12,12.0,unidad,huevos grandes a temperatura ambiente,,,,huevo a temperatura ambiente,,,sin_conversion
86afb072-e16a-11ed-9441-a96d6180cd25,Torta de Tres Leches,9,1 lata de leche condensada,1 lata de leche condensada,leche condensada,lata,1,1.0,lata,leche condensada,,,,leche condensada,,,sin_conversion
86afb072-e16a-11ed-9441-a96d6180cd25,Torta de Tres Leches,10,1 lata de leche evaporada,1 lata de leche evaporada,leche evaporada,lata,1,1.0,lata,leche evaporada,,,,leche evaporada,,,sin_conversion
86afb072-e16a-11ed-9441-a96d6180cd25,Torta de Tres Leches,13,2 claras de huevo,2 claras de huevo,claras de huevo,,2,2.0,unidad,claras de huevo,,,,clara de huevo,,,sin_conversion
86afb073-e16a-11ed-a023-a96d6180cd25,Pudín de Pan,1,12 rebanadas de pan cortadas en cubos,12 rebanadas de pan cortadas en cubos,pan cortadas en cubos,rebanadas,12,12.0,rebanadas,pan,cortadas en cubos,,,pan,,,sin_conversion
86afb073-e16a-11ed-a023-a96d6180cd25,Pudín de Pan,3,1 lata 14 onzas de leche condensada,1 lata 14 onzas de leche condensada,14 onzas de leche condensada,lata,1,1.0,lata,14 onzas de leche condensada,,,,14 onza de leche condensada,,,sin_conversion
86afb073-e16a-11ed-a023-a96d6180cd25,Pudín de Pan,5,4 huevos batidos,4 huevos batidos,huevos batidos,,4,4.0,unidad,huevos batidos,,,,huevo batido,,,sin_conversion
86afb075-e16a-11ed-ba94-a96d6180cd25,Flan de Leche,3,5 huevos enteros,5 huevos enteros,huevos enteros,,5,5.0,unidad,huevos enteros,,,,huevo entero,,,sin_conversion
86afb075-e16a-11ed-ba94-a96d6180cd25,Flan de Leche,4,2 yemas de huevo,2 yemas de huevo,yemas de huevo,,2,2.0,unidad,yemas de huevo,,,,yema de huevo,,,sin_conversion
86afb075-e16a-11ed-ba94-a96d6180cd25,Flan de Leche,5,1 lata de leche condensada,1 lata de leche condensada,leche condensada,lata,1,1.0,lata,leche condensada,,,,leche condensada,,,sin_conversion
86afb075-e16a-11ed-ba94-a96d6180cd25,Flan de Leche,8,1 y ½ cucharada de azúcar,1 y 1/2 cucharada de azucar,y 1/2 cucharada de azucar,,1,1.0,unidad,y 1/2 cucharada de azucar,,,,1 2 cucharada de azucar,,,sin_conversion
86afb078-e16a-11ed-afce-a96d6180cd25,Tres Leches de Café,5,Extracto de vainilla 1 cucharadita,extracto de vainilla 1 cucharadita,extracto de vainilla 1 cucharadita,,1,1.0,unidad,extracto de vainilla 1 cucharadita,,,,extracto de vainilla 1 cucharadita,,,sin_conversion
86afb078-e16a-11ed-afce-a96d6180cd25,Tres Leches de Café,9,1 lata de leche condensada,1 lata de leche condensada,leche condensada,lata,1,1.0,lata,leche condensada,,,,leche condensada,,,sin_conversion
86afb078-e16a-11ed-afce-a96d6180cd25,Tres Leches de Café,10,1 lata de leche evaporada,1 lata de leche evaporada,leche evaporada,lata,1,1.0,lata,leche evaporada,,,,leche evaporada,,,sin_conversion
86afb078-e16a-11ed-afce-a96d6180cd25,Tres Leches de Café,14,2 claras de huevo,2 claras de huevo,claras de huevo,,2,2.0,unidad,claras de huevo,,,,clara de huevo,,,sin_conversion
86afb079-e16a-11ed-a3c3-a96d6180cd25,Volcán de Chocolate y Dulce de Leche,4,3 yemas de huevo,3 yemas de huevo,yemas de huevo,,3,3.0,unidad,yemas de huevo,,,,yema de huevo,,,sin_conversion
86afb07a-e16a-11ed-a1fc-a96d6180cd25,Chicharrones de Guayaba,1,12 chicharrones,12 chicharrones,chicharrones,,12,12.0,unidad,chicharrones,,,,chicharron,,,sin_conversion
86afb07a-e16a-11ed-a1fc-a96d6180cd25,Chicharrones de Guayaba,2,"2 hojas 1 libra de hojaldre, descongelado","2 hojas 1 libra de hojaldre, descongelado","1 libra de hojaldre, descongelado",hoja,2,2.0,hojas,"1 libra de hojaldre, descongelado",,,,1 libra de hojaldre descongelado,,,sin_conversion
86afb07a-e16a-11ed-a1fc-a96d6180cd25,Chicharrones de Guayaba,3,12 rebanadas de pasta de guayaba bocadillo,12 rebanadas de pasta de guayaba bocadillo,pasta de guayaba bocadillo,rebanadas,12,12.0,rebanadas,pasta de guayaba bocadillo,,,,pasta de guayaba bocadillo,,,sin_conversion
86afb07a-e16a-11ed-a1fc-a96d6180cd25,Chicharrones de Guayaba,5,Azúcar para adornar,azucar para adornar,azucar para adornar,,1,1.0,unidad,azucar para adornar,,,,azucar para adornar,,,sin_conversion
86afb07b-e16a-11ed-bcc0-a96d6180cd25,Arroz con Leche,2,4 astillas de canela,4 astillas de canela,astillas de canela,,4,4.0,unidad,astillas de canela,,,,astilla de canela,,,sin_conversion
86afb07b-e16a-11ed-bcc0-a96d6180cd25,Arroz con Leche,5,Una pizca de sal,una pizca de sal,una pizca de sal,,1,1.0,pizca,sal,,,,sal,,,sin_conversion
86afb07b-e16a-11ed-bcc0-a96d6180cd25,Arroz con Leche,9,1 12 onzas de leche condensada,1 12 onzas de leche condensada,12 onzas de leche condensada,,1,1.0,unidad,12 onzas de leche condensada,,,,12 onza de leche condensada,,,sin_conversion
86afb07c-e16a-11ed-9f35-a96d6180cd25,Dulce de Tomate de Arbol,1,12 to mates de árbol pelados,12 to mates de arbol pelados,to mates de arbol pelados,,12,12.0,unidad,to mates de arbol pelados,,,,to mat de arbol,,,sin_conversion
86afb07c-e16a-11ed-9f35-a96d6180cd25,Dulce de Tomate de Arbol,2,2 palitos de canela,2 palitos de canela,palitos de canela,,2,2.0,unidad,palitos de canela,,,,palito de canela,,,sin_conversion
86afb07d-e16a-11ed-ae37-a96d6180cd25,Masa Casera para Empanadas al Horno,3,"1 barra de mantequilla ¼, fría y cortada en trozos pequeños","1 barra de mantequilla 1/4, fria y cortada en trozos pequenos","barra de mantequilla 1/4, fria y cortada en trozos pequenos",,1,1.0,unidad,"barra de mantequilla 1/4, y pequenos",fria cortada en trozos,,,barra de mantequilla 1 4,,,sin_conversion
86afb07e-e16a-11ed-bb70-a96d6180cd25,Pudín de Pan de Coco con Salsa de Mango,1,12 rebanadas de pan blanco cortado en cubos,12 rebanadas de pan blanco cortado en cubos,pan blanco cortado en cubos,rebanadas,12,12.0,rebanadas,pan blanco,cortado en cubos,,,pan,,,sin_conversion
86afb07e-e16a-11ed-bb70-a96d6180cd25,Pudín de Pan de Coco con Salsa de Mango,3,1 lata 14 onzas de leche condensada,1 lata 14 onzas de leche condensada,14 onzas de leche condensada,lata,1,1.0,lata,14 onzas de leche condensada,,,,14 onza de leche condensada,,,sin_conversion
86afb07e-e16a-11ed-bb70-a96d6180cd25,Pudín de Pan de Coco con Salsa de Mango,5,4 huevos batidos,4 huevos batidos,huevos batidos,,4,4.0,unidad,huevos batidos,,,,huevo batido,,,sin_conversion
86afb07e-e16a-11ed-bb70-a96d6180cd25,Pudín de Pan de Coco con Salsa de Mango,8,3 mangos maduros pelados y cortados en cubitos,3 mangos maduros pelados y cortados en cubitos,mangos maduros pelados y cortados en cubitos,,3,3.0,unidad,mangos maduros pelados y,cortados en cubitos,,,mango maduro,,,sin_conversion
86afb07e-e16a-11ed-bb70-a96d6180cd25,Pudín de Pan de Coco con Salsa de Mango,11,1 astilla de canela,1 astilla de canela,astilla de canela,,1,1.0,unidad,astilla de canela,,,,astilla de canela,,,sin_conversion
86afb07e-e16a-11ed-bb70-a96d6180cd25,Pudín de Pan de Coco con Salsa de Mango,13,Coco rallado para decorar,coco rallado para decorar,coco rallado para decorar,,1,1.0,unidad,coco,rallado,,,coco,,,sin_conversion
86afb07f-e16a-11ed-8281-a96d6180cd25,Postre de Natas Colombiano,1,1 galón de leche entera prefereblimente organica,1 galon de leche entera prefereblimente organica,galon de leche entera prefereblimente organica,,1,1.0,unidad,galon de leche entera prefereblimente organica,,,,galon de leche entera prefereblimente organica,,,sin_conversion
86afb07f-e16a-11ed-8281-a96d6180cd25,Postre de Natas Colombiano,3,4 yemas de huevo,4 yemas de huevo,yemas de huevo,,4,4.0,unidad,yemas de huevo,,,,yema de huevo,,,sin_conversion
86afb07f-e16a-11ed-8281-a96d6180cd25,Postre de Natas Colombiano,4,Pasas a su gusto,pasas a su gusto,pasas a su gusto,,1,1.0,unidad,pasas a su gusto,,,,pasa a su gusto,,,sin_conversion
86afb07f-e16a-11ed-8281-a96d6180cd25,Postre de Natas Colombiano,5,Ron a su gusto,ron a su gusto,ron a su gusto,,1,1.0,unidad,ron a su gusto,,,,ron a su gusto,,,sin_conversion
86afb080-e16a-11ed-bcbe-a96d6180cd25,Dulce de Cascos de Limón,1,6 limones orgánicos lavados,6 limones organicos lavados,limones organicos lavados,,6,6.0,unidad,limones organicos lavados,,,,limon organico,,,sin_conversion
86afb081-e16a-11ed-8b96-a96d6180cd25,Dulce de Papaya,2,El jugo de 1 limón,el jugo de 1 limon,el jugo de 1 limon,,1,1.0,unidad,el jugo de 1 limon,,,,jugo de 1 limon,,,sin_conversion
86afb082-e16a-11ed-971f-a96d6180cd25,Roscón de Bocadillo o Guayaba Colombiano,1,2 y ¼ cucharaditas de levadura,2 y 1/4 cucharaditas de levadura,y 1/4 cucharaditas de levadura,,2,2.0,unidad,y 1/4 cucharaditas de levadura,,,,1 4 cucharadita de levadura,,,sin_conversion
86afb082-e16a-11ed-971f-a96d6180cd25,Roscón de Bocadillo o Guayaba Colombiano,8,2 huevos grandes a temperatura ambiente,2 huevos grandes a temperatura ambiente,huevos grandes a temperatura ambiente,,2,2.0,unidad,huevos grandes a temperatura ambiente,,,,huevo a temperatura ambiente,,,sin_conversion
86afb082-e16a-11ed-971f-a96d6180cd25,Roscón de Bocadillo o Guayaba Colombiano,9,1 huevo batido para el esmalte,1 huevo batido para el esmalte,huevo batido para el esmalte,,1,1.0,unidad,huevo para el esmalte,batido,,,huevo para el esmalte,,,sin_conversion
86afb083-e16a-11ed-b330-a96d6180cd25,Brazo de Reina,1,4 huevos separados,4 huevos separados,huevos separados,,4,4.0,unidad,huevos separados,,,,huevo separado,,,sin_conversion
86afb083-e16a-11ed-b330-a96d6180cd25,Brazo de Reina,3,1 cucahradita de extracto de vainilla,1 cucahradita de extracto de vainilla,cucahradita de extracto de vainilla,,1,1.0,unidad,cucahradita de extracto de vainilla,,,,cucahradita de extracto de vainilla,,,sin_conversion
86afb083-e16a-11ed-b330-a96d6180cd25,Brazo de Reina,6,Para el relleno,para el relleno,para el relleno,,1,1.0,unidad,,,,,,,,sin_conversion
86afb084-e16a-11ed-be06-a96d6180cd25,Mantecada,4,2 barras de mantequilla sin sal,2 barras de mantequilla sin sal,barras de mantequilla sin sal,,2,2.0,unidad,barras de mantequilla sin sal,,,,barra de mantequilla sin sal,,,sin_conversion
86afb085-e16a-11ed-9a9c-a96d6180cd25,Panderos Colombianos,1,1 + ½ tazas almidón de yuca,1 1/2 tazas almidon de yuca,1/2 tazas almidon de yuca,,1,1.0,unidad,1/2 tazas almidon de yuca,,,,yuca,,,sin_conversion
86afb085-e16a-11ed-9a9c-a96d6180cd25,Panderos Colombianos,5,Una pizca de sal,una pizca de sal,una pizca de sal,,1,1.0,pizca,sal,,,,sal,,,sin_conversion
86afb085-e16a-11ed-9a9c-a96d6180cd25,Panderos Colombianos,7,1 huevo grande a temperatura ambiente,1 huevo grande a temperatura ambiente,huevo grande a temperatura ambiente,,1,1.0,unidad,huevo a temperatura ambiente,grande,,,huevo a temperatura ambiente,,,sin_conversion
86afb086-e16a-11ed-8d3e-a96d6180cd25,Cocadas Blancas,5,Una pizca de canela en polvo,una pizca de canela en polvo,una pizca de canela en polvo,,1,1.0,pizca,canela en polvo,,,,canela en polvo,,,sin_conversion
86afb087-e16a-11ed-8cc7-a96d6180cd25,Merengón de Fresas,1,5 claras de huevos grandes a temperatura ambiente,5 claras de huevos grandes a temperatura ambiente,claras de huevos grandes a temperatura ambiente,,5,5.0,unidad,claras de huevos grandes a temperatura ambiente,,,,clara de huevo a temperatura ambiente,,,sin_conversion
86afb088-e16a-11ed-bb6f-a96d6180cd25,Cholado Colombiano,1,Hielo,hielo,hielo,,1,1.0,unidad,hielo,,,,hielo,,,sin_conversion
86afb088-e16a-11ed-bb6f-a96d6180cd25,Cholado Colombiano,6,Leche condensada a tu gusto,leche condensada a tu gusto,leche condensada a tu gusto,,1,1.0,unidad,leche condensada a tu gusto,,,,leche condensada a tu gusto,,,sin_conversion
86afb088-e16a-11ed-bb6f-a96d6180cd25,Cholado Colombiano,8,Cerezas para decorar,cerezas para decorar,cerezas para decorar,,1,1.0,unidad,cerezas,,,,cereza,,,sin_conversion
86afb088-e16a-11ed-bb6f-a96d6180cd25,Cholado Colombiano,9,Pitillo y cuchara para servir,pitillo y cuchara para servir,pitillo y cuchara para servir,,1,1.0,unidad,pitillo y cuchara para servir,,,,pitillo y cuchara para servir,,,sin_conversion
86afb089-e16a-11ed-8f0f-a96d6180cd25,Cocadas de Lechera,1,Aceite en aerosol para preparar el pan,aceite en aerosol para preparar el pan,aceite en aerosol para preparar el pan,,1,1.0,unidad,aceite en aerosol para preparar el pan,,,,aceite en aerosol para preparar el pan,,,sin_conversion
86afb089-e16a-11ed-8f0f-a96d6180cd25,Cocadas de Lechera,2,1 lata 14 onzas de leche condensada,1 lata 14 onzas de leche condensada,14 onzas de leche condensada,lata,1,1.0,lata,14 onzas de leche condensada,,,,14 onza de leche condensada,,,sin_conversion
86afb08a-e16a-11ed-be71-a96d6180cd25,Cocadas de Arequipe o Dulce de Leche,1,Aceite en aerosol,aceite en aerosol,aceite en aerosol,,1,1.0,unidad,aceite en aerosol,,,,aceite en aerosol,,,sin_conversion
86afb08b-e16a-11ed-ad5e-a96d6180cd25,Dulce de Brevas o Brevas Caladas,1,24 brevas o higos frescos y firmes,24 brevas o higos frescos y firmes,brevas o higos frescos y firmes,,24,24.0,unidad,brevas o higos frescos y firmes,,,,breva o higo y firm,,,sin_conversion
86afb08b-e16a-11ed-ad5e-a96d6180cd25,Dulce de Brevas o Brevas Caladas,2,El jugo de 1 limón,el jugo de 1 limon,el jugo de 1 limon,,1,1.0,unidad,el jugo de 1 limon,,,,jugo de 1 limon,,,sin_conversion
86afb08b-e16a-11ed-ad5e-a96d6180cd25,Dulce de Brevas o Brevas Caladas,4,2 ramas de canela,2 ramas de canela,ramas de canela,,2,2.0,ramas,canela,,,,canela,,,sin_conversion
86afb08b-e16a-11ed-ad5e-a96d6180cd25,Dulce de Brevas o Brevas Caladas,5,Agua,agua,agua,,1,1.0,unidad,agua,,,,agua,,,sin_conversion
86afb08c-e16a-11ed-bc2e-a96d6180cd25,Fresas con Crema,5,Leche condensada opcional,leche condensada opcional,leche condensada opcional,,1,1.0,unidad,leche condensada,,,,leche condensada,,,sin_conversion
86afb08e-e16a-11ed-8cc9-a96d6180cd25,Enyucado Colombiano,2,1 y ½ tazas de queso rallado,1 y 1/2 tazas de queso rallado,y 1/2 tazas de queso rallado,,1,1.0,unidad,y 1/2 tazas de queso,rallado,,,1 2 taza de queso,,,sin_conversion
86afb08f-e16a-11ed-b8a0-a96d6180cd25,Arepas de Queso,5,Sal,sal,sal,,1,1.0,unidad,sal,,,,sal,,,sin_conversion
86afb090-e16a-11ed-ae5e-a96d6180cd25,Huevos Pericos,4,2 tallos de cebolla larga picada,2 tallos de cebolla larga picada,tallos de cebolla larga picada,,2,2.0,tallos,cebolla larga,picada,,,cebolla larga,,,sin_conversion
86afb090-e16a-11ed-ae5e-a96d6180cd25,Huevos Pericos,5,Sal al gusto,sal al gusto,sal al gusto,,1,1.0,unidad,sal,,,,sal,,,sin_conversion
86afb091-e16a-11ed-8518-a96d6180cd25,Arepa de Huevo,5,Aceite vegetal para freír,aceite vegetal para freir,aceite vegetal para freir,,1,1.0,unidad,aceite vegetal para freir,,,,aceite vegetal,,,sin_conversion
86afb092-e16a-11ed-b068-a96d6180cd25,Colada de Maizena,4,1 ramita de canela,1 ramita de canela,canela,ramita,1,1.0,ramita,canela,,,,canela,,,sin_conversion
86afb092-e16a-11ed-b068-a96d6180cd25,Colada de Maizena,5,Semillas de vainilla o esencia,semillas de vainilla o esencia,semillas de vainilla o esencia,,1,1.0,unidad,semillas de vainilla o esencia,,,,semilla de vainilla o esencia,,,sin_conversion
86afb093-e16a-11ed-be85-a96d6180cd25,Changua,5,3 cebollas largas picadas,3 cebollas largas picadas,cebollas largas picadas,,3,3.0,unidad,cebollas largas,picadas,,,cebolla larga,,,sin_conversion
86afb093-e16a-11ed-be85-a96d6180cd25,Changua,6,Sal y pimienta,sal y pimienta,sal y pimienta,,1,1.0,unidad,sal y pimienta,,,,sal y pimienta,,,sin_conversion
86afb093-e16a-11ed-be85-a96d6180cd25,Changua,7,Pan con mantequilla para servir,pan con mantequilla para servir,pan con mantequilla para servir,,1,1.0,unidad,pan con mantequilla para servir,,,,pan con mantequilla para servir,,,sin_conversion
86afb094-e16a-11ed-adc7-a96d6180cd25,Carimañolas,2,Sal,sal,sal,,1,1.0,unidad,sal,,,,sal,,,sin_conversion
86afb094-e16a-11ed-adc7-a96d6180cd25,Carimañolas,3,Aceite vegetal para freír,aceite vegetal para freir,aceite vegetal para freir,,1,1.0,unidad,aceite vegetal para freir,,,,aceite vegetal,,,sin_conversion
86afb094-e16a-11ed-adc7-a96d6180cd25,Carimañolas,10,Sal y pimienta al gusto,sal y pimienta al gusto,sal y pimienta al gusto,,1,1.0,unidad,sal y pimienta,,,,sal y pimienta,,,sin_conversion
86afb096-e16a-11ed-b7f3-a96d6180cd25,Quesito Colombiano,1,1 galón de leche entera,1 galon de leche entera,galon de leche entera,,1,1.0,unidad,galon de leche entera,,,,galon de leche entera,,,sin_conversion
86afb096-e16a-11ed-b7f3-a96d6180cd25,Quesito Colombiano,3,Sal a su gusto,sal a su gusto,sal a su gusto,,1,1.0,unidad,sal a su gusto,,,,sal a su gusto,,,sin_conversion
86afb096-e16a-11ed-b7f3-a96d6180cd25,Quesito Colombiano,4,Pin,pin,pin,,1,1.0,unidad,pin,,,,pin,,,sin_conversion
86afb098-e16a-11ed-9bf6-a96d6180cd25,Arepas Rellenas de Queso,5,12 rebanadas de queso mozzarella,12 rebanadas de queso mozzarella,queso mozzarella,rebanadas,12,12.0,rebanadas,queso mozzarella,,,,queso mozzarella,,,sin_conversion
86afb099-e16a-11ed-b41a-a96d6180cd25,Arepa con Atún y Camarones,1,4 arepas cocidas,4 arepas cocidas,arepas cocidas,,4,4.0,unidad,arepas cocidas,,,,arepa,,,sin_conversion
86afb099-e16a-11ed-b41a-a96d6180cd25,Arepa con Atún y Camarones,2,2 latas de atún,2 latas de atun,atun,lata,2,2.0,latas,atun,,,,atun,,,sin_conversion
86afb099-e16a-11ed-b41a-a96d6180cd25,Arepa con Atún y Camarones,7,Sal y pimienta,sal y pimienta,sal y pimienta,,1,1.0,unidad,sal y pimienta,,,,sal y pimienta,,,sin_conversion
86afb099-e16a-11ed-b41a-a96d6180cd25,Arepa con Atún y Camarones,8,16 camarones cocidos,16 camarones cocidos,camarones cocidos,,16,16.0,unidad,camarones cocidos,,,,camaron,,,sin_conversion
86afb099-e16a-11ed-b41a-a96d6180cd25,Arepa con Atún y Camarones,14,Sal y pimienta,sal y pimienta,sal y pimienta,,1,1.0,unidad,sal y pimienta,,,,sal y pimienta,,,sin_conversion
86afb099-e16a-11ed-b41a-a96d6180cd25,Arepa con Atún y Camarones,15,Jugo de ½ lima,jugo de 1/2 lima,jugo de 1/2 lima,,1,1.0,unidad,jugo de 1/2 lima,,,,jugo de 1 2 lima,,,sin_conversion
86afb09a-e16a-11ed-ad9f-a96d6180cd25,Arepa con Carne Asada,1,4 arepas cocinadas,4 arepas cocinadas,arepas cocinadas,,4,4.0,unidad,arepas cocinadas,,,,arepa cocinada,,,sin_conversion
86afb09a-e16a-11ed-ad9f-a96d6180cd25,Arepa con Carne Asada,5,2 cebollas largas finamente picadas,2 cebollas largas finamente picadas,cebollas largas finamente picadas,,2,2.0,unidad,cebollas largas,finamente picadas,,,cebolla larga,,,sin_conversion
86afb09a-e16a-11ed-ad9f-a96d6180cd25,Arepa con Carne Asada,9,Sal y pimienta negra,sal y pimienta negra,sal y pimienta negra,,1,1.0,unidad,sal y pimienta negra,,,,sal y pimienta negra,,,sin_conversion
86afb09b-e16a-11ed-8a4b-a96d6180cd25,Arepa Boyacense,3,1 + ½ tazas de agua caliente,1 1/2 tazas de agua caliente,1/2 tazas de agua caliente,,1,1.0,unidad,1/2 tazas de agua,caliente,,,1 2 taza de agua,,,sin_conversion
86afb09d-e16a-11ed-ad1e-a96d6180cd25,Calentado Colombiano,1,4 arepas,4 arepas,arepas,,4,4.0,unidad,arepas,,,,arepa,,,sin_conversion
86afb09d-e16a-11ed-ad1e-a96d6180cd25,Calentado Colombiano,2,4 chorizos colombianos cocinados,4 chorizos colombianos cocinados,chorizos colombianos cocinados,,4,4.0,unidad,chorizos colombianos cocinados,,,,chorizo colombiano cocinado,,,sin_conversion
86afb09f-e16a-11ed-8047-a96d6180cd25,Chocolate en Leche de Coco,5,Azúcar al gusto,azucar al gusto,azucar al gusto,,1,1.0,unidad,azucar,,,,azucar,,,sin_conversion
86afb0a0-e16a-11ed-b7a9-a96d6180cd25,Arepas de Plátano Verde,6,Sal al gusto,sal al gusto,sal al gusto,,1,1.0,unidad,sal,,,,sal,,,sin_conversion
86afb0a0-e16a-11ed-b7a9-a96d6180cd25,Arepas de Plátano Verde,7,Mantequilla o aceite en aerosol para cocinar las arepas,mantequilla o aceite en aerosol para cocinar las arepas,mantequilla o aceite en aerosol para cocinar las arepas,,1,1.0,unidad,mantequilla o aceite en aerosol para cocinar las arepas,,,,mantequilla o aceite en aerosol para cocinar las arepa,,,sin_conversion
86afb0a1-e16a-11ed-b56c-a96d6180cd25,Arepas de Plátano Maduro,7,Sal al gusto,sal al gusto,sal al gusto,,1,1.0,unidad,sal,,,,sal,,,sin_conversion
86afb0a1-e16a-11ed-b56c-a96d6180cd25,Arepas de Plátano Maduro,8,Mantequilla o aceite en aerosol para cocinar las arepas,mantequilla o aceite en aerosol para cocinar las arepas,mantequilla o aceite en aerosol para cocinar las arepas,,1,1.0,unidad,mantequilla o aceite en aerosol para cocinar las arepas,,,,mantequilla o aceite en aerosol para cocinar las arepa,,,sin_conversion
86afb0a2-e16a-11ed-b4f8-a96d6180cd25,Migas de Arepa,1,"5 arepas de maíz, cocinadas","5 arepas de maiz, cocinadas","arepas de maiz, cocinadas",,5,5.0,unidad,"arepas de maiz, cocinadas",,,,arepa de maiz cocinada,,,sin_conversion
86afb0a2-e16a-11ed-b4f8-a96d6180cd25,Migas de Arepa,4,5 huevos batidos,5 huevos batidos,huevos batidos,,5,5.0,unidad,huevos batidos,,,,huevo batido,,,sin_conversion
86afb0a2-e16a-11ed-b4f8-a96d6180cd25,Migas de Arepa,5,Sal y pimienta,sal y pimienta,sal y pimienta,,1,1.0,unidad,sal y pimienta,,,,sal y pimienta,,,sin_conversion
86afb0a2-e16a-11ed-b4f8-a96d6180cd25,Migas de Arepa,6,Para servir: chorizo aguacate o frijoles (opcional),para servir chorizo aguacate o frijoles opcional,para servir chorizo aguacate o frijoles opcional,,1,1.0,unidad,para servir chorizo aguacate o frijoles,,,,frijol,,,sin_conversion
86afb0a3-e16a-11ed-96d6-a96d6180cd25,Tortilla Paisa o Antioqueña,4,10 tajadas de plátano,10 tajadas de platano,tajadas de platano,,10,10.0,tajadas,platano,,,,platano,,,sin_conversion
86afb0a3-e16a-11ed-96d6-a96d6180cd25,Tortilla Paisa o Antioqueña,6,Sal y pimienta al gusto,sal y pimienta al gusto,sal y pimienta al gusto,,1,1.0,unidad,sal y pimienta,,,,sal y pimienta,,,sin_conversion
86afb0a4-e16a-11ed-9fae-a96d6180cd25,Arepas con Pollo y Aguacate,1,4 arepas delgadas,4 arepas delgadas,arepas delgadas,,4,4.0,unidad,arepas delgadas,,,,arepa delgada,,,sin_conversion
86afb0a4-e16a-11ed-9fae-a96d6180cd25,Arepas con Pollo y Aguacate,2,2 aguacates pequeños,2 aguacates pequenos,aguacates pequenos,,2,2.0,unidad,aguacates pequenos,,,,aguacat,,,sin_conversion
86afb0a4-e16a-11ed-9fae-a96d6180cd25,Arepas con Pollo y Aguacate,3,"4 pechugas de pollo con hueso, piel de","4 pechugas de pollo con hueso, piel de","pechugas de pollo con hueso, piel de",,4,4.0,unidad,"pechugas de pollo con hueso, piel",,,,pechuga de pollo con hueso piel,,,sin_conversion
86afb0a4-e16a-11ed-9fae-a96d6180cd25,Arepas con Pollo y Aguacate,4,Aceite de oliva,aceite de oliva,aceite de oliva,,1,1.0,unidad,aceite de oliva,,,,aceite de oliva,,,sin_conversion
86afb0a4-e16a-11ed-9fae-a96d6180cd25,Arepas con Pollo y Aguacate,5,Sal y pimienta molida,sal y pimienta molida,sal y pimienta molida,,1,1.0,unidad,sal y pimienta,molida,,,sal y pimienta,,,sin_conversion
86afb0a6-e16a-11ed-8944-a96d6180cd25,Pastel Hawaiano,1,1 paquete de hojas de hojaldre descongelado,1 paquete de hojas de hojaldre descongelado,hojas de hojaldre descongelado,paquete,1,1.0,paquete,hojas de hojaldre descongelado,,,,hoja de hojaldre descongelado,,,sin_conversion
86afb0a6-e16a-11ed-8944-a96d6180cd25,Pastel Hawaiano,5,2 huevos batidos con 1 cucharada de agua,2 huevos batidos con 1 cucharada de agua,huevos batidos con 1 cucharada de agua,,2,2.0,unidad,huevos batidos con 1 cucharada de agua,,,,huevo batido con 1 cucharada de agua,,,sin_conversion
86afb0a7-e16a-11ed-b390-a96d6180cd25,Bollos de Mazorca,1,10 mazorcas frescas de maíz con hojas,10 mazorcas frescas de maiz con hojas,mazorcas frescas de maiz con hojas,,10,10.0,unidad,mazorcas frescas de maiz con hojas,,,,mazorca de maiz con hoja,,,sin_conversion
86afb0a7-e16a-11ed-b390-a96d6180cd25,Bollos de Mazorca,5,Pita de cocina,pita de cocina,pita de cocina,,1,1.0,unidad,pita de cocina,,,,pita de cocina,,,sin_conversion
86afb0a7-e16a-11ed-b390-a96d6180cd25,Bollos de Mazorca,6,Queso y mantequilla para servir,queso y mantequilla para servir,queso y mantequilla para servir,,1,1.0,unidad,queso y mantequilla para servir,,,,queso y mantequilla para servir,,,sin_conversion
86afb0a9-e16a-11ed-887b-a96d6180cd25,Cayeye y Cabeza de Gato,5,2 cebollas largas cortadas en trozos pequeños,2 cebollas largas cortadas en trozos pequenos,cebollas largas cortadas en trozos pequenos,,2,2.0,unidad,cebollas largas pequenos,cortadas en trozos,,,cebolla larga,,,sin_conversion
86afb0a9-e16a-11ed-887b-a96d6180cd25,Cayeye y Cabeza de Gato,9,Sal y pimienta para probar,sal y pimienta para probar,sal y pimienta para probar,,1,1.0,unidad,sal y pimienta para probar,,,,sal y pimienta para probar,,,sin_conversion
86afb0a9-e16a-11ed-887b-a96d6180cd25,Cayeye y Cabeza de Gato,10,Aguacate para servir,aguacate para servir,aguacate para servir,,1,1.0,unidad,aguacate para servir,,,,aguacate para servir,,,sin_conversion
86afb0a9-e16a-11ed-887b-a96d6180cd25,Cayeye y Cabeza de Gato,11,queso costeño rallado para servir,queso costeno rallado para servir,queso costeno rallado para servir,,1,1.0,unidad,queso costeno para servir,rallado,,,queso costeno para servir,,,sin_conversion
86afb0a9-e16a-11ed-887b-a96d6180cd25,Cayeye y Cabeza de Gato,12,huevos fritos o revueltos para servir,huevos fritos o revueltos para servir,huevos fritos o revueltos para servir,,1,1.0,unidad,huevos fritos o revueltos para servir,,,,huevo frito o revuelto para servir,,,sin_conversion
86afb0aa-e16a-11ed-95e7-a96d6180cd25,Bollo Limpio,4,Sal a su gusto,sal a su gusto,sal a su gusto,,1,1.0,unidad,sal a su gusto,,,,sal a su gusto,,,sin_conversion
86afb0aa-e16a-11ed-95e7-a96d6180cd25,Bollo Limpio,5,Hojas de maíz para envolver,hojas de maiz para envolver,hojas de maiz para envolver,,1,1.0,hojas,maiz para envolver,,,,maiz para envolver,,,sin_conversion
86afb0ab-e16a-11ed-87f4-a96d6180cd25,Mojicones o Pan Mojicón,8,2 huevos grandes a temperatura ambiente,2 huevos grandes a temperatura ambiente,huevos grandes a temperatura ambiente,,2,2.0,unidad,huevos grandes a temperatura ambiente,,,,huevo a temperatura ambiente,,,sin_conversion
86afb0ab-e16a-11ed-87f4-a96d6180cd25,Mojicones o Pan Mojicón,9,1 huevo batido para el glaseado,1 huevo batido para el glaseado,huevo batido para el glaseado,,1,1.0,unidad,huevo para el glaseado,batido,,,huevo para el glaseado,,,sin_conversion
86afb0ac-e16a-11ed-8936-a96d6180cd25,Regañonas o Torticas de Maiz,1,4 mazorcas,4 mazorcas,mazorcas,,4,4.0,unidad,mazorcas,,,,mazorca,,,sin_conversion
86afb0ac-e16a-11ed-8936-a96d6180cd25,Regañonas o Torticas de Maiz,2,3 huevos batidos,3 huevos batidos,huevos batidos,,3,3.0,unidad,huevos batidos,,,,huevo batido,,,sin_conversion
86afb0ac-e16a-11ed-8936-a96d6180cd25,Regañonas o Torticas de Maiz,5,Sal y pimienta,sal y pimienta,sal y pimienta,,1,1.0,unidad,sal y pimienta,,,,sal y pimienta,,,sin_conversion
86afb0ac-e16a-11ed-8936-a96d6180cd25,Regañonas o Torticas de Maiz,6,Aceite vegetal para freír,aceite vegetal para freir,aceite vegetal para freir,,1,1.0,unidad,aceite vegetal para freir,,,,aceite vegetal,,,sin_conversion
86afb0ad-e16a-11ed-98a7-a96d6180cd25,Palitos o Deditos de Queso,1,Aceite para freír,aceite para freir,aceite para freir,,1,1.0,unidad,aceite para freir,,,,aceite para freir,,,sin_conversion
86afb0ae-e16a-11ed-b43e-a96d6180cd25,Arepas de Maiz Peto,2,Sal,sal,sal,,1,1.0,unidad,sal,,,,sal,,,sin_conversion
86afb0ae-e16a-11ed-b43e-a96d6180cd25,Arepas de Maiz Peto,3,Agua,agua,agua,,1,1.0,unidad,agua,,,,agua,,,sin_conversion
86afb0af-e16a-11ed-ae62-a96d6180cd25,Arepas de Chócolo Colombianas,3,Sal al gusto,sal al gusto,sal al gusto,,1,1.0,unidad,sal,,,,sal,,,sin_conversion
86afb0af-e16a-11ed-ae62-a96d6180cd25,Arepas de Chócolo Colombianas,5,Queso fresco o queso blanco para servir,queso fresco o queso blanco para servir,queso fresco o queso blanco para servir,,1,1.0,unidad,queso o queso blanco para servir,fresco,,,queso o queso para servir,,,sin_conversion
86afb0b0-e16a-11ed-b4a1-a96d6180cd25,Arepa con Carne Desmechada,1,4 arepas cocinadas,4 arepas cocinadas,arepas cocinadas,,4,4.0,unidad,arepas cocinadas,,,,arepa cocinada,,,sin_conversion
86afb0b0-e16a-11ed-b4a1-a96d6180cd25,Arepa con Carne Desmechada,2,Carne desmechada ver receta de carne desmechada aquí,carne desmechada ver receta de carne desmechada aqui,carne desmechada ver receta de carne desmechada aqui,,1,1.0,unidad,carne ver receta de carne aqui,desmechada desmechada,,,carne ver receta de carne aqui,,,sin_conversion
86afb0b0-e16a-11ed-b4a1-a96d6180cd25,Arepa con Carne Desmechada,5,1 aguacate cortado en cubitos,1 aguacate cortado en cubitos,aguacate cortado en cubitos,,1,1.0,unidad,aguacate,cortado en cubitos,,,aguacate,,,sin_conversion
86afb0b0-e16a-11ed-b4a1-a96d6180cd25,Arepa con Carne Desmechada,6,Cilantro fresco picado para servir,cilantro fresco picado para servir,cilantro fresco picado para servir,,1,1.0,unidad,cilantro para servir,fresco picado,,,cilantro,,,sin_conversion
86afb0b1-e16a-11ed-83c0-a96d6180cd25,Marranitas o Puerquitas,1,Aceite vegetal para freír,aceite vegetal para freir,aceite vegetal para freir,,1,1.0,unidad,aceite vegetal para freir,,,,aceite vegetal,,,sin_conversion
86afb0b1-e16a-11ed-83c0-a96d6180cd25,Marranitas o Puerquitas,3,2 dientes de ajo machacados,2 dientes de ajo machacados,ajo machacados,diente,2,2.0,dientes,ajo machacados,,,,ajo machacado,,,sin_conversion
86afb0b1-e16a-11ed-83c0-a96d6180cd25,Marranitas o Puerquitas,6,Sal,sal,sal,,1,1.0,unidad,sal,,,,sal,,,sin_conversion
86afb0b2-e16a-11ed-b8c2-a96d6180cd25,Arepuela o Anisita,5,Aceite vegetal para freír,aceite vegetal para freir,aceite vegetal para freir,,1,1.0,unidad,aceite vegetal para freir,,,,aceite vegetal,,,sin_conversion
86afb0b4-e16a-11ed-91ec-a96d6180cd25,Jugo de Banano en Leche,2,2 bananos maduros grandes pelados y cortados en trozos,2 bananos maduros grandes pelados y cortados en trozos,bananos maduros grandes pelados y cortados en trozos,,2,2.0,unidad,bananos maduros grandes pelados y,cortados en trozos,,,banano maduro,,,sin_conversion
86afb0b4-e16a-11ed-91ec-a96d6180cd25,Jugo de Banano en Leche,5,Pizca de canela molida,pizca de canela molida,pizca de canela molida,,1,1.0,pizca,canela,molida,,,canela,,,sin_conversion
86afb0b5-e16a-11ed-a229-a96d6180cd25,Avena Colombiana,4,1 astilla de canela,1 astilla de canela,astilla de canela,,1,1.0,unidad,astilla de canela,,,,astilla de canela,,,sin_conversion
86afb0b5-e16a-11ed-a229-a96d6180cd25,Avena Colombiana,5,Una pizca de clavo de olor molido,una pizca de clavo de olor molido,una pizca de clavo de olor molido,,1,1.0,pizca,clavo de olor,molido,,,clavo de olor,,,sin_conversion
86afb0b6-e16a-11ed-9cc4-a96d6180cd25,Colada de Maizena,4,1 ramita de canela,1 ramita de canela,canela,ramita,1,1.0,ramita,canela,,,,canela,,,sin_conversion
86afb0b6-e16a-11ed-9cc4-a96d6180cd25,Colada de Maizena,5,Semillas de vainilla o esencia,semillas de vainilla o esencia,semillas de vainilla o esencia,,1,1.0,unidad,semillas de vainilla o esencia,,,,semilla de vainilla o esencia,,,sin_conversion
86afb0b8-e16a-11ed-a18c-a96d6180cd25,Refajo Colombiano,4,3 copas aguardiente opcional,3 copas aguardiente opcional,aguardiente opcional,copas,3,3.0,copas,aguardiente,,,,aguardiente,,,sin_conversion
86afb0b9-e16a-11ed-b367-a96d6180cd25,Sabajón Colombiano,4,6 yemas de huevo,6 yemas de huevo,yemas de huevo,,6,6.0,unidad,yemas de huevo,,,,yema de huevo,,,sin_conversion
86afb0b9-e16a-11ed-b367-a96d6180cd25,Sabajón Colombiano,6,1 lata de leche condensada,1 lata de leche condensada,leche condensada,lata,1,1.0,lata,leche condensada,,,,leche condensada,,,sin_conversion
86afb0b9-e16a-11ed-b367-a96d6180cd25,Sabajón Colombiano,7,Ron a su gusto yo uso 1 taza de ron para mi receta y mi mamá utiliza alrededor de 2 tazas para la de ella.,ron a su gusto yo uso 1 taza de ron para mi receta y mi mama utiliza alrededor de 2 tazas para la de ella.,ron a su gusto yo uso 1 taza de ron para mi receta y mi mama utiliza alrededor de 2 tazas para la de ella.,,1,1.0,unidad,ron a su gusto yo uso 1 taza de ron para mi receta y mi mama utiliza alrededor de 2 tazas para la de ella.,,,,ron a su gusto yo uso 1 taza de ron para mi receta y mi mama utiliza alrededor de 2 taza para la de ella,,,sin_conversion
86afb0b9-e16a-11ed-b367-a96d6180cd25,Sabajón Colombiano,8,Canela molida,canela molida,canela molida,,1,1.0,unidad,canela,molida,,,canela,,,sin_conversion
86afb0ba-e16a-11ed-90d4-a96d6180cd25,Limonada de Coco,3,El jugo de 3 limones grandes,el jugo de 3 limones grandes,el jugo de 3 limones grandes,,1,1.0,unidad,el jugo de 3 limones grandes,,,,jugo de 3 limon,,,sin_conversion
86afb0bc-e16a-11ed-9570-a96d6180cd25,Coco Loco Colombiano,1,Cubos de hielo,cubos de hielo,cubos de hielo,,1,1.0,unidad,hielo,cubos,,,hielo,,,sin_conversion
86afb0bc-e16a-11ed-9570-a96d6180cd25,Coco Loco Colombiano,7,El jugo de 3 limones,el jugo de 3 limones,el jugo de 3 limones,,1,1.0,unidad,el jugo de 3 limones,,,,jugo de 3 limon,,,sin_conversion
86afb0bc-e16a-11ed-9570-a96d6180cd25,Coco Loco Colombiano,8,Rodajas de limón para servir,rodajas de limon para servir,rodajas de limon para servir,,1,1.0,unidad,limon para servir,rodajas,,,limon para servir,,,sin_conversion
86afb0bd-e16a-11ed-b7ce-a96d6180cd25,Caspiroleta Colombiana,3,2 palitos de canela,2 palitos de canela,palitos de canela,,2,2.0,unidad,palitos de canela,,,,palito de canela,,,sin_conversion
86afb0bd-e16a-11ed-b7ce-a96d6180cd25,Caspiroleta Colombiana,4,2 yemas de huevo,2 yemas de huevo,yemas de huevo,,2,2.0,unidad,yemas de huevo,,,,yema de huevo,,,sin_conversion
86afb0bd-e16a-11ed-b7ce-a96d6180cd25,Caspiroleta Colombiana,7,Canela molida para servir,canela molida para servir,canela molida para servir,,1,1.0,unidad,canela para servir,molida,,,canela para servir,,,sin_conversion
86afb0be-e16a-11ed-9887-a96d6180cd25,Candil,3,2 palitos de canela,2 palitos de canela,palitos de canela,,2,2.0,unidad,palitos de canela,,,,palito de canela,,,sin_conversion
86afb0be-e16a-11ed-9887-a96d6180cd25,Candil,4,2 yemas de huevo,2 yemas de huevo,yemas de huevo,,2,2.0,unidad,yemas de huevo,,,,yema de huevo,,,sin_conversion
86afb0be-e16a-11ed-9887-a96d6180cd25,Candil,5,Canela molida para servir,canela molida para servir,canela molida para servir,,1,1.0,unidad,canela para servir,molida,,,canela para servir,,,sin_conversion
86afb0bf-e16a-11ed-aba6-a96d6180cd25,Aromática de Frutas,5,12 hojas de menta fresca,12 hojas de menta fresca,menta fresca,hoja,12,12.0,hojas,menta,fresca,,,menta,,,sin_conversion
86afb0bf-e16a-11ed-aba6-a96d6180cd25,Aromática de Frutas,6,Azúcar o miel a su gusto,azucar o miel a su gusto,azucar o miel a su gusto,,1,1.0,unidad,azucar o miel a su gusto,,,,azucar o miel a su gusto,,,sin_conversion
86afb0c1-e16a-11ed-ae1f-a96d6180cd25,Guarapo Costeño,3,Jugo de 3 limones o a tu gusto.,jugo de 3 limones o a tu gusto.,jugo de 3 limones o a tu gusto.,,1,1.0,unidad,jugo de 3 limones o a tu gusto.,,,,jugo de 3 limon o a tu gusto,,,sin_conversion
86afb0c2-e16a-11ed-8b48-a96d6180cd25,Aguardiente Sour,5,1 clara de huevo ligeramente batida,1 clara de huevo ligeramente batida,clara de huevo ligeramente batida,,1,1.0,unidad,clara de huevo ligeramente,batida,,,clara de huevo ligeramente,,,sin_conversion
86afb0c4-e16a-11ed-a395-a96d6180cd25,Chocolate en Leche de Coco,5,Azúcar al gusto,azucar al gusto,azucar al gusto,,1,1.0,unidad,azucar,,,,azucar,,,sin_conversion
86afb0c5-e16a-11ed-a968-a96d6180cd25,Fresa Colada,5,Ron blanco a tu gusto,ron blanco a tu gusto,ron blanco a tu gusto,,1,1.0,unidad,ron blanco a tu gusto,,,,ron a tu gusto,,,sin_conversion
86afb0c6-e16a-11ed-a43c-a96d6180cd25,Atol Colombiano,2,Panela rallada o azúcar morena a su gusto,panela rallada o azucar morena a su gusto,panela rallada o azucar morena a su gusto,,1,1.0,unidad,panela o azucar morena a su gusto,rallada,,,panela o azucar morena a su gusto,,,sin_conversion
86afb0c8-e16a-11ed-b342-a96d6180cd25,Limonada de Piña,1,"1 piña pelada, cortada en trozos de tamauño medio","1 pina pelada, cortada en trozos de tamauno medio","pina pelada, cortada en trozos de tamauno medio",,1,1.0,unidad,"pina pelada, de tamauno 1/2",cortada en trozos,,,pina de tamauno 1 2,,,sin_conversion
86afb0c9-e16a-11ed-87f8-a96d6180cd25,Colada de Piña,3,1 piña pelada y cortada en trozos de tamaño mediano,1 pina pelada y cortada en trozos de tamano mediano,pina pelada y cortada en trozos de tamano mediano,,1,1.0,unidad,pina y de tamano,pelada cortada en trozos mediano,,,pina y de tamano,,,sin_conversion
86afb0ca-e16a-11ed-8fa8-a96d6180cd25,Champús,3,7 lulos pelados y en puré,7 lulos pelados y en pure,lulos pelados y en pure,,7,7.0,unidad,lulos pelados y en pure,,,,lulo y en pure,,,sin_conversion
86afb0ca-e16a-11ed-8fa8-a96d6180cd25,Champús,4,1 piña pelada y picada,1 pina pelada y picada,pina pelada y picada,,1,1.0,unidad,pina y,pelada picada,,,pina,,,sin_conversion
86afb0ca-e16a-11ed-8fa8-a96d6180cd25,Champús,5,4 hojas de naranjo o 1 cucharadita de ralladura de naranja,4 hojas de naranjo o 1 cucharadita de ralladura de naranja,naranjo o 1 cucharadita de ralladura de naranja,hoja,4,4.0,hojas,naranjo o 1 cucharadita de de naranja,ralladura,,,naranjo o 1 cucharadita de de naranja,,,sin_conversion
86afb0ca-e16a-11ed-8fa8-a96d6180cd25,Champús,6,2 palitos de canela,2 palitos de canela,palitos de canela,,2,2.0,unidad,palitos de canela,,,,palito de canela,,,sin_conversion
86afb0ca-e16a-11ed-8fa8-a96d6180cd25,Champús,7,5 clavos enteros,5 clavos enteros,clavos enteros,,5,5.0,unidad,clavos enteros,,,,clavo entero,,,sin_conversion
86afb0cb-e16a-11ed-9e79-a96d6180cd25,Fresco de Aguacate,1,1 aguacate maduro pelado y picado.,1 aguacate maduro pelado y picado.,aguacate maduro pelado y picado.,,1,1.0,unidad,aguacate y picado.,maduro pelado,,,aguacate,,,sin_conversion
86afb0cb-e16a-11ed-9e79-a96d6180cd25,Fresco de Aguacate,4,Hielo picado,hielo picado,hielo picado,,1,1.0,unidad,hielo,picado,,,hielo,,,sin_conversion
86afb0cc-e16a-11ed-a94a-a96d6180cd25,Chicha de Maíz,2,La cascara de 1 piña madura,la cascara de 1 pina madura,la cascara de 1 pina madura,,1,1.0,unidad,la cascara de 1 pina,madura,,,cascara de 1 pina,,,sin_conversion
86afb0cc-e16a-11ed-a94a-a96d6180cd25,Chicha de Maíz,4,2 palitos de canela,2 palitos de canela,palitos de canela,,2,2.0,unidad,palitos de canela,,,,palito de canela,,,sin_conversion
86afb0ce-e16a-11ed-8a9b-a96d6180cd25,Mazamorra Antioqueña,3,Leche para servir,leche para servir,leche para servir,,1,1.0,unidad,leche para servir,,,,leche para servir,,,sin_conversion
86afb0ce-e16a-11ed-8a9b-a96d6180cd25,Mazamorra Antioqueña,4,Panela o guayaba pasta para servir,panela o guayaba pasta para servir,panela o guayaba pasta para servir,,1,1.0,unidad,panela o guayaba pasta para servir,,,,panela o guayaba pasta para servir,,,sin_conversion
86afb0cf-e16a-11ed-abcb-a96d6180cd25,Chocolate Caliente con Arequipe o Dulce de Leche,6,Pizca de sal,pizca de sal,pizca de sal,,1,1.0,pizca,sal,,,,sal,,,sin_conversion
86afb0d1-e16a-11ed-9609-a96d6180cd25,Masato de Arroz,3,1 palo de canela,1 palo de canela,palo de canela,,1,1.0,unidad,palo de canela,,,,palo de canela,,,sin_conversion
86afb0d1-e16a-11ed-9609-a96d6180cd25,Masato de Arroz,4,2 clavos de olor,2 clavos de olor,clavos de olor,,2,2.0,unidad,clavos de olor,,,,clavo de olor,,,sin_conversion
86afb0d1-e16a-11ed-9609-a96d6180cd25,Masato de Arroz,6,Canela en polvo para servir,canela en polvo para servir,canela en polvo para servir,,1,1.0,unidad,canela en polvo para servir,,,,canela en polvo para servir,,,sin_conversion
86afb0d4-e16a-11ed-a1e5-a96d6180cd25,Carajillo,2,Azuúcar a su gusto,azuucar a su gusto,azuucar a su gusto,,1,1.0,unidad,azuucar a su gusto,,,,azuucar a su gusto,,,sin_conversion
86afb0d4-e16a-11ed-a1e5-a96d6180cd25,Carajillo,3,Brandy o ron a su gusto,brandy o ron a su gusto,brandy o ron a su gusto,,1,1.0,unidad,brandy o ron a su gusto,,,,brandy o ron a su gusto,,,sin_conversion
86afb0d5-e16a-11ed-b143-a96d6180cd25,Canelazo,3,4 ramas de canela,4 ramas de canela,ramas de canela,,4,4.0,ramas,canela,,,,canela,,,sin_conversion
86afb0d5-e16a-11ed-b143-a96d6180cd25,Canelazo,5,Azúcar para decorar el pocillo,azucar para decorar el pocillo,azucar para decorar el pocillo,,1,1.0,unidad,azucar el pocillo,,,,azucar el pocillo,,,sin_conversion
86afb0d6-e16a-11ed-942f-a96d6180cd25,Malteada de Arequipe o Dulce de Leche,3,1 y ½ tazas de hielo picado,1 y 1/2 tazas de hielo picado,y 1/2 tazas de hielo picado,,1,1.0,unidad,y 1/2 tazas de hielo,picado,,,1 2 taza de hielo,,,sin_conversion
86afb0d6-e16a-11ed-942f-a96d6180cd25,Malteada de Arequipe o Dulce de Leche,4,Pizca de canela,pizca de canela,pizca de canela,,1,1.0,pizca,canela,,,,canela,,,sin_conversion
86afb0d9-e16a-11ed-81dd-a96d6180cd25,Jugo de Banano en Leche,2,2 bananos maduros grandes pelados y cortados en trozos,2 bananos maduros grandes pelados y cortados en trozos,bananos maduros grandes pelados y cortados en trozos,,2,2.0,unidad,bananos maduros grandes pelados y,cortados en trozos,,,banano maduro,,,sin_conversion
86afb0d9-e16a-11ed-81dd-a96d6180cd25,Jugo de Banano en Leche,5,Pizca de canela molida,pizca de canela molida,pizca de canela molida,,1,1.0,pizca,canela,molida,,,canela,,,sin_conversion
86afb0da-e16a-11ed-aaf3-a96d6180cd25,Avena Colombiana,4,1 astilla de canela,1 astilla de canela,astilla de canela,,1,1.0,unidad,astilla de canela,,,,astilla de canela,,,sin_conversion
86afb0da-e16a-11ed-aaf3-a96d6180cd25,Avena Colombiana,5,Una pizca de clavo de olor molido,una pizca de clavo de olor molido,una pizca de clavo de olor molido,,1,1.0,pizca,clavo de olor,molido,,,clavo de olor,,,sin_conversion
86afb0db-e16a-11ed-a38a-a96d6180cd25,Torta Tres Leches de Mandarina,6,4 huevos grandes a temperatura ambiente,4 huevos grandes a temperatura ambiente,huevos grandes a temperatura ambiente,,4,4.0,unidad,huevos grandes a temperatura ambiente,,,,huevo a temperatura ambiente,,,sin_conversion
86afb0db-e16a-11ed-a38a-a96d6180cd25,Torta Tres Leches de Mandarina,10,1 lata de leche evaporada,1 lata de leche evaporada,leche evaporada,lata,1,1.0,lata,leche evaporada,,,,leche evaporada,,,sin_conversion
86afb0db-e16a-11ed-a38a-a96d6180cd25,Torta Tres Leches de Mandarina,11,1 lata de leche condensada dulce,1 lata de leche condensada dulce,leche condensada dulce,lata,1,1.0,lata,leche condensada dulce,,,,leche condensada dulce,,,sin_conversion
86afb0db-e16a-11ed-a38a-a96d6180cd25,Torta Tres Leches de Mandarina,14,Cubierta,cubierta,cubierta,,1,1.0,unidad,cubierta,,,,cubierta,,,sin_conversion
86afb0db-e16a-11ed-a38a-a96d6180cd25,Torta Tres Leches de Mandarina,15,2 claras de huevo,2 claras de huevo,claras de huevo,,2,2.0,unidad,claras de huevo,,,,clara de huevo,,,sin_conversion
86afb0dc-e16a-11ed-9dd1-a96d6180cd25,Pionono de Arequipe Y Coco,1,5 huevos separados,5 huevos separados,huevos separados,,5,5.0,unidad,huevos separados,,,,huevo separado,,,sin_conversion
86afb0dc-e16a-11ed-9dd1-a96d6180cd25,Pionono de Arequipe Y Coco,5,Azúcar en polvo,azucar en polvo,azucar en polvo,,1,1.0,unidad,azucar en polvo,,,,azucar en polvo,,,sin_conversion
86afb0dd-e16a-11ed-9118-a96d6180cd25,Torta María Luisa,10,Azúcar en polvo para decorar,azucar en polvo para decorar,azucar en polvo para decorar,,1,1.0,unidad,azucar en polvo,,,,azucar en polvo,,,sin_conversion
86afb0de-e16a-11ed-b0de-a96d6180cd25,Torta de Tres Leches de Chocolate,10,1 lata de leche condensada,1 lata de leche condensada,leche condensada,lata,1,1.0,lata,leche condensada,,,,leche condensada,,,sin_conversion
86afb0de-e16a-11ed-b0de-a96d6180cd25,Torta de Tres Leches de Chocolate,11,1 lata de leche evaporada,1 lata de leche evaporada,leche evaporada,lata,1,1.0,lata,leche evaporada,,,,leche evaporada,,,sin_conversion
86afb0de-e16a-11ed-b0de-a96d6180cd25,Torta de Tres Leches de Chocolate,14,3 claras de huevo,3 claras de huevo,claras de huevo,,3,3.0,unidad,claras de huevo,,,,clara de huevo,,,sin_conversion
86afd897-e16a-11ed-ae90-a96d6180cd25,Torta de Café,1,2 y ½ tazas de harina para todo uso,2 y 1/2 tazas de harina para todo uso,y 1/2 tazas de harina para todo uso,,2,2.0,unidad,y 1/2 tazas de harina para todo uso,,,,1 2 taza de harina para todo uso,,,sin_conversion
86afd897-e16a-11ed-ae90-a96d6180cd25,Torta de Café,5,3 huevos a temperatura ambiente,3 huevos a temperatura ambiente,huevos a temperatura ambiente,,3,3.0,unidad,huevos a temperatura ambiente,,,,huevo a temperatura ambiente,,,sin_conversion
86afd898-e16a-11ed-8589-a96d6180cd25,Buñuelos Colombianos,1,Aceite vegetal para freír,aceite vegetal para freir,aceite vegetal para freir,,1,1.0,unidad,aceite vegetal para freir,,,,aceite vegetal,,,sin_conversion
86afd898-e16a-11ed-8589-a96d6180cd25,Buñuelos Colombianos,9,Una pizca de sal,una pizca de sal,una pizca de sal,,1,1.0,pizca,sal,,,,sal,,,sin_conversion
86afd899-e16a-11ed-970c-a96d6180cd25,Torta de Plátano Maduro con Bocadillo y Queso,3,3 huevos batidos,3 huevos batidos,huevos batidos,,3,3.0,unidad,huevos batidos,,,,huevo batido,,,sin_conversion
86afd89b-e16a-11ed-82bb-a96d6180cd25,Torta Negra Colombiana,8,12 huevos grandes a temperatura ambiente,12 huevos grandes a temperatura ambiente,huevos grandes a temperatura ambiente,,12,12.0,unidad,huevos grandes a temperatura ambiente,,,,huevo a temperatura ambiente,,,sin_conversion
86afd89c-e16a-11ed-99b9-a96d6180cd25,Torta de Tres Leches,9,1 lata de leche condensada,1 lata de leche condensada,leche condensada,lata,1,1.0,lata,leche condensada,,,,leche condensada,,,sin_conversion
86afd89c-e16a-11ed-99b9-a96d6180cd25,Torta de Tres Leches,10,1 lata de leche evaporada,1 lata de leche evaporada,leche evaporada,lata,1,1.0,lata,leche evaporada,,,,leche evaporada,,,sin_conversion
86afd89c-e16a-11ed-99b9-a96d6180cd25,Torta de Tres Leches,13,2 claras de huevo,2 claras de huevo,claras de huevo,,2,2.0,unidad,claras de huevo,,,,clara de huevo,,,sin_conversion
86afd89e-e16a-11ed-a11b-a96d6180cd25,Pan Aliñado Colombiano,3,1 + ¼ cucharadita de sal,1 1/4 cucharadita de sal,1/4 cucharadita de sal,,1,1.0,unidad,1/4 cucharadita de sal,,,,1 4 cucharadita de sal,,,sin_conversion
86afd89e-e16a-11ed-a11b-a96d6180cd25,Pan Aliñado Colombiano,4,1 paquete de levadura de crecimiento rápido,1 paquete de levadura de crecimiento rapido,levadura de crecimiento rapido,paquete,1,1.0,paquete,levadura de crecimiento rapido,,,,levadura de crecimiento rapido,,,sin_conversion
86afd89f-e16a-11ed-9270-a96d6180cd25,Pan Blandito Colombiano,1,2-1 / 4 tazas de harina para todo uso,2 1/4 tazas de harina para todo uso,/ 4 tazas de harina para todo uso,,2,2.0,unidad,1/4 tazas de harina para todo uso,,,,1 4 taza de harina para todo uso,,,sin_conversion
86afd89f-e16a-11ed-9270-a96d6180cd25,Pan Blandito Colombiano,2,1 sobre de levadura instantanea,1 sobre de levadura instantanea,levadura instantanea,sobre,1,1.0,sobre,levadura instantanea,,,,levadura instantanea,,,sin_conversion
86afd89f-e16a-11ed-9270-a96d6180cd25,Pan Blandito Colombiano,8,Queso Mozzarella opcional,queso mozzarella opcional,queso mozzarella opcional,,1,1.0,unidad,queso mozzarella,,,,queso mozzarella,,,sin_conversion
86afd89f-e16a-11ed-9270-a96d6180cd25,Pan Blandito Colombiano,9,Bocadillo opcional,bocadillo opcional,bocadillo opcional,,1,1.0,unidad,bocadillo,,,,bocadillo,,,sin_conversion
86afd8a0-e16a-11ed-a103-a96d6180cd25,Tres Leches de Café,5,Extracto de vainilla 1 cucharadita,extracto de vainilla 1 cucharadita,extracto de vainilla 1 cucharadita,,1,1.0,unidad,extracto de vainilla 1 cucharadita,,,,extracto de vainilla 1 cucharadita,,,sin_conversion
86afd8a0-e16a-11ed-a103-a96d6180cd25,Tres Leches de Café,9,1 lata de leche condensada,1 lata de leche condensada,leche condensada,lata,1,1.0,lata,leche condensada,,,,leche condensada,,,sin_conversion
86afd8a0-e16a-11ed-a103-a96d6180cd25,Tres Leches de Café,10,1 lata de leche evaporada,1 lata de leche evaporada,leche evaporada,lata,1,1.0,lata,leche evaporada,,,,leche evaporada,,,sin_conversion
86afd8a0-e16a-11ed-a103-a96d6180cd25,Tres Leches de Café,14,2 claras de huevo,2 claras de huevo,claras de huevo,,2,2.0,unidad,claras de huevo,,,,clara de huevo,,,sin_conversion
86afd8a1-e16a-11ed-93d1-a96d6180cd25,Pan Trenza,4,1 paquete de levadura de crecimiento rápido,1 paquete de levadura de crecimiento rapido,levadura de crecimiento rapido,paquete,1,1.0,paquete,levadura de crecimiento rapido,,,,levadura de crecimiento rapido,,,sin_conversion
86afd8a1-e16a-11ed-93d1-a96d6180cd25,Pan Trenza,7,3 huevos a temperatura ambiente,3 huevos a temperatura ambiente,huevos a temperatura ambiente,,3,3.0,unidad,huevos a temperatura ambiente,,,,huevo a temperatura ambiente,,,sin_conversion
86afd8a2-e16a-11ed-a384-a96d6180cd25,Mogolla Chicharrona,1,1 sobre de levadura,1 sobre de levadura,levadura,sobre,1,1.0,sobre,levadura,,,,levadura,,,sin_conversion
86afd8a2-e16a-11ed-a384-a96d6180cd25,Mogolla Chicharrona,7,2 huevos grandes a temperatura ambiente,2 huevos grandes a temperatura ambiente,huevos grandes a temperatura ambiente,,2,2.0,unidad,huevos grandes a temperatura ambiente,,,,huevo a temperatura ambiente,,,sin_conversion
86afd8a2-e16a-11ed-a384-a96d6180cd25,Mogolla Chicharrona,8,1 huevo batido para el glaseado,1 huevo batido para el glaseado,huevo batido para el glaseado,,1,1.0,unidad,huevo para el glaseado,batido,,,huevo para el glaseado,,,sin_conversion
86afd8a3-e16a-11ed-a371-a96d6180cd25,Torta de Plátano Maduro,3,3 huevos batidos,3 huevos batidos,huevos batidos,,3,3.0,unidad,huevos batidos,,,,huevo batido,,,sin_conversion
86afd8a4-e16a-11ed-b3cd-a96d6180cd25,Roscón de Bocadillo o Guayaba Colombiano,1,2 y ¼ cucharaditas de levadura,2 y 1/4 cucharaditas de levadura,y 1/4 cucharaditas de levadura,,2,2.0,unidad,y 1/4 cucharaditas de levadura,,,,1 4 cucharadita de levadura,,,sin_conversion
86afd8a4-e16a-11ed-b3cd-a96d6180cd25,Roscón de Bocadillo o Guayaba Colombiano,8,2 huevos grandes a temperatura ambiente,2 huevos grandes a temperatura ambiente,huevos grandes a temperatura ambiente,,2,2.0,unidad,huevos grandes a temperatura ambiente,,,,huevo a temperatura ambiente,,,sin_conversion
86afd8a4-e16a-11ed-b3cd-a96d6180cd25,Roscón de Bocadillo o Guayaba Colombiano,9,1 huevo batido para el esmalte,1 huevo batido para el esmalte,huevo batido para el esmalte,,1,1.0,unidad,huevo para el esmalte,batido,,,huevo para el esmalte,,,sin_conversion
86afd8a5-e16a-11ed-8996-a96d6180cd25,Brazo de Reina,1,4 huevos separados,4 huevos separados,huevos separados,,4,4.0,unidad,huevos separados,,,,huevo separado,,,sin_conversion
86afd8a5-e16a-11ed-8996-a96d6180cd25,Brazo de Reina,3,1 cucahradita de extracto de vainilla,1 cucahradita de extracto de vainilla,cucahradita de extracto de vainilla,,1,1.0,unidad,cucahradita de extracto de vainilla,,,,cucahradita de extracto de vainilla,,,sin_conversion
86afd8a5-e16a-11ed-8996-a96d6180cd25,Brazo de Reina,6,Para el relleno,para el relleno,para el relleno,,1,1.0,unidad,,,,,,,,sin_conversion
86afd8a6-e16a-11ed-bbcc-a96d6180cd25,Mantecada,4,2 barras de mantequilla sin sal,2 barras de mantequilla sin sal,barras de mantequilla sin sal,,2,2.0,unidad,barras de mantequilla sin sal,,,,barra de mantequilla sin sal,,,sin_conversion
86afd8a7-e16a-11ed-b9d4-a96d6180cd25,Mojicones o Pan Mojicón,8,2 huevos grandes a temperatura ambiente,2 huevos grandes a temperatura ambiente,huevos grandes a temperatura ambiente,,2,2.0,unidad,huevos grandes a temperatura ambiente,,,,huevo a temperatura ambiente,,,sin_conversion
86afd8a7-e16a-11ed-b9d4-a96d6180cd25,Mojicones o Pan Mojicón,9,1 huevo batido para el glaseado,1 huevo batido para el glaseado,huevo batido para el glaseado,,1,1.0,unidad,huevo para el glaseado,batido,,,huevo para el glaseado,,,sin_conversion
86afd8a8-e16a-11ed-95e5-a96d6180cd25,Pan de Queso Colombiano,9,Sal al gusto,sal al gusto,sal al gusto,,1,1.0,unidad,sal,,,,sal,,,sin_conversion
86afd8a9-e16a-11ed-ba7a-a96d6180cd25,Enyucado Colombiano,2,1 y ½ tazas de queso rallado,1 y 1/2 tazas de queso rallado,y 1/2 tazas de queso rallado,,1,1.0,unidad,y 1/2 tazas de queso,rallado,,,1 2 taza de queso,,,sin_conversion
86afd8ab-e16a-11ed-b117-a96d6180cd25,Ají Picante Colombiano,1,1 ají picante rojo,1 aji picante rojo,aji picante rojo,,1,1.0,unidad,aji picante rojo,,,,aji picante,,,sin_conversion
86afd8ad-e16a-11ed-af91-a96d6180cd25,Salsa de Aliños,1,½ pimentón verde mediano picado,1/2 pimenton verde mediano picado,pimenton verde mediano picado,,1/2,0.5,unidad,pimenton verde,mediano picado,,,pimenton,,,sin_conversion
86afd8ad-e16a-11ed-af91-a96d6180cd25,Salsa de Aliños,2,½ pimentón rojo mediano picado,1/2 pimenton rojo mediano picado,pimenton rojo mediano picado,,1/2,0.5,unidad,pimenton rojo,mediano picado,,,pimenton,,,sin_conversion
86afd8ad-e16a-11ed-af91-a96d6180cd25,Salsa de Aliños,4,4 cebollas largas picadas,4 cebollas largas picadas,cebollas largas picadas,,4,4.0,unidad,cebollas largas,picadas,,,cebolla larga,,,sin_conversion
86afd8ad-e16a-11ed-af91-a96d6180cd25,Salsa de Aliños,6,3 dientes de ajo machacados,3 dientes de ajo machacados,ajo machacados,diente,3,3.0,dientes,ajo machacados,,,,ajo machacado,,,sin_conversion
86afd8ae-e16a-11ed-9c8c-a96d6180cd25,Salsa Rosada o Salsa Golf,4,Sal y pimienta recién molida,sal y pimienta recien molida,sal y pimienta recien molida,,1,1.0,unidad,sal y pimienta recien,molida,,,sal y pimienta recien,,,sin_conversion
86afd8af-e16a-11ed-9fe0-a96d6180cd25,Salsa de Aguacate,1,2 aguacates pequeños,2 aguacates pequenos,aguacates pequenos,,2,2.0,unidad,aguacates pequenos,,,,aguacat,,,sin_conversion
86afd8b0-e16a-11ed-a60e-a96d6180cd25,Salsa de Ajo,4,Sal al gusto,sal al gusto,sal al gusto,,1,1.0,unidad,sal,,,,sal,,,sin_conversion
86afd8b1-e16a-11ed-a587-a96d6180cd25,Chuletas de Cerdo con Salsa de Ciruelas,1,4 chuletas de cerdo,4 chuletas de cerdo,chuletas de cerdo,,4,4.0,unidad,chuletas de cerdo,,,,chuleta de cerdo,,,sin_conversion
86afd8b1-e16a-11ed-a587-a96d6180cd25,Chuletas de Cerdo con Salsa de Ciruelas,10,Una pizca de sal,una pizca de sal,una pizca de sal,,1,1.0,pizca,sal,,,,sal,,,sin_conversion
86afd8b2-e16a-11ed-93a6-a96d6180cd25,Ají de Aguacate,1,2 aguacates,2 aguacates,aguacates,,2,2.0,unidad,aguacates,,,,aguacat,,,sin_conversion
86afd8b2-e16a-11ed-93a6-a96d6180cd25,Ají de Aguacate,2,1 ají,1 aji,aji,,1,1.0,unidad,aji,,,,aji,,,sin_conversion
86afd8b2-e16a-11ed-93a6-a96d6180cd25,Ají de Aguacate,3,1 huevo duro picado,1 huevo duro picado,huevo duro picado,,1,1.0,unidad,huevo duro,picado,,,huevo duro,,,sin_conversion
86afd8b2-e16a-11ed-93a6-a96d6180cd25,Ají de Aguacate,4,Jugo de dos limones,jugo de dos limones,jugo de dos limones,,1,1.0,unidad,jugo de dos limones,,,,jugo de dos limon,,,sin_conversion
86afd8b2-e16a-11ed-93a6-a96d6180cd25,Ají de Aguacate,5,Sal al gusto,sal al gusto,sal al gusto,,1,1.0,unidad,sal,,,,sal,,,sin_conversion
86afd8b2-e16a-11ed-93a6-a96d6180cd25,Ají de Aguacate,8,2 cebollas largas cortadas en trozos pequeños,2 cebollas largas cortadas en trozos pequenos,cebollas largas cortadas en trozos pequenos,,2,2.0,unidad,cebollas largas pequenos,cortadas en trozos,,,cebolla larga,,,sin_conversion
86afd8b3-e16a-11ed-8e4e-a96d6180cd25,Carne con Chimichurri al Estilo Colombiano,2,El jugo de ½ limón,el jugo de 1/2 limon,el jugo de 1/2 limon,,1,1.0,unidad,el jugo de 1/2 limon,,,,jugo de 1 2 limon,,,sin_conversion
86afd8b3-e16a-11ed-8e4e-a96d6180cd25,Carne con Chimichurri al Estilo Colombiano,13,Sal y pimienta,sal y pimienta,sal y pimienta,,1,1.0,unidad,sal y pimienta,,,,sal y pimienta,,,sin_conversion
86afd8b4-e16a-11ed-aa75-a96d6180cd25,Vinagreta de Aguacate,1,2 aguacates maduros pequeños,2 aguacates maduros pequenos,aguacates maduros pequenos,,2,2.0,unidad,aguacates maduros pequenos,,,,aguacat maduro,,,sin_conversion
86afd8b4-e16a-11ed-aa75-a96d6180cd25,Vinagreta de Aguacate,2,Jugo de1 limón,jugo de1 limon,jugo de1 limon,,1,1.0,unidad,jugo de1 limon,,,,jugo de1 limon,,,sin_conversion
86afd8b4-e16a-11ed-aa75-a96d6180cd25,Vinagreta de Aguacate,7,Sal y pimienta al gusto,sal y pimienta al gusto,sal y pimienta al gusto,,1,1.0,unidad,sal y pimienta,,,,sal y pimienta,,,sin_conversion
86afd8b5-e16a-11ed-bbea-a96d6180cd25,Ají de Uchuvas,3,1 ají cortados en cubitos,1 aji cortados en cubitos,aji cortados en cubitos,,1,1.0,unidad,aji,cortados en cubitos,,,aji,,,sin_conversion
86afd8b5-e16a-11ed-bbea-a96d6180cd25,Ají de Uchuvas,4,1 cebolla larga picada,1 cebolla larga picada,cebolla larga picada,,1,1.0,unidad,cebolla larga,picada,,,cebolla larga,,,sin_conversion
86afd8b5-e16a-11ed-bbea-a96d6180cd25,Ají de Uchuvas,8,Sal al gusto,sal al gusto,sal al gusto,,1,1.0,unidad,sal,,,,sal,,,sin_conversion
86afd8b7-e16a-11ed-9bf1-a96d6180cd25,Ají de Maní,1,2 cebollas largas cortadas en trozos pequeños,2 cebollas largas cortadas en trozos pequenos,cebollas largas cortadas en trozos pequenos,,2,2.0,unidad,cebollas largas pequenos,cortadas en trozos,,,cebolla larga,,,sin_conversion
86afd8b8-e16a-11ed-bcfc-a96d6180cd25,Guacamole,1,2 aguacates maduros pequeuños,2 aguacates maduros pequeunos,aguacates maduros pequeunos,,2,2.0,unidad,aguacates maduros pequeunos,,,,aguacat maduro pequeuno,,,sin_conversion
86afd8b8-e16a-11ed-bcfc-a96d6180cd25,Guacamole,2,1 limón,1 limon,limon,,1,1.0,unidad,limon,,,,limon,,,sin_conversion
